/Users/bilalmac2/Library/Python/3.9/lib/python/site-packages/urllib3/__init__.py:34: NotOpenSSLWarning: urllib3 v2.0 only supports OpenSSL 1.1.1+, currently the 'ssl' module is compiled with 'LibreSSL 2.8.3'. See: https://github.com/urllib3/urllib3/issues/3020
  warnings.warn(
2026-04-05 18:03:47,719 [INFO] ======================================================================
2026-04-05 18:03:47,719 [INFO] WARN Publisher — 2026-04-06T01:03:47.719123Z
2026-04-05 18:03:47,719 [INFO] ======================================================================
2026-04-05 18:03:47,719 [INFO] Step 1/5: Running monitor …
2026-04-05 18:03:47,719 [INFO] ============================================================
2026-04-05 18:03:47,719 [INFO] WARN Monitor — 2026-04-06T01:03:47.719548Z
2026-04-05 18:03:47,719 [INFO] ============================================================
2026-04-05 18:03:47,721 [INFO] Requesting WARN XLSX from EDD …
2026-04-05 18:03:56,583 [INFO] EDD server: 304 Not Modified — data unchanged.
2026-04-05 18:03:56,589 [INFO] Parsing /Users/bilalmac2/git_repo/warn/file.xlsx …
2026-04-05 18:03:57,607 [INFO] Available sheets: ['Index', 'WARN Report Summary', 'Detailed WARN Report ', 'Call Center Relocations Summary', 'Call Center Relocations Report', 'Industry List']
2026-04-05 18:03:57,608 [INFO] Using sheet: 'Detailed WARN Report '
/Users/bilalmac2/Library/Python/3.9/lib/python/site-packages/openpyxl/worksheet/_reader.py:329: UserWarning: Data Validation extension is not supported and will be removed
  warn(msg)
2026-04-05 18:03:58,367 [INFO] Detailed sheet columns: ['County/Parish', 'Notice\nDate', 'Processed\nDate', 'Effective \nDate', 'Company', 'Layoff/\nClosure', 'No. Of\nEmployees', 'Address', 'Related Industry']
2026-04-05 18:03:59,095 [INFO] Parsed 1099 WARN records spanning 2025-01-05 → 2026-12-30
Traceback (most recent call last):
  File "/Users/bilalmac2/git_repo/warn/warn_publish.py", line 535, in <module>
    run(no_push=args.no_push, force=args.force, skip_history=args.skip_history)
  File "/Users/bilalmac2/git_repo/warn/warn_publish.py", line 476, in run
    monitor_result = warn_monitor.run(force=force)
  File "/Users/bilalmac2/git_repo/warn/warn_monitor.py", line 430, in run
    diff = detect_changes(df)
  File "/Users/bilalmac2/git_repo/warn/warn_monitor.py", line 352, in detect_changes
    old_keys = {key(r) for r in old_records}
  File "/Users/bilalmac2/git_repo/warn/warn_monitor.py", line 352, in <setcomp>
    old_keys = {key(r) for r in old_records}
  File "/Users/bilalmac2/git_repo/warn/warn_monitor.py", line 350, in key
    return f"{r.get('company','')}__{r.get('effective_date','')}__{r.get('employees','')}"
AttributeError: 'str' object has no attribute 'get'
/Users/bilalmac2/Library/Python/3.9/lib/python/site-packages/urllib3/__init__.py:34: NotOpenSSLWarning: urllib3 v2.0 only supports OpenSSL 1.1.1+, currently the 'ssl' module is compiled with 'LibreSSL 2.8.3'. See: https://github.com/urllib3/urllib3/issues/3020
  warnings.warn(
2026-04-06 06:01:45,530 [INFO] ======================================================================
2026-04-06 06:01:45,530 [INFO] WARN Publisher — 2026-04-06T13:01:45.530128Z
2026-04-06 06:01:45,530 [INFO] ======================================================================
2026-04-06 06:01:45,530 [INFO] Step 1/5: Running monitor …
2026-04-06 06:01:45,530 [INFO] ============================================================
2026-04-06 06:01:45,530 [INFO] WARN Monitor — 2026-04-06T13:01:45.530507Z
2026-04-06 06:01:45,530 [INFO] ============================================================
2026-04-06 06:01:45,531 [INFO] Requesting WARN XLSX from EDD …
2026-04-06 06:01:49,679 [INFO] EDD server: 304 Not Modified — data unchanged.
2026-04-06 06:01:49,681 [INFO] Parsing /Users/bilalmac2/git_repo/warn/file.xlsx …
2026-04-06 06:01:49,887 [INFO] Available sheets: ['Index', 'WARN Report Summary', 'Detailed WARN Report ', 'Call Center Relocations Summary', 'Call Center Relocations Report', 'Industry List']
2026-04-06 06:01:49,887 [INFO] Using sheet: 'Detailed WARN Report '
/Users/bilalmac2/Library/Python/3.9/lib/python/site-packages/openpyxl/worksheet/_reader.py:329: UserWarning: Data Validation extension is not supported and will be removed
  warn(msg)
2026-04-06 06:01:50,029 [INFO] Detailed sheet columns: ['County/Parish', 'Notice\nDate', 'Processed\nDate', 'Effective \nDate', 'Company', 'Layoff/\nClosure', 'No. Of\nEmployees', 'Address', 'Related Industry']
2026-04-06 06:01:50,198 [INFO] Parsed 1099 WARN records spanning 2025-01-05 → 2026-12-30
Traceback (most recent call last):
  File "/Users/bilalmac2/git_repo/warn/warn_publish.py", line 535, in <module>
    run(no_push=args.no_push, force=args.force, skip_history=args.skip_history)
  File "/Users/bilalmac2/git_repo/warn/warn_publish.py", line 476, in run
    monitor_result = warn_monitor.run(force=force)
  File "/Users/bilalmac2/git_repo/warn/warn_monitor.py", line 430, in run
    diff = detect_changes(df)
  File "/Users/bilalmac2/git_repo/warn/warn_monitor.py", line 352, in detect_changes
    old_keys = {key(r) for r in old_records}
  File "/Users/bilalmac2/git_repo/warn/warn_monitor.py", line 352, in <setcomp>
    old_keys = {key(r) for r in old_records}
  File "/Users/bilalmac2/git_repo/warn/warn_monitor.py", line 350, in key
    return f"{r.get('company','')}__{r.get('effective_date','')}__{r.get('employees','')}"
AttributeError: 'str' object has no attribute 'get'
/Users/bilalmac2/Library/Python/3.9/lib/python/site-packages/urllib3/__init__.py:34: NotOpenSSLWarning: urllib3 v2.0 only supports OpenSSL 1.1.1+, currently the 'ssl' module is compiled with 'LibreSSL 2.8.3'. See: https://github.com/urllib3/urllib3/issues/3020
  warnings.warn(
2026-04-06 18:00:01,617 [INFO] ======================================================================
2026-04-06 18:00:01,617 [INFO] WARN Publisher — 2026-04-07T01:00:01.617195Z
2026-04-06 18:00:01,617 [INFO] ======================================================================
2026-04-06 18:00:01,617 [INFO] Step 1/5: Running monitor …
2026-04-06 18:00:01,617 [INFO] ============================================================
2026-04-06 18:00:01,617 [INFO] WARN Monitor — 2026-04-07T01:00:01.617713Z
2026-04-06 18:00:01,617 [INFO] ============================================================
2026-04-06 18:00:01,618 [INFO] Requesting WARN XLSX from EDD …
2026-04-06 18:00:01,970 [INFO] EDD server: 304 Not Modified — data unchanged.
2026-04-06 18:00:01,971 [INFO] Parsing /Users/bilalmac2/git_repo/warn/file.xlsx …
2026-04-06 18:00:02,244 [INFO] Available sheets: ['Index', 'WARN Report Summary', 'Detailed WARN Report ', 'Call Center Relocations Summary', 'Call Center Relocations Report', 'Industry List']
2026-04-06 18:00:02,244 [INFO] Using sheet: 'Detailed WARN Report '
/Users/bilalmac2/Library/Python/3.9/lib/python/site-packages/openpyxl/worksheet/_reader.py:329: UserWarning: Data Validation extension is not supported and will be removed
  warn(msg)
2026-04-06 18:00:02,428 [INFO] Detailed sheet columns: ['County/Parish', 'Notice\nDate', 'Processed\nDate', 'Effective \nDate', 'Company', 'Layoff/\nClosure', 'No. Of\nEmployees', 'Address', 'Related Industry']
2026-04-06 18:00:02,620 [INFO] Parsed 1099 WARN records spanning 2025-01-05 → 2026-12-30
Traceback (most recent call last):
  File "/Users/bilalmac2/git_repo/warn/warn_publish.py", line 535, in <module>
    run(no_push=args.no_push, force=args.force, skip_history=args.skip_history)
  File "/Users/bilalmac2/git_repo/warn/warn_publish.py", line 476, in run
    monitor_result = warn_monitor.run(force=force)
  File "/Users/bilalmac2/git_repo/warn/warn_monitor.py", line 430, in run
    diff = detect_changes(df)
  File "/Users/bilalmac2/git_repo/warn/warn_monitor.py", line 352, in detect_changes
    old_keys = {key(r) for r in old_records}
  File "/Users/bilalmac2/git_repo/warn/warn_monitor.py", line 352, in <setcomp>
    old_keys = {key(r) for r in old_records}
  File "/Users/bilalmac2/git_repo/warn/warn_monitor.py", line 350, in key
    return f"{r.get('company','')}__{r.get('effective_date','')}__{r.get('employees','')}"
AttributeError: 'str' object has no attribute 'get'
/Users/bilalmac2/Library/Python/3.9/lib/python/site-packages/urllib3/__init__.py:34: NotOpenSSLWarning: urllib3 v2.0 only supports OpenSSL 1.1.1+, currently the 'ssl' module is compiled with 'LibreSSL 2.8.3'. See: https://github.com/urllib3/urllib3/issues/3020
  warnings.warn(
2026-04-07 06:12:21,099 [INFO] ======================================================================
2026-04-07 06:12:21,099 [INFO] WARN Publisher — 2026-04-07T13:12:21.099596Z
2026-04-07 06:12:21,099 [INFO] ======================================================================
2026-04-07 06:12:21,100 [INFO] Step 1/5: Running monitor …
2026-04-07 06:12:21,100 [INFO] ============================================================
2026-04-07 06:12:21,100 [INFO] WARN Monitor — 2026-04-07T13:12:21.100126Z
2026-04-07 06:12:21,100 [INFO] ============================================================
2026-04-07 06:12:21,101 [INFO] Requesting WARN XLSX from EDD …
2026-04-07 06:12:30,433 [INFO] EDD server: 304 Not Modified — data unchanged.
2026-04-07 06:12:30,439 [INFO] Parsing /Users/bilalmac2/git_repo/warn/file.xlsx …
2026-04-07 06:12:32,147 [INFO] Available sheets: ['Index', 'WARN Report Summary', 'Detailed WARN Report ', 'Call Center Relocations Summary', 'Call Center Relocations Report', 'Industry List']
2026-04-07 06:12:32,147 [INFO] Using sheet: 'Detailed WARN Report '
/Users/bilalmac2/Library/Python/3.9/lib/python/site-packages/openpyxl/worksheet/_reader.py:329: UserWarning: Data Validation extension is not supported and will be removed
  warn(msg)
2026-04-07 06:12:33,140 [INFO] Detailed sheet columns: ['County/Parish', 'Notice\nDate', 'Processed\nDate', 'Effective \nDate', 'Company', 'Layoff/\nClosure', 'No. Of\nEmployees', 'Address', 'Related Industry']
2026-04-07 06:12:34,086 [INFO] Parsed 1099 WARN records spanning 2025-01-05 → 2026-12-30
2026-04-07 06:12:34,150 [INFO] No data changes detected.
2026-04-07 06:12:34,242 [INFO] Saved 1099 records to /Users/bilalmac2/git_repo/warn/data/warn_latest.json
2026-04-07 06:12:34,242 [INFO] Monitor run complete.
2026-04-07 06:12:34,243 [INFO] Step 2/5: Generating diff report …
2026-04-07 06:12:35,017 [INFO] Step 3/5: Updating historical data …
2026-04-07 06:12:35,019 [INFO] Year 2014: already parsed — skipping (use --force to re-parse)
2026-04-07 06:12:35,019 [INFO] Year 2015: already parsed — skipping (use --force to re-parse)
2026-04-07 06:12:35,020 [INFO] Year 2016: already parsed — skipping (use --force to re-parse)
2026-04-07 06:12:35,021 [INFO] Year 2017: already parsed — skipping (use --force to re-parse)
2026-04-07 06:12:35,021 [INFO] Year 2018: already parsed — skipping (use --force to re-parse)
2026-04-07 06:12:35,022 [INFO] Year 2019: already parsed — skipping (use --force to re-parse)
2026-04-07 06:12:35,022 [INFO] Year 2020: already parsed — skipping (use --force to re-parse)
2026-04-07 06:12:35,023 [INFO] Year 2021: already parsed — skipping (use --force to re-parse)
2026-04-07 06:12:35,023 [INFO] Year 2022: already parsed — skipping (use --force to re-parse)
2026-04-07 06:12:35,024 [INFO] Year 2023: already parsed — skipping (use --force to re-parse)
2026-04-07 06:12:35,025 [INFO] Year 2024: already parsed — skipping (use --force to re-parse)
2026-04-07 06:12:35,153 [INFO] Combined dataset: 1,400 records across 12 years
2026-04-07 06:12:35,154 [INFO] Step 4/5: Generating charts …
2026-04-07 06:12:35,258 [INFO] Loaded 1099 records for charting.
2026-04-07 06:12:35,282 [INFO] Historical data: 1,400 records across 12 years
2026-04-07 06:12:35,283 [INFO] Chart 1: Timeline scatter …
2026-04-07 06:12:38,940 [INFO] Chromium init'ed with kwargs {}
2026-04-07 06:12:38,996 [INFO] Found chromium path: /Applications/Google Chrome.app/Contents/MacOS/Google Chrome
2026-04-07 06:12:39,003 [INFO] Temp directory created: /var/folders/2l/_mqykd2n143bpj9ts872cs5m0000gn/T/tmpnr3qx7ii.
2026-04-07 06:12:39,006 [INFO] Opening browser.
2026-04-07 06:12:39,009 [INFO] Temp directory created: /var/folders/2l/_mqykd2n143bpj9ts872cs5m0000gn/T/tmphge969h_.
2026-04-07 06:12:39,010 [INFO] Temporary directory at: /var/folders/2l/_mqykd2n143bpj9ts872cs5m0000gn/T/tmphge969h_
2026-04-07 06:12:45,179 [INFO] Conforming 1 to file:///var/folders/2l/_mqykd2n143bpj9ts872cs5m0000gn/T/tmpnr3qx7ii/index.html
2026-04-07 06:12:45,181 [INFO] Waiting on all navigates
2026-04-07 06:12:51,666 [INFO] All navigates done, putting them all in queue.
2026-04-07 06:12:51,671 [INFO] Getting tab from queue (has 1)
2026-04-07 06:12:51,671 [INFO] Got 3460
2026-04-07 06:12:51,672 [INFO] Processing bWARN_Notices__Employees_by_Effective_Dateb.png
2026-04-07 06:12:51,672 [INFO] Sending big command for bWARN_Notices__Employees_by_Effective_Dateb.png.
2026-04-07 06:13:03,374 [INFO] Sent big command for bWARN_Notices__Employees_by_Effective_Dateb.png.
2026-04-07 06:13:03,405 [INFO] Reloading tab 3460 before return.
2026-04-07 06:13:04,842 [INFO] Putting tab 3460 back (queue size: 0).
2026-04-07 06:13:04,843 [INFO] Waiting for all cleanups to finish.
2026-04-07 06:13:04,843 [INFO] Exiting Kaleido
2026-04-07 06:13:04,843 [INFO] Closing browser.
2026-04-07 06:13:04,853 [INFO] Closing browser.
2026-04-07 06:13:04,856 [INFO] TemporaryDirectory.cleanup() worked.
2026-04-07 06:13:04,857 [INFO] shutil.rmtree worked.
2026-04-07 06:13:04,858 [INFO] Cancelling tasks.
2026-04-07 06:13:04,858 [INFO] Exiting Kaleido/Choreo
2026-04-07 06:13:06,175 [INFO] TemporaryDirectory.cleanup() worked.
2026-04-07 06:13:06,175 [INFO] shutil.rmtree worked.
2026-04-07 06:13:06,176 [INFO] TemporaryDirectory.cleanup() worked.
2026-04-07 06:13:06,177 [INFO] shutil.rmtree worked.
2026-04-07 06:13:06,177 [INFO] Cancelling tasks.
2026-04-07 06:13:06,178 [INFO] Exiting Kaleido/Choreo
2026-04-07 06:13:06,183 [INFO]   → PNG: /Users/bilalmac2/git_repo/warn/docs/charts/1_timeline_scatter.png
2026-04-07 06:13:06,184 [INFO]   → HTML div: /Users/bilalmac2/git_repo/warn/docs/charts/1_timeline_scatter.html
2026-04-07 06:13:06,185 [INFO] Chart 2: Monthly bar chart …
2026-04-07 06:13:06,349 [INFO] Chromium init'ed with kwargs {}
2026-04-07 06:13:06,351 [INFO] Found chromium path: /Applications/Google Chrome.app/Contents/MacOS/Google Chrome
2026-04-07 06:13:06,352 [INFO] Temp directory created: /var/folders/2l/_mqykd2n143bpj9ts872cs5m0000gn/T/tmp5o1fm7wm.
2026-04-07 06:13:06,353 [INFO] Opening browser.
2026-04-07 06:13:06,355 [INFO] Temp directory created: /var/folders/2l/_mqykd2n143bpj9ts872cs5m0000gn/T/tmp_kekoq5y.
2026-04-07 06:13:06,356 [INFO] Temporary directory at: /var/folders/2l/_mqykd2n143bpj9ts872cs5m0000gn/T/tmp_kekoq5y
2026-04-07 06:16:55,409 [INFO] Conforming 1 to file:///var/folders/2l/_mqykd2n143bpj9ts872cs5m0000gn/T/tmp5o1fm7wm/index.html
2026-04-07 06:16:55,423 [INFO] Waiting on all navigates
2026-04-07 06:16:57,916 [INFO] All navigates done, putting them all in queue.
2026-04-07 06:16:57,918 [INFO] Getting tab from queue (has 1)
2026-04-07 06:16:57,918 [INFO] Got A519
2026-04-07 06:16:57,918 [INFO] Processing bMonthly_Layoffs__Total_Employees_Affectedb.png
2026-04-07 06:16:57,918 [INFO] Sending big command for bMonthly_Layoffs__Total_Employees_Affectedb.png.
2026-04-07 06:16:58,078 [INFO] Sent big command for bMonthly_Layoffs__Total_Employees_Affectedb.png.
2026-04-07 06:16:58,080 [INFO] Reloading tab A519 before return.
2026-04-07 06:16:58,638 [INFO] Putting tab A519 back (queue size: 0).
2026-04-07 06:16:58,638 [INFO] Waiting for all cleanups to finish.
2026-04-07 06:16:58,638 [INFO] Exiting Kaleido
2026-04-07 06:16:58,638 [INFO] Closing browser.
2026-04-07 06:16:58,643 [INFO] Closing browser.
2026-04-07 06:16:58,644 [INFO] TemporaryDirectory.cleanup() worked.
2026-04-07 06:16:58,645 [INFO] shutil.rmtree worked.
2026-04-07 06:16:58,645 [INFO] Cancelling tasks.
2026-04-07 06:16:58,645 [INFO] Exiting Kaleido/Choreo
2026-04-07 06:16:59,054 [INFO] TemporaryDirectory.cleanup() worked.
2026-04-07 06:16:59,054 [INFO] shutil.rmtree worked.
2026-04-07 06:16:59,054 [INFO] TemporaryDirectory.cleanup() worked.
2026-04-07 06:16:59,054 [INFO] shutil.rmtree worked.
2026-04-07 06:16:59,054 [INFO] Cancelling tasks.
2026-04-07 06:16:59,054 [INFO] Exiting Kaleido/Choreo
2026-04-07 06:16:59,056 [INFO]   → PNG: /Users/bilalmac2/git_repo/warn/docs/charts/2_monthly_bar.png
2026-04-07 06:16:59,056 [INFO]   → HTML div: /Users/bilalmac2/git_repo/warn/docs/charts/2_monthly_bar.html
2026-04-07 06:16:59,057 [INFO] Chart 3: Rolling trend …
2026-04-07 06:16:59,107 [INFO] TemporaryDirectory.cleanup() worked.
2026-04-07 06:16:59,107 [INFO] shutil.rmtree worked.
2026-04-07 06:16:59,108 [INFO] TemporaryDirectory.cleanup() worked.
2026-04-07 06:16:59,108 [INFO] shutil.rmtree worked.
2026-04-07 06:16:59,116 [INFO] Chromium init'ed with kwargs {}
2026-04-07 06:16:59,117 [INFO] Found chromium path: /Applications/Google Chrome.app/Contents/MacOS/Google Chrome
2026-04-07 06:16:59,117 [INFO] Temp directory created: /var/folders/2l/_mqykd2n143bpj9ts872cs5m0000gn/T/tmp686_dy06.
2026-04-07 06:16:59,117 [INFO] Opening browser.
2026-04-07 06:16:59,118 [INFO] Temp directory created: /var/folders/2l/_mqykd2n143bpj9ts872cs5m0000gn/T/tmpjkyfb73p.
2026-04-07 06:16:59,118 [INFO] Temporary directory at: /var/folders/2l/_mqykd2n143bpj9ts872cs5m0000gn/T/tmpjkyfb73p
2026-04-07 06:17:00,388 [INFO] Conforming 1 to file:///var/folders/2l/_mqykd2n143bpj9ts872cs5m0000gn/T/tmp686_dy06/index.html
2026-04-07 06:17:00,396 [INFO] Waiting on all navigates
2026-04-07 06:17:01,362 [INFO] All navigates done, putting them all in queue.
2026-04-07 06:17:01,364 [INFO] Getting tab from queue (has 1)
2026-04-07 06:17:01,364 [INFO] Got 03B4
2026-04-07 06:17:01,364 [INFO] Processing bLayoff_Trend__Daily_30_Day_Average__Cumulativeb.png
2026-04-07 06:17:01,364 [INFO] Sending big command for bLayoff_Trend__Daily_30_Day_Average__Cumulativeb.png.
2026-04-07 06:17:01,606 [INFO] Sent big command for bLayoff_Trend__Daily_30_Day_Average__Cumulativeb.png.
2026-04-07 06:17:01,610 [INFO] Reloading tab 03B4 before return.
2026-04-07 06:17:01,733 [INFO] Putting tab 03B4 back (queue size: 0).
2026-04-07 06:17:01,733 [INFO] Waiting for all cleanups to finish.
2026-04-07 06:17:01,733 [INFO] Exiting Kaleido
2026-04-07 06:17:01,733 [INFO] Closing browser.
2026-04-07 06:17:01,734 [INFO] Closing browser.
2026-04-07 06:17:01,735 [INFO] TemporaryDirectory.cleanup() worked.
2026-04-07 06:17:01,735 [INFO] shutil.rmtree worked.
2026-04-07 06:17:01,736 [INFO] Cancelling tasks.
2026-04-07 06:17:01,736 [INFO] Exiting Kaleido/Choreo
2026-04-07 06:17:01,969 [INFO] TemporaryDirectory.cleanup() worked.
2026-04-07 06:17:01,970 [INFO] shutil.rmtree worked.
2026-04-07 06:17:01,970 [INFO] TemporaryDirectory.cleanup() worked.
2026-04-07 06:17:01,970 [INFO] shutil.rmtree worked.
2026-04-07 06:17:01,970 [INFO] Cancelling tasks.
2026-04-07 06:17:01,970 [INFO] Exiting Kaleido/Choreo
2026-04-07 06:17:01,972 [INFO]   → PNG: /Users/bilalmac2/git_repo/warn/docs/charts/3_rolling_trend.png
2026-04-07 06:17:01,972 [INFO]   → HTML div: /Users/bilalmac2/git_repo/warn/docs/charts/3_rolling_trend.html
2026-04-07 06:17:01,973 [INFO] Chart 4: Top-25 companies …
2026-04-07 06:17:02,006 [INFO] Chromium init'ed with kwargs {}
2026-04-07 06:17:02,006 [INFO] Found chromium path: /Applications/Google Chrome.app/Contents/MacOS/Google Chrome
2026-04-07 06:17:02,006 [INFO] Temp directory created: /var/folders/2l/_mqykd2n143bpj9ts872cs5m0000gn/T/tmp8_dw9yd4.
2026-04-07 06:17:02,007 [INFO] Opening browser.
2026-04-07 06:17:02,007 [INFO] Temp directory created: /var/folders/2l/_mqykd2n143bpj9ts872cs5m0000gn/T/tmpcckosnkp.
2026-04-07 06:17:02,007 [INFO] Temporary directory at: /var/folders/2l/_mqykd2n143bpj9ts872cs5m0000gn/T/tmpcckosnkp
2026-04-07 06:17:03,727 [INFO] Conforming 1 to file:///var/folders/2l/_mqykd2n143bpj9ts872cs5m0000gn/T/tmp8_dw9yd4/index.html
2026-04-07 06:17:03,732 [INFO] Waiting on all navigates
2026-04-07 06:17:08,530 [INFO] All navigates done, putting them all in queue.
2026-04-07 06:17:08,537 [INFO] Getting tab from queue (has 1)
2026-04-07 06:17:08,537 [INFO] Got 4228
2026-04-07 06:17:08,538 [INFO] Processing bTop_25_Filtered_Companies_by_Total_Employees_Affectedb.png
2026-04-07 06:17:08,538 [INFO] Sending big command for bTop_25_Filtered_Companies_by_Total_Employees_Affectedb.png.
2026-04-07 06:17:09,322 [INFO] Sent big command for bTop_25_Filtered_Companies_by_Total_Employees_Affectedb.png.
2026-04-07 06:17:09,337 [INFO] Reloading tab 4228 before return.
2026-04-07 06:17:09,866 [INFO] Putting tab 4228 back (queue size: 0).
2026-04-07 06:17:09,866 [INFO] Waiting for all cleanups to finish.
2026-04-07 06:17:09,867 [INFO] Exiting Kaleido
2026-04-07 06:17:09,867 [INFO] Closing browser.
2026-04-07 06:17:09,876 [INFO] Closing browser.
2026-04-07 06:17:09,880 [INFO] TemporaryDirectory.cleanup() worked.
2026-04-07 06:17:09,881 [INFO] shutil.rmtree worked.
2026-04-07 06:17:09,881 [INFO] Cancelling tasks.
2026-04-07 06:17:09,881 [INFO] Exiting Kaleido/Choreo
2026-04-07 06:17:10,782 [INFO] TemporaryDirectory.cleanup() worked.
2026-04-07 06:17:10,783 [INFO] shutil.rmtree worked.
2026-04-07 06:17:10,783 [INFO] TemporaryDirectory.cleanup() worked.
2026-04-07 06:17:10,784 [INFO] shutil.rmtree worked.
2026-04-07 06:17:10,785 [INFO] Cancelling tasks.
2026-04-07 06:17:10,785 [INFO] Exiting Kaleido/Choreo
2026-04-07 06:17:10,792 [INFO]   → PNG: /Users/bilalmac2/git_repo/warn/docs/charts/4_top_companies.png
2026-04-07 06:17:10,793 [INFO]   → HTML div: /Users/bilalmac2/git_repo/warn/docs/charts/4_top_companies.html
2026-04-07 06:17:10,794 [INFO] Chart 5: County heatmap …
2026-04-07 06:17:10,993 [INFO] Chromium init'ed with kwargs {}
2026-04-07 06:17:10,996 [INFO] Found chromium path: /Applications/Google Chrome.app/Contents/MacOS/Google Chrome
2026-04-07 06:17:10,997 [INFO] Temp directory created: /var/folders/2l/_mqykd2n143bpj9ts872cs5m0000gn/T/tmpvccujqog.
2026-04-07 06:17:11,000 [INFO] Opening browser.
2026-04-07 06:17:11,002 [INFO] Temp directory created: /var/folders/2l/_mqykd2n143bpj9ts872cs5m0000gn/T/tmpgc1k1uzi.
2026-04-07 06:17:11,003 [INFO] Temporary directory at: /var/folders/2l/_mqykd2n143bpj9ts872cs5m0000gn/T/tmpgc1k1uzi
2026-04-07 06:17:14,621 [INFO] Conforming 1 to file:///var/folders/2l/_mqykd2n143bpj9ts872cs5m0000gn/T/tmpvccujqog/index.html
2026-04-07 06:17:14,626 [INFO] Waiting on all navigates
2026-04-07 06:17:19,435 [INFO] All navigates done, putting them all in queue.
2026-04-07 06:17:19,441 [INFO] Getting tab from queue (has 1)
2026-04-07 06:17:19,442 [INFO] Got 874E
2026-04-07 06:17:19,443 [INFO] Processing bCounty__Month_Heatmap__Employees_Affectedb.png
2026-04-07 06:17:19,443 [INFO] Sending big command for bCounty__Month_Heatmap__Employees_Affectedb.png.
2026-04-07 06:17:20,297 [INFO] Sent big command for bCounty__Month_Heatmap__Employees_Affectedb.png.
2026-04-07 06:17:20,310 [INFO] Reloading tab 874E before return.
2026-04-07 06:17:20,848 [INFO] Putting tab 874E back (queue size: 0).
2026-04-07 06:17:20,848 [INFO] Waiting for all cleanups to finish.
2026-04-07 06:17:20,849 [INFO] Exiting Kaleido
2026-04-07 06:17:20,849 [INFO] Closing browser.
2026-04-07 06:17:20,862 [INFO] Closing browser.
2026-04-07 06:17:20,864 [INFO] TemporaryDirectory.cleanup() worked.
2026-04-07 06:17:20,865 [INFO] shutil.rmtree worked.
2026-04-07 06:17:20,865 [INFO] Cancelling tasks.
2026-04-07 06:17:20,865 [INFO] Exiting Kaleido/Choreo
2026-04-07 06:17:21,528 [INFO] TemporaryDirectory.cleanup() worked.
2026-04-07 06:17:21,528 [INFO] shutil.rmtree worked.
2026-04-07 06:17:21,529 [INFO] TemporaryDirectory.cleanup() worked.
2026-04-07 06:17:21,530 [INFO] shutil.rmtree worked.
2026-04-07 06:17:21,530 [INFO] Cancelling tasks.
2026-04-07 06:17:21,531 [INFO] Exiting Kaleido/Choreo
2026-04-07 06:17:21,537 [INFO]   → PNG: /Users/bilalmac2/git_repo/warn/docs/charts/5_county_heatmap.png
2026-04-07 06:17:21,537 [INFO]   → HTML div: /Users/bilalmac2/git_repo/warn/docs/charts/5_county_heatmap.html
2026-04-07 06:17:21,539 [INFO] Chart 6: Treemap …
2026-04-07 06:17:21,619 [INFO] TemporaryDirectory.cleanup() worked.
2026-04-07 06:17:21,620 [INFO] shutil.rmtree worked.
2026-04-07 06:17:21,774 [INFO] TemporaryDirectory.cleanup() worked.
2026-04-07 06:17:21,775 [INFO] shutil.rmtree worked.
2026-04-07 06:17:21,775 [INFO] TemporaryDirectory.cleanup() worked.
2026-04-07 06:17:21,776 [INFO] shutil.rmtree worked.
2026-04-07 06:17:22,164 [INFO] Chromium init'ed with kwargs {}
2026-04-07 06:17:22,166 [INFO] Found chromium path: /Applications/Google Chrome.app/Contents/MacOS/Google Chrome
2026-04-07 06:17:22,167 [INFO] Temp directory created: /var/folders/2l/_mqykd2n143bpj9ts872cs5m0000gn/T/tmpobklya6p.
2026-04-07 06:17:22,169 [INFO] Opening browser.
2026-04-07 06:17:22,170 [INFO] Temp directory created: /var/folders/2l/_mqykd2n143bpj9ts872cs5m0000gn/T/tmp9et4yqps.
2026-04-07 06:17:22,171 [INFO] Temporary directory at: /var/folders/2l/_mqykd2n143bpj9ts872cs5m0000gn/T/tmp9et4yqps
2026-04-07 06:17:25,652 [INFO] Conforming 1 to file:///var/folders/2l/_mqykd2n143bpj9ts872cs5m0000gn/T/tmpobklya6p/index.html
2026-04-07 06:17:25,654 [INFO] Waiting on all navigates
2026-04-07 06:17:30,375 [INFO] All navigates done, putting them all in queue.
2026-04-07 06:17:30,381 [INFO] Getting tab from queue (has 1)
2026-04-07 06:17:30,381 [INFO] Got 1666
2026-04-07 06:17:30,382 [INFO] Processing bLayoff_Treemap__Company_Size_by_Employees_Affectedb.png
2026-04-07 06:17:30,382 [INFO] Sending big command for bLayoff_Treemap__Company_Size_by_Employees_Affectedb.png.
2026-04-07 06:17:31,847 [INFO] Sent big command for bLayoff_Treemap__Company_Size_by_Employees_Affectedb.png.
2026-04-07 06:17:31,867 [INFO] Reloading tab 1666 before return.
2026-04-07 06:17:32,419 [INFO] Putting tab 1666 back (queue size: 0).
2026-04-07 06:17:32,419 [INFO] Waiting for all cleanups to finish.
2026-04-07 06:17:32,420 [INFO] Exiting Kaleido
2026-04-07 06:17:32,420 [INFO] Closing browser.
2026-04-07 06:17:32,434 [INFO] Closing browser.
2026-04-07 06:17:32,438 [INFO] TemporaryDirectory.cleanup() worked.
2026-04-07 06:17:32,439 [INFO] shutil.rmtree worked.
2026-04-07 06:17:32,439 [INFO] Cancelling tasks.
2026-04-07 06:17:32,440 [INFO] Exiting Kaleido/Choreo
2026-04-07 06:17:33,326 [INFO] TemporaryDirectory.cleanup() worked.
2026-04-07 06:17:33,326 [INFO] shutil.rmtree worked.
2026-04-07 06:17:33,327 [INFO] TemporaryDirectory.cleanup() worked.
2026-04-07 06:17:33,327 [INFO] shutil.rmtree worked.
2026-04-07 06:17:33,327 [INFO] Cancelling tasks.
2026-04-07 06:17:33,328 [INFO] Exiting Kaleido/Choreo
2026-04-07 06:17:33,333 [INFO]   → PNG: /Users/bilalmac2/git_repo/warn/docs/charts/6_treemap.png
2026-04-07 06:17:33,334 [INFO]   → HTML div: /Users/bilalmac2/git_repo/warn/docs/charts/6_treemap.html
2026-04-07 06:17:33,337 [INFO] Chart 7: Year-over-year bar …
2026-04-07 06:17:33,440 [INFO] TemporaryDirectory.cleanup() worked.
2026-04-07 06:17:33,440 [INFO] shutil.rmtree worked.
2026-04-07 06:17:33,532 [INFO] Chromium init'ed with kwargs {}
2026-04-07 06:17:33,534 [INFO] Found chromium path: /Applications/Google Chrome.app/Contents/MacOS/Google Chrome
2026-04-07 06:17:33,535 [INFO] Temp directory created: /var/folders/2l/_mqykd2n143bpj9ts872cs5m0000gn/T/tmpzwyvvwf1.
2026-04-07 06:17:33,537 [INFO] Opening browser.
2026-04-07 06:17:33,539 [INFO] Temp directory created: /var/folders/2l/_mqykd2n143bpj9ts872cs5m0000gn/T/tmpcf1oc_wm.
2026-04-07 06:17:33,539 [INFO] Temporary directory at: /var/folders/2l/_mqykd2n143bpj9ts872cs5m0000gn/T/tmpcf1oc_wm
2026-04-07 06:17:36,948 [INFO] Conforming 1 to file:///var/folders/2l/_mqykd2n143bpj9ts872cs5m0000gn/T/tmpzwyvvwf1/index.html
2026-04-07 06:17:36,956 [INFO] Waiting on all navigates
2026-04-07 06:17:41,703 [INFO] All navigates done, putting them all in queue.
2026-04-07 06:17:41,711 [INFO] Getting tab from queue (has 1)
2026-04-07 06:17:41,711 [INFO] Got 62D0
2026-04-07 06:17:41,711 [INFO] Processing bYear_over_Year__Employees_Affected__Notice_Count_2014Presentb.png
2026-04-07 06:17:41,712 [INFO] Sending big command for bYear_over_Year__Employees_Affected__Notice_Count_2014Presentb.png.
2026-04-07 06:17:42,560 [INFO] Sent big command for bYear_over_Year__Employees_Affected__Notice_Count_2014Presentb.png.
2026-04-07 06:17:42,576 [INFO] Reloading tab 62D0 before return.
2026-04-07 06:17:43,092 [INFO] Putting tab 62D0 back (queue size: 0).
2026-04-07 06:17:43,093 [INFO] Waiting for all cleanups to finish.
2026-04-07 06:17:43,093 [INFO] Exiting Kaleido
2026-04-07 06:17:43,094 [INFO] Closing browser.
2026-04-07 06:17:43,109 [INFO] Closing browser.
2026-04-07 06:17:43,111 [INFO] TemporaryDirectory.cleanup() worked.
2026-04-07 06:17:43,112 [INFO] shutil.rmtree worked.
2026-04-07 06:17:43,112 [INFO] Cancelling tasks.
2026-04-07 06:17:43,112 [INFO] Exiting Kaleido/Choreo
2026-04-07 06:34:08,610 [INFO] TemporaryDirectory.cleanup() worked.
2026-04-07 06:34:08,610 [INFO] shutil.rmtree worked.
2026-04-07 06:34:08,610 [INFO] TemporaryDirectory.cleanup() worked.
2026-04-07 06:34:08,611 [INFO] shutil.rmtree worked.
2026-04-07 06:34:08,611 [INFO] Cancelling tasks.
2026-04-07 06:34:08,611 [INFO] Exiting Kaleido/Choreo
2026-04-07 06:34:08,613 [INFO]   → PNG: /Users/bilalmac2/git_repo/warn/docs/charts/7_yoy_bar.png
2026-04-07 06:34:08,613 [INFO]   → HTML div: /Users/bilalmac2/git_repo/warn/docs/charts/7_yoy_bar.html
2026-04-07 06:34:08,613 [INFO] Chart 8: Multi-year trend …
/Users/bilalmac2/git_repo/warn/warn_charts.py:463: UserWarning: Could not infer format, so each element will be parsed individually, falling back to `dateutil`. To ensure parsing is consistent and as-expected, please specify a format.
  df_all["effective_date"] = pd.to_datetime(df_all["effective_date"], errors="coerce")
2026-04-07 06:34:08,775 [INFO] Chromium init'ed with kwargs {}
2026-04-07 06:34:08,776 [INFO] Found chromium path: /Applications/Google Chrome.app/Contents/MacOS/Google Chrome
2026-04-07 06:34:08,777 [INFO] Temp directory created: /var/folders/2l/_mqykd2n143bpj9ts872cs5m0000gn/T/tmp3qkpqpgj.
2026-04-07 06:34:08,777 [INFO] Opening browser.
2026-04-07 06:34:08,778 [INFO] Temp directory created: /var/folders/2l/_mqykd2n143bpj9ts872cs5m0000gn/T/tmpuvksamov.
2026-04-07 06:34:08,778 [INFO] Temporary directory at: /var/folders/2l/_mqykd2n143bpj9ts872cs5m0000gn/T/tmpuvksamov
2026-04-07 06:34:10,365 [INFO] Conforming 1 to file:///var/folders/2l/_mqykd2n143bpj9ts872cs5m0000gn/T/tmp3qkpqpgj/index.html
2026-04-07 06:34:10,391 [INFO] Waiting on all navigates
2026-04-07 06:34:23,789 [INFO] All navigates done, putting them all in queue.
2026-04-07 06:34:23,794 [INFO] Getting tab from queue (has 1)
2026-04-07 06:34:23,794 [INFO] Got 94C4
2026-04-07 06:34:23,795 [INFO] Processing bMulti_Year_Monthly_Comparison__Employees_Affected_by_Monthb.png
2026-04-07 06:34:23,796 [INFO] Sending big command for bMulti_Year_Monthly_Comparison__Employees_Affected_by_Monthb.png.
2026-04-07 06:34:24,489 [INFO] Sent big command for bMulti_Year_Monthly_Comparison__Employees_Affected_by_Monthb.png.
2026-04-07 06:34:24,504 [INFO] Reloading tab 94C4 before return.
2026-04-07 06:51:34,888 [INFO] Putting tab 94C4 back (queue size: 0).
2026-04-07 06:51:34,888 [INFO] Waiting for all cleanups to finish.
2026-04-07 06:51:34,889 [INFO] Exiting Kaleido
2026-04-07 06:51:34,889 [INFO] Closing browser.
2026-04-07 06:51:34,890 [INFO] Closing browser.
2026-04-07 06:51:34,891 [INFO] TemporaryDirectory.cleanup() worked.
2026-04-07 06:51:34,891 [INFO] shutil.rmtree worked.
2026-04-07 06:51:34,891 [INFO] Cancelling tasks.
2026-04-07 06:51:34,891 [INFO] Exiting Kaleido/Choreo
2026-04-07 06:51:35,018 [INFO] TemporaryDirectory.cleanup() worked.
2026-04-07 06:51:35,018 [INFO] shutil.rmtree worked.
2026-04-07 06:51:35,019 [INFO] TemporaryDirectory.cleanup() worked.
2026-04-07 06:51:35,019 [INFO] shutil.rmtree worked.
2026-04-07 06:51:35,019 [INFO] Cancelling tasks.
2026-04-07 06:51:35,019 [INFO] Exiting Kaleido/Choreo
2026-04-07 06:51:35,020 [INFO]   → PNG: /Users/bilalmac2/git_repo/warn/docs/charts/8_multiyear_trend.png
2026-04-07 06:51:35,021 [INFO]   → HTML div: /Users/bilalmac2/git_repo/warn/docs/charts/8_multiyear_trend.html
2026-04-07 06:51:35,022 [INFO] Charts complete.
2026-04-07 06:51:35,023 [INFO] Step 5/5: Building site …
2026-04-07 06:51:35,023 [INFO] Building index.html …
2026-04-07 06:51:35,030 [INFO] Site built → /Users/bilalmac2/git_repo/warn/docs/index.html
2026-04-07 06:51:35,030 [INFO] Git push …
2026-04-07 06:51:35,030 [INFO] Staging changes …
2026-04-07 06:51:35,150 [INFO] Committing: auto: WARN update 2026-04-07 13:51 UTC
2026-04-07 06:51:35,213 [INFO] Pushing to origin/main …
2026-04-07 06:51:39,736 [INFO] ✓ Pushed successfully.
2026-04-07 06:51:39,737 [INFO] ✓ Publisher complete.
2026-04-07 06:51:39,807 [INFO] TemporaryDirectory.cleanup() worked.
2026-04-07 06:51:39,807 [INFO] shutil.rmtree worked.
2026-04-07 06:51:39,807 [INFO] TemporaryDirectory.cleanup() worked.
2026-04-07 06:51:39,807 [INFO] shutil.rmtree worked.
/Users/bilalmac2/Library/Python/3.9/lib/python/site-packages/urllib3/__init__.py:34: NotOpenSSLWarning: urllib3 v2.0 only supports OpenSSL 1.1.1+, currently the 'ssl' module is compiled with 'LibreSSL 2.8.3'. See: https://github.com/urllib3/urllib3/issues/3020
  warnings.warn(
2026-04-07 18:00:01,558 [INFO] ======================================================================
2026-04-07 18:00:01,558 [INFO] WARN Publisher — 2026-04-08T01:00:01.558450Z
2026-04-07 18:00:01,558 [INFO] ======================================================================
2026-04-07 18:00:01,558 [INFO] Step 1/5: Running monitor …
2026-04-07 18:00:01,558 [INFO] ============================================================
2026-04-07 18:00:01,559 [INFO] WARN Monitor — 2026-04-08T01:00:01.559020Z
2026-04-07 18:00:01,559 [INFO] ============================================================
2026-04-07 18:00:01,559 [INFO] Requesting WARN XLSX from EDD …
2026-04-07 18:00:01,907 [INFO] File changed (hash: 6ba31155 → 1a8a749d)
2026-04-07 18:00:01,909 [INFO] Parsing /Users/bilalmac2/git_repo/warn/file.xlsx …
2026-04-07 18:00:02,173 [INFO] Available sheets: ['Index', 'WARN Report Summary', 'Detailed WARN Report ', 'Call Center Relocations Summary', 'Call Center Relocations Report', 'Industry List']
2026-04-07 18:00:02,173 [INFO] Using sheet: 'Detailed WARN Report '
/Users/bilalmac2/Library/Python/3.9/lib/python/site-packages/openpyxl/worksheet/_reader.py:329: UserWarning: Data Validation extension is not supported and will be removed
  warn(msg)
2026-04-07 18:00:02,367 [INFO] Detailed sheet columns: ['County/Parish', 'Notice\nDate', 'Processed\nDate', 'Effective \nDate', 'Company', 'Layoff/\nClosure', 'No. Of\nEmployees', 'Address', 'Related Industry']
2026-04-07 18:00:02,569 [INFO] Parsed 1140 WARN records spanning 2025-01-05 → 2026-12-30
2026-04-07 18:00:02,582 [INFO] Changes: +41 new, -0 removed records
2026-04-07 18:00:02,603 [INFO] Saved 1140 records to /Users/bilalmac2/git_repo/warn/data/warn_latest.json
2026-04-07 18:00:02,604 [INFO] Monitor run complete.
2026-04-07 18:00:02,604 [INFO] Step 2/5: Generating diff report …
2026-04-07 18:00:02,774 [INFO] Step 3/5: Updating historical data …
2026-04-07 18:00:02,774 [INFO] Year 2014: already parsed — skipping (use --force to re-parse)
2026-04-07 18:00:02,774 [INFO] Year 2015: already parsed — skipping (use --force to re-parse)
2026-04-07 18:00:02,774 [INFO] Year 2016: already parsed — skipping (use --force to re-parse)
2026-04-07 18:00:02,774 [INFO] Year 2017: already parsed — skipping (use --force to re-parse)
2026-04-07 18:00:02,775 [INFO] Year 2018: already parsed — skipping (use --force to re-parse)
2026-04-07 18:00:02,775 [INFO] Year 2019: already parsed — skipping (use --force to re-parse)
2026-04-07 18:00:02,775 [INFO] Year 2020: already parsed — skipping (use --force to re-parse)
2026-04-07 18:00:02,775 [INFO] Year 2021: already parsed — skipping (use --force to re-parse)
2026-04-07 18:00:02,775 [INFO] Year 2022: already parsed — skipping (use --force to re-parse)
2026-04-07 18:00:02,775 [INFO] Year 2023: already parsed — skipping (use --force to re-parse)
2026-04-07 18:00:02,775 [INFO] Year 2024: already parsed — skipping (use --force to re-parse)
2026-04-07 18:00:02,810 [INFO] Combined dataset: 1,441 records across 12 years
2026-04-07 18:00:02,810 [INFO] Step 4/5: Generating charts …
2026-04-07 18:00:02,839 [INFO] Loaded 1140 records for charting.
2026-04-07 18:00:02,843 [INFO] Historical data: 1,441 records across 12 years
2026-04-07 18:00:02,843 [INFO] Chart 1: Timeline scatter …
2026-04-07 18:00:03,874 [INFO] Chromium init'ed with kwargs {}
2026-04-07 18:00:03,885 [INFO] Found chromium path: /Applications/Google Chrome.app/Contents/MacOS/Google Chrome
2026-04-07 18:00:03,889 [INFO] Temp directory created: /var/folders/2l/_mqykd2n143bpj9ts872cs5m0000gn/T/tmpjondafmn.
2026-04-07 18:00:03,890 [INFO] Opening browser.
2026-04-07 18:00:03,890 [INFO] Temp directory created: /var/folders/2l/_mqykd2n143bpj9ts872cs5m0000gn/T/tmp3mqcvcem.
2026-04-07 18:00:03,891 [INFO] Temporary directory at: /var/folders/2l/_mqykd2n143bpj9ts872cs5m0000gn/T/tmp3mqcvcem
2026-04-07 18:00:05,325 [INFO] Conforming 1 to file:///var/folders/2l/_mqykd2n143bpj9ts872cs5m0000gn/T/tmpjondafmn/index.html
2026-04-07 18:00:05,420 [INFO] Waiting on all navigates
2026-04-07 18:00:07,071 [INFO] All navigates done, putting them all in queue.
2026-04-07 18:00:07,072 [INFO] Getting tab from queue (has 1)
2026-04-07 18:00:07,072 [INFO] Got 965E
2026-04-07 18:00:07,073 [INFO] Processing bWARN_Notices__Employees_by_Effective_Dateb.png
2026-04-07 18:00:07,073 [INFO] Sending big command for bWARN_Notices__Employees_by_Effective_Dateb.png.
2026-04-07 18:00:09,377 [INFO] Sent big command for bWARN_Notices__Employees_by_Effective_Dateb.png.
2026-04-07 18:00:09,386 [INFO] Reloading tab 965E before return.
2026-04-07 18:00:09,700 [INFO] Putting tab 965E back (queue size: 0).
2026-04-07 18:00:09,701 [INFO] Waiting for all cleanups to finish.
2026-04-07 18:00:09,701 [INFO] Exiting Kaleido
2026-04-07 18:00:09,701 [INFO] Closing browser.
2026-04-07 18:00:09,704 [INFO] Closing browser.
2026-04-07 18:00:09,705 [INFO] TemporaryDirectory.cleanup() worked.
2026-04-07 18:00:09,705 [INFO] shutil.rmtree worked.
2026-04-07 18:00:09,705 [INFO] Cancelling tasks.
2026-04-07 18:00:09,705 [INFO] Exiting Kaleido/Choreo
2026-04-07 18:00:09,910 [INFO] TemporaryDirectory.cleanup() worked.
2026-04-07 18:00:09,910 [INFO] shutil.rmtree worked.
2026-04-07 18:00:09,910 [INFO] TemporaryDirectory.cleanup() worked.
2026-04-07 18:00:09,911 [INFO] shutil.rmtree worked.
2026-04-07 18:00:09,911 [INFO] Cancelling tasks.
2026-04-07 18:00:09,911 [INFO] Exiting Kaleido/Choreo
2026-04-07 18:00:09,913 [INFO]   → PNG: /Users/bilalmac2/git_repo/warn/docs/charts/1_timeline_scatter.png
2026-04-07 18:00:09,914 [INFO]   → HTML div: /Users/bilalmac2/git_repo/warn/docs/charts/1_timeline_scatter.html
2026-04-07 18:00:09,914 [INFO] Chart 2: Monthly bar chart …
2026-04-07 18:00:09,957 [INFO] Chromium init'ed with kwargs {}
2026-04-07 18:00:09,957 [INFO] Found chromium path: /Applications/Google Chrome.app/Contents/MacOS/Google Chrome
2026-04-07 18:00:09,957 [INFO] Temp directory created: /var/folders/2l/_mqykd2n143bpj9ts872cs5m0000gn/T/tmpmnwa_dni.
2026-04-07 18:00:09,958 [INFO] Opening browser.
2026-04-07 18:00:09,958 [INFO] Temp directory created: /var/folders/2l/_mqykd2n143bpj9ts872cs5m0000gn/T/tmpi_fjehen.
2026-04-07 18:00:09,959 [INFO] Temporary directory at: /var/folders/2l/_mqykd2n143bpj9ts872cs5m0000gn/T/tmpi_fjehen
2026-04-07 18:00:11,216 [INFO] Conforming 1 to file:///var/folders/2l/_mqykd2n143bpj9ts872cs5m0000gn/T/tmpmnwa_dni/index.html
2026-04-07 18:00:11,230 [INFO] Waiting on all navigates
2026-04-07 18:00:12,411 [INFO] All navigates done, putting them all in queue.
2026-04-07 18:00:12,412 [INFO] Getting tab from queue (has 1)
2026-04-07 18:00:12,412 [INFO] Got 17E2
2026-04-07 18:00:12,412 [INFO] Processing bMonthly_Layoffs__Total_Employees_Affectedb.png
2026-04-07 18:00:12,412 [INFO] Sending big command for bMonthly_Layoffs__Total_Employees_Affectedb.png.
2026-04-07 18:00:12,583 [INFO] Sent big command for bMonthly_Layoffs__Total_Employees_Affectedb.png.
2026-04-07 18:00:12,585 [INFO] Reloading tab 17E2 before return.
2026-04-07 18:00:12,718 [INFO] Putting tab 17E2 back (queue size: 0).
2026-04-07 18:00:12,718 [INFO] Waiting for all cleanups to finish.
2026-04-07 18:00:12,718 [INFO] Exiting Kaleido
2026-04-07 18:00:12,718 [INFO] Closing browser.
2026-04-07 18:00:12,721 [INFO] Closing browser.
2026-04-07 18:00:12,721 [INFO] TemporaryDirectory.cleanup() worked.
2026-04-07 18:00:12,722 [INFO] shutil.rmtree worked.
2026-04-07 18:00:12,722 [INFO] Cancelling tasks.
2026-04-07 18:00:12,722 [INFO] Exiting Kaleido/Choreo
2026-04-07 18:00:13,070 [INFO] TemporaryDirectory.cleanup() worked.
2026-04-07 18:00:13,070 [INFO] shutil.rmtree worked.
2026-04-07 18:00:13,070 [INFO] TemporaryDirectory.cleanup() worked.
2026-04-07 18:00:13,071 [INFO] shutil.rmtree worked.
2026-04-07 18:00:13,071 [INFO] Cancelling tasks.
2026-04-07 18:00:13,071 [INFO] Exiting Kaleido/Choreo
2026-04-07 18:00:13,072 [INFO]   → PNG: /Users/bilalmac2/git_repo/warn/docs/charts/2_monthly_bar.png
2026-04-07 18:00:13,072 [INFO]   → HTML div: /Users/bilalmac2/git_repo/warn/docs/charts/2_monthly_bar.html
2026-04-07 18:00:13,073 [INFO] Chart 3: Rolling trend …
2026-04-07 18:00:13,088 [INFO] TemporaryDirectory.cleanup() worked.
2026-04-07 18:00:13,088 [INFO] shutil.rmtree worked.
2026-04-07 18:00:13,089 [INFO] TemporaryDirectory.cleanup() worked.
2026-04-07 18:00:13,089 [INFO] shutil.rmtree worked.
2026-04-07 18:00:13,133 [INFO] Chromium init'ed with kwargs {}
2026-04-07 18:00:13,134 [INFO] Found chromium path: /Applications/Google Chrome.app/Contents/MacOS/Google Chrome
2026-04-07 18:00:13,134 [INFO] Temp directory created: /var/folders/2l/_mqykd2n143bpj9ts872cs5m0000gn/T/tmp76irx5ce.
2026-04-07 18:00:13,134 [INFO] Opening browser.
2026-04-07 18:00:13,135 [INFO] Temp directory created: /var/folders/2l/_mqykd2n143bpj9ts872cs5m0000gn/T/tmpvtqdf0p7.
2026-04-07 18:00:13,135 [INFO] Temporary directory at: /var/folders/2l/_mqykd2n143bpj9ts872cs5m0000gn/T/tmpvtqdf0p7
2026-04-07 18:00:14,488 [INFO] Conforming 1 to file:///var/folders/2l/_mqykd2n143bpj9ts872cs5m0000gn/T/tmp76irx5ce/index.html
2026-04-07 18:00:14,502 [INFO] Waiting on all navigates
2026-04-07 18:00:15,690 [INFO] All navigates done, putting them all in queue.
2026-04-07 18:00:15,691 [INFO] Getting tab from queue (has 1)
2026-04-07 18:00:15,691 [INFO] Got FAA6
2026-04-07 18:00:15,691 [INFO] Processing bLayoff_Trend__Daily_30_Day_Average__Cumulativeb.png
2026-04-07 18:00:15,691 [INFO] Sending big command for bLayoff_Trend__Daily_30_Day_Average__Cumulativeb.png.
2026-04-07 18:00:15,938 [INFO] Sent big command for bLayoff_Trend__Daily_30_Day_Average__Cumulativeb.png.
2026-04-07 18:00:15,942 [INFO] Reloading tab FAA6 before return.
2026-04-07 18:00:16,073 [INFO] Putting tab FAA6 back (queue size: 0).
2026-04-07 18:00:16,073 [INFO] Waiting for all cleanups to finish.
2026-04-07 18:00:16,073 [INFO] Exiting Kaleido
2026-04-07 18:00:16,073 [INFO] Closing browser.
2026-04-07 18:00:16,076 [INFO] Closing browser.
2026-04-07 18:00:16,077 [INFO] TemporaryDirectory.cleanup() worked.
2026-04-07 18:00:16,077 [INFO] shutil.rmtree worked.
2026-04-07 18:00:16,077 [INFO] Cancelling tasks.
2026-04-07 18:00:16,077 [INFO] Exiting Kaleido/Choreo
2026-04-07 18:00:16,319 [INFO] TemporaryDirectory.cleanup() worked.
2026-04-07 18:00:16,319 [INFO] shutil.rmtree worked.
2026-04-07 18:00:16,319 [INFO] TemporaryDirectory.cleanup() worked.
2026-04-07 18:00:16,319 [INFO] shutil.rmtree worked.
2026-04-07 18:00:16,320 [INFO] Cancelling tasks.
2026-04-07 18:00:16,320 [INFO] Exiting Kaleido/Choreo
2026-04-07 18:00:16,322 [INFO]   → PNG: /Users/bilalmac2/git_repo/warn/docs/charts/3_rolling_trend.png
2026-04-07 18:00:16,322 [INFO]   → HTML div: /Users/bilalmac2/git_repo/warn/docs/charts/3_rolling_trend.html
2026-04-07 18:00:16,323 [INFO] Chart 4: Top-25 companies …
2026-04-07 18:00:16,356 [INFO] Chromium init'ed with kwargs {}
2026-04-07 18:00:16,356 [INFO] Found chromium path: /Applications/Google Chrome.app/Contents/MacOS/Google Chrome
2026-04-07 18:00:16,356 [INFO] Temp directory created: /var/folders/2l/_mqykd2n143bpj9ts872cs5m0000gn/T/tmp3ryrok2e.
2026-04-07 18:00:16,357 [INFO] Opening browser.
2026-04-07 18:00:16,357 [INFO] Temp directory created: /var/folders/2l/_mqykd2n143bpj9ts872cs5m0000gn/T/tmph3a4wnf4.
2026-04-07 18:00:16,357 [INFO] Temporary directory at: /var/folders/2l/_mqykd2n143bpj9ts872cs5m0000gn/T/tmph3a4wnf4
2026-04-07 18:00:17,569 [INFO] Conforming 1 to file:///var/folders/2l/_mqykd2n143bpj9ts872cs5m0000gn/T/tmp3ryrok2e/index.html
2026-04-07 18:00:17,576 [INFO] Waiting on all navigates
2026-04-07 18:00:19,067 [INFO] All navigates done, putting them all in queue.
2026-04-07 18:00:19,068 [INFO] Getting tab from queue (has 1)
2026-04-07 18:00:19,068 [INFO] Got 547C
2026-04-07 18:00:19,068 [INFO] Processing bTop_25_Filtered_Companies_by_Total_Employees_Affectedb.png
2026-04-07 18:00:19,068 [INFO] Sending big command for bTop_25_Filtered_Companies_by_Total_Employees_Affectedb.png.
2026-04-07 18:00:19,251 [INFO] Sent big command for bTop_25_Filtered_Companies_by_Total_Employees_Affectedb.png.
2026-04-07 18:00:19,255 [INFO] Reloading tab 547C before return.
2026-04-07 18:00:19,386 [INFO] Putting tab 547C back (queue size: 0).
2026-04-07 18:00:19,387 [INFO] Waiting for all cleanups to finish.
2026-04-07 18:00:19,387 [INFO] Exiting Kaleido
2026-04-07 18:00:19,387 [INFO] Closing browser.
2026-04-07 18:00:19,389 [INFO] Closing browser.
2026-04-07 18:00:19,390 [INFO] TemporaryDirectory.cleanup() worked.
2026-04-07 18:00:19,390 [INFO] shutil.rmtree worked.
2026-04-07 18:00:19,390 [INFO] Cancelling tasks.
2026-04-07 18:00:19,390 [INFO] Exiting Kaleido/Choreo
2026-04-07 18:00:19,670 [INFO] TemporaryDirectory.cleanup() worked.
2026-04-07 18:00:19,670 [INFO] shutil.rmtree worked.
2026-04-07 18:00:19,671 [INFO] TemporaryDirectory.cleanup() worked.
2026-04-07 18:00:19,671 [INFO] shutil.rmtree worked.
2026-04-07 18:00:19,671 [INFO] Cancelling tasks.
2026-04-07 18:00:19,671 [INFO] Exiting Kaleido/Choreo
2026-04-07 18:00:19,672 [INFO]   → PNG: /Users/bilalmac2/git_repo/warn/docs/charts/4_top_companies.png
2026-04-07 18:00:19,672 [INFO]   → HTML div: /Users/bilalmac2/git_repo/warn/docs/charts/4_top_companies.html
2026-04-07 18:00:19,672 [INFO] Chart 5: County heatmap …
2026-04-07 18:00:19,707 [INFO] TemporaryDirectory.cleanup() worked.
2026-04-07 18:00:19,707 [INFO] shutil.rmtree worked.
2026-04-07 18:00:19,707 [INFO] TemporaryDirectory.cleanup() worked.
2026-04-07 18:00:19,707 [INFO] shutil.rmtree worked.
2026-04-07 18:00:19,721 [INFO] Chromium init'ed with kwargs {}
2026-04-07 18:00:19,722 [INFO] Found chromium path: /Applications/Google Chrome.app/Contents/MacOS/Google Chrome
2026-04-07 18:00:19,722 [INFO] Temp directory created: /var/folders/2l/_mqykd2n143bpj9ts872cs5m0000gn/T/tmpq7olvjdq.
2026-04-07 18:00:19,723 [INFO] Opening browser.
2026-04-07 18:00:19,723 [INFO] Temp directory created: /var/folders/2l/_mqykd2n143bpj9ts872cs5m0000gn/T/tmpc10pqdm7.
2026-04-07 18:00:19,723 [INFO] Temporary directory at: /var/folders/2l/_mqykd2n143bpj9ts872cs5m0000gn/T/tmpc10pqdm7
2026-04-07 18:00:21,007 [INFO] Conforming 1 to file:///var/folders/2l/_mqykd2n143bpj9ts872cs5m0000gn/T/tmpq7olvjdq/index.html
2026-04-07 18:00:21,018 [INFO] Waiting on all navigates
2026-04-07 18:00:22,229 [INFO] All navigates done, putting them all in queue.
2026-04-07 18:00:22,231 [INFO] Getting tab from queue (has 1)
2026-04-07 18:00:22,231 [INFO] Got 810D
2026-04-07 18:00:22,231 [INFO] Processing bCounty__Month_Heatmap__Employees_Affectedb.png
2026-04-07 18:00:22,231 [INFO] Sending big command for bCounty__Month_Heatmap__Employees_Affectedb.png.
2026-04-07 18:00:22,469 [INFO] Sent big command for bCounty__Month_Heatmap__Employees_Affectedb.png.
2026-04-07 18:00:22,486 [INFO] Reloading tab 810D before return.
2026-04-07 18:00:22,622 [INFO] Putting tab 810D back (queue size: 0).
2026-04-07 18:00:22,622 [INFO] Waiting for all cleanups to finish.
2026-04-07 18:00:22,622 [INFO] Exiting Kaleido
2026-04-07 18:00:22,622 [INFO] Closing browser.
2026-04-07 18:00:22,625 [INFO] Closing browser.
2026-04-07 18:00:22,626 [INFO] TemporaryDirectory.cleanup() worked.
2026-04-07 18:00:22,626 [INFO] shutil.rmtree worked.
2026-04-07 18:00:22,626 [INFO] Cancelling tasks.
2026-04-07 18:00:22,626 [INFO] Exiting Kaleido/Choreo
2026-04-07 18:00:22,830 [INFO] TemporaryDirectory.cleanup() worked.
2026-04-07 18:00:22,830 [INFO] shutil.rmtree worked.
2026-04-07 18:00:22,830 [INFO] TemporaryDirectory.cleanup() worked.
2026-04-07 18:00:22,831 [INFO] shutil.rmtree worked.
2026-04-07 18:00:22,831 [INFO] Cancelling tasks.
2026-04-07 18:00:22,831 [INFO] Exiting Kaleido/Choreo
2026-04-07 18:00:22,832 [INFO]   → PNG: /Users/bilalmac2/git_repo/warn/docs/charts/5_county_heatmap.png
2026-04-07 18:00:22,832 [INFO]   → HTML div: /Users/bilalmac2/git_repo/warn/docs/charts/5_county_heatmap.html
2026-04-07 18:00:22,833 [INFO] Chart 6: Treemap …
2026-04-07 18:00:22,849 [INFO] TemporaryDirectory.cleanup() worked.
2026-04-07 18:00:22,849 [INFO] shutil.rmtree worked.
2026-04-07 18:00:22,971 [INFO] Chromium init'ed with kwargs {}
2026-04-07 18:00:22,972 [INFO] Found chromium path: /Applications/Google Chrome.app/Contents/MacOS/Google Chrome
2026-04-07 18:00:22,972 [INFO] Temp directory created: /var/folders/2l/_mqykd2n143bpj9ts872cs5m0000gn/T/tmpoye5u8ww.
2026-04-07 18:00:22,972 [INFO] Opening browser.
2026-04-07 18:00:22,973 [INFO] Temp directory created: /var/folders/2l/_mqykd2n143bpj9ts872cs5m0000gn/T/tmpsf_rps4t.
2026-04-07 18:00:22,973 [INFO] Temporary directory at: /var/folders/2l/_mqykd2n143bpj9ts872cs5m0000gn/T/tmpsf_rps4t
2026-04-07 18:00:24,303 [INFO] Conforming 1 to file:///var/folders/2l/_mqykd2n143bpj9ts872cs5m0000gn/T/tmpoye5u8ww/index.html
2026-04-07 18:00:24,312 [INFO] Waiting on all navigates
2026-04-07 18:00:25,523 [INFO] All navigates done, putting them all in queue.
2026-04-07 18:00:25,525 [INFO] Getting tab from queue (has 1)
2026-04-07 18:00:25,525 [INFO] Got 1E24
2026-04-07 18:00:25,525 [INFO] Processing bLayoff_Treemap__Company_Size_by_Employees_Affectedb.png
2026-04-07 18:00:25,525 [INFO] Sending big command for bLayoff_Treemap__Company_Size_by_Employees_Affectedb.png.
2026-04-07 18:00:25,878 [INFO] Sent big command for bLayoff_Treemap__Company_Size_by_Employees_Affectedb.png.
2026-04-07 18:00:25,883 [INFO] Reloading tab 1E24 before return.
2026-04-07 18:00:26,011 [INFO] Putting tab 1E24 back (queue size: 0).
2026-04-07 18:00:26,011 [INFO] Waiting for all cleanups to finish.
2026-04-07 18:00:26,011 [INFO] Exiting Kaleido
2026-04-07 18:00:26,011 [INFO] Closing browser.
2026-04-07 18:00:26,013 [INFO] Closing browser.
2026-04-07 18:00:26,014 [INFO] TemporaryDirectory.cleanup() worked.
2026-04-07 18:00:26,015 [INFO] shutil.rmtree worked.
2026-04-07 18:00:26,015 [INFO] Cancelling tasks.
2026-04-07 18:00:26,015 [INFO] Exiting Kaleido/Choreo
2026-04-07 18:00:26,242 [INFO] TemporaryDirectory.cleanup() worked.
2026-04-07 18:00:26,242 [INFO] shutil.rmtree worked.
2026-04-07 18:00:26,243 [INFO] TemporaryDirectory.cleanup() worked.
2026-04-07 18:00:26,243 [INFO] shutil.rmtree worked.
2026-04-07 18:00:26,243 [INFO] Cancelling tasks.
2026-04-07 18:00:26,243 [INFO] Exiting Kaleido/Choreo
2026-04-07 18:00:26,244 [INFO]   → PNG: /Users/bilalmac2/git_repo/warn/docs/charts/6_treemap.png
2026-04-07 18:00:26,244 [INFO]   → HTML div: /Users/bilalmac2/git_repo/warn/docs/charts/6_treemap.html
2026-04-07 18:00:26,245 [INFO] Chart 7: Year-over-year bar …
2026-04-07 18:00:26,286 [INFO] Chromium init'ed with kwargs {}
2026-04-07 18:00:26,286 [INFO] Found chromium path: /Applications/Google Chrome.app/Contents/MacOS/Google Chrome
2026-04-07 18:00:26,287 [INFO] Temp directory created: /var/folders/2l/_mqykd2n143bpj9ts872cs5m0000gn/T/tmpahvkyte1.
2026-04-07 18:00:26,287 [INFO] Opening browser.
2026-04-07 18:00:26,288 [INFO] Temp directory created: /var/folders/2l/_mqykd2n143bpj9ts872cs5m0000gn/T/tmptezmh96v.
2026-04-07 18:00:26,288 [INFO] Temporary directory at: /var/folders/2l/_mqykd2n143bpj9ts872cs5m0000gn/T/tmptezmh96v
2026-04-07 18:00:27,636 [INFO] Conforming 1 to file:///var/folders/2l/_mqykd2n143bpj9ts872cs5m0000gn/T/tmpahvkyte1/index.html
2026-04-07 18:00:27,650 [INFO] Waiting on all navigates
2026-04-07 18:00:28,843 [INFO] All navigates done, putting them all in queue.
2026-04-07 18:00:28,844 [INFO] Getting tab from queue (has 1)
2026-04-07 18:00:28,844 [INFO] Got B9B7
2026-04-07 18:00:28,844 [INFO] Processing bYear_over_Year__Employees_Affected__Notice_Count_2014Presentb.png
2026-04-07 18:00:28,845 [INFO] Sending big command for bYear_over_Year__Employees_Affected__Notice_Count_2014Presentb.png.
2026-04-07 18:00:29,030 [INFO] Sent big command for bYear_over_Year__Employees_Affected__Notice_Count_2014Presentb.png.
2026-04-07 18:00:29,033 [INFO] Reloading tab B9B7 before return.
2026-04-07 18:00:29,166 [INFO] Putting tab B9B7 back (queue size: 0).
2026-04-07 18:00:29,166 [INFO] Waiting for all cleanups to finish.
2026-04-07 18:00:29,166 [INFO] Exiting Kaleido
2026-04-07 18:00:29,166 [INFO] Closing browser.
2026-04-07 18:00:29,169 [INFO] Closing browser.
2026-04-07 18:00:29,170 [INFO] TemporaryDirectory.cleanup() worked.
2026-04-07 18:00:29,170 [INFO] shutil.rmtree worked.
2026-04-07 18:00:29,170 [INFO] Cancelling tasks.
2026-04-07 18:00:29,170 [INFO] Exiting Kaleido/Choreo
2026-04-07 18:00:29,408 [INFO] TemporaryDirectory.cleanup() worked.
2026-04-07 18:00:29,408 [INFO] shutil.rmtree worked.
2026-04-07 18:00:29,408 [INFO] TemporaryDirectory.cleanup() worked.
2026-04-07 18:00:29,408 [INFO] shutil.rmtree worked.
2026-04-07 18:00:29,409 [INFO] Cancelling tasks.
2026-04-07 18:00:29,409 [INFO] Exiting Kaleido/Choreo
2026-04-07 18:00:29,410 [INFO]   → PNG: /Users/bilalmac2/git_repo/warn/docs/charts/7_yoy_bar.png
2026-04-07 18:00:29,410 [INFO]   → HTML div: /Users/bilalmac2/git_repo/warn/docs/charts/7_yoy_bar.html
2026-04-07 18:00:29,411 [INFO] Chart 8: Multi-year trend …
/Users/bilalmac2/git_repo/warn/warn_charts.py:463: UserWarning: Could not infer format, so each element will be parsed individually, falling back to `dateutil`. To ensure parsing is consistent and as-expected, please specify a format.
  df_all["effective_date"] = pd.to_datetime(df_all["effective_date"], errors="coerce")
2026-04-07 18:00:29,488 [INFO] Chromium init'ed with kwargs {}
2026-04-07 18:00:29,489 [INFO] Found chromium path: /Applications/Google Chrome.app/Contents/MacOS/Google Chrome
2026-04-07 18:00:29,489 [INFO] Temp directory created: /var/folders/2l/_mqykd2n143bpj9ts872cs5m0000gn/T/tmpnxsew7i0.
2026-04-07 18:00:29,489 [INFO] Opening browser.
2026-04-07 18:00:29,490 [INFO] Temp directory created: /var/folders/2l/_mqykd2n143bpj9ts872cs5m0000gn/T/tmpf7dmrqn4.
2026-04-07 18:00:29,490 [INFO] Temporary directory at: /var/folders/2l/_mqykd2n143bpj9ts872cs5m0000gn/T/tmpf7dmrqn4
2026-04-07 18:00:30,696 [INFO] Conforming 1 to file:///var/folders/2l/_mqykd2n143bpj9ts872cs5m0000gn/T/tmpnxsew7i0/index.html
2026-04-07 18:00:30,705 [INFO] Waiting on all navigates
2026-04-07 18:00:31,883 [INFO] All navigates done, putting them all in queue.
2026-04-07 18:00:31,885 [INFO] Getting tab from queue (has 1)
2026-04-07 18:00:31,885 [INFO] Got C16C
2026-04-07 18:00:31,885 [INFO] Processing bMulti_Year_Monthly_Comparison__Employees_Affected_by_Monthb.png
2026-04-07 18:00:31,885 [INFO] Sending big command for bMulti_Year_Monthly_Comparison__Employees_Affected_by_Monthb.png.
2026-04-07 18:00:32,072 [INFO] Sent big command for bMulti_Year_Monthly_Comparison__Employees_Affected_by_Monthb.png.
2026-04-07 18:00:32,076 [INFO] Reloading tab C16C before return.
2026-04-07 18:00:32,211 [INFO] Putting tab C16C back (queue size: 0).
2026-04-07 18:00:32,211 [INFO] Waiting for all cleanups to finish.
2026-04-07 18:00:32,211 [INFO] Exiting Kaleido
2026-04-07 18:00:32,211 [INFO] Closing browser.
2026-04-07 18:00:32,213 [INFO] Closing browser.
2026-04-07 18:00:32,214 [INFO] TemporaryDirectory.cleanup() worked.
2026-04-07 18:00:32,214 [INFO] shutil.rmtree worked.
2026-04-07 18:00:32,214 [INFO] Cancelling tasks.
2026-04-07 18:00:32,214 [INFO] Exiting Kaleido/Choreo
2026-04-07 18:00:32,482 [INFO] TemporaryDirectory.cleanup() worked.
2026-04-07 18:00:32,483 [INFO] shutil.rmtree worked.
2026-04-07 18:00:32,483 [INFO] TemporaryDirectory.cleanup() worked.
2026-04-07 18:00:32,483 [INFO] shutil.rmtree worked.
2026-04-07 18:00:32,483 [INFO] Cancelling tasks.
2026-04-07 18:00:32,483 [INFO] Exiting Kaleido/Choreo
2026-04-07 18:00:32,485 [INFO]   → PNG: /Users/bilalmac2/git_repo/warn/docs/charts/8_multiyear_trend.png
2026-04-07 18:00:32,485 [INFO]   → HTML div: /Users/bilalmac2/git_repo/warn/docs/charts/8_multiyear_trend.html
2026-04-07 18:00:32,486 [INFO] Charts complete.
2026-04-07 18:00:32,488 [INFO] Step 5/5: Building site …
2026-04-07 18:00:32,488 [INFO] Building index.html …
2026-04-07 18:00:32,494 [INFO] Site built → /Users/bilalmac2/git_repo/warn/docs/index.html
2026-04-07 18:00:32,495 [INFO] Sending alert email to bilalahamad0@gmail.com …
2026-04-07 18:00:33,428 [ERROR] Gmail authentication failed. Make sure you're using an App Password, not your regular Gmail password. See: https://myaccount.google.com/apppasswords
2026-04-07 18:00:33,428 [INFO] Git push …
2026-04-07 18:00:33,428 [INFO] Staging changes …
2026-04-07 18:00:33,669 [INFO] Committing: auto: WARN update 2026-04-08 01:00 UTC
2026-04-07 18:00:33,812 [INFO] Pushing to origin/main …
2026-04-07 18:00:36,896 [INFO] ✓ Pushed successfully.
2026-04-07 18:00:36,896 [INFO] ✓ Publisher complete.
2026-04-07 18:00:36,946 [INFO] TemporaryDirectory.cleanup() worked.
2026-04-07 18:00:36,946 [INFO] shutil.rmtree worked.
2026-04-07 18:00:36,947 [INFO] TemporaryDirectory.cleanup() worked.
2026-04-07 18:00:36,947 [INFO] shutil.rmtree worked.
2026-04-07 18:00:36,947 [INFO] TemporaryDirectory.cleanup() worked.
2026-04-07 18:00:36,947 [INFO] shutil.rmtree worked.
/Users/bilalmac2/Library/Python/3.9/lib/python/site-packages/urllib3/__init__.py:34: NotOpenSSLWarning: urllib3 v2.0 only supports OpenSSL 1.1.1+, currently the 'ssl' module is compiled with 'LibreSSL 2.8.3'. See: https://github.com/urllib3/urllib3/issues/3020
  warnings.warn(
2026-04-08 06:01:56,606 [INFO] ======================================================================
2026-04-08 06:01:56,606 [INFO] WARN Publisher — 2026-04-08T13:01:56.606527Z
2026-04-08 06:01:56,606 [INFO] ======================================================================
2026-04-08 06:01:56,606 [INFO] Step 1/5: Running monitor …
2026-04-08 06:01:56,606 [INFO] ============================================================
2026-04-08 06:01:56,606 [INFO] WARN Monitor — 2026-04-08T13:01:56.606969Z
2026-04-08 06:01:56,607 [INFO] ============================================================
2026-04-08 06:01:56,610 [INFO] Requesting WARN XLSX from EDD …
2026-04-08 06:02:05,530 [INFO] EDD server: 304 Not Modified — data unchanged.
2026-04-08 06:02:05,538 [INFO] Parsing /Users/bilalmac2/git_repo/warn/file.xlsx …
2026-04-08 06:02:06,904 [INFO] Available sheets: ['Index', 'WARN Report Summary', 'Detailed WARN Report ', 'Call Center Relocations Summary', 'Call Center Relocations Report', 'Industry List']
2026-04-08 06:02:06,905 [INFO] Using sheet: 'Detailed WARN Report '
/Users/bilalmac2/Library/Python/3.9/lib/python/site-packages/openpyxl/worksheet/_reader.py:329: UserWarning: Data Validation extension is not supported and will be removed
  warn(msg)
2026-04-08 06:02:07,755 [INFO] Detailed sheet columns: ['County/Parish', 'Notice\nDate', 'Processed\nDate', 'Effective \nDate', 'Company', 'Layoff/\nClosure', 'No. Of\nEmployees', 'Address', 'Related Industry']
2026-04-08 06:02:09,117 [INFO] Parsed 1140 WARN records spanning 2025-01-05 → 2026-12-30
2026-04-08 06:02:09,180 [INFO] Changes: +41 new, -0 removed records
2026-04-08 06:02:09,261 [INFO] Saved 1140 records to /Users/bilalmac2/git_repo/warn/data/warn_latest.json
2026-04-08 06:02:09,262 [INFO] Monitor run complete.
2026-04-08 06:02:09,263 [INFO] Step 2/5: Generating diff report …
2026-04-08 06:02:10,008 [INFO] Step 3/5: Updating historical data …
2026-04-08 06:02:10,009 [INFO] Year 2014: already parsed — skipping (use --force to re-parse)
2026-04-08 06:02:10,010 [INFO] Year 2015: already parsed — skipping (use --force to re-parse)
2026-04-08 06:02:10,010 [INFO] Year 2016: already parsed — skipping (use --force to re-parse)
2026-04-08 06:02:10,010 [INFO] Year 2017: already parsed — skipping (use --force to re-parse)
2026-04-08 06:02:10,011 [INFO] Year 2018: already parsed — skipping (use --force to re-parse)
2026-04-08 06:02:10,011 [INFO] Year 2019: already parsed — skipping (use --force to re-parse)
2026-04-08 06:02:10,011 [INFO] Year 2020: already parsed — skipping (use --force to re-parse)
2026-04-08 06:02:10,012 [INFO] Year 2021: already parsed — skipping (use --force to re-parse)
2026-04-08 06:02:10,012 [INFO] Year 2022: already parsed — skipping (use --force to re-parse)
2026-04-08 06:02:10,012 [INFO] Year 2023: already parsed — skipping (use --force to re-parse)
2026-04-08 06:02:10,013 [INFO] Year 2024: already parsed — skipping (use --force to re-parse)
2026-04-08 06:02:10,127 [INFO] Combined dataset: 1,441 records across 12 years
2026-04-08 06:02:10,129 [INFO] Step 4/5: Generating charts …
2026-04-08 06:02:10,226 [INFO] Loaded 1140 records for charting.
2026-04-08 06:02:10,243 [INFO] Historical data: 1,441 records across 12 years
2026-04-08 06:02:10,243 [INFO] Chart 1: Timeline scatter …
2026-04-08 06:02:14,071 [INFO] Chromium init'ed with kwargs {}
2026-04-08 06:02:14,112 [INFO] Found chromium path: /Applications/Google Chrome.app/Contents/MacOS/Google Chrome
2026-04-08 06:02:14,118 [INFO] Temp directory created: /var/folders/2l/_mqykd2n143bpj9ts872cs5m0000gn/T/tmp0tx1b5ql.
2026-04-08 06:02:14,121 [INFO] Opening browser.
2026-04-08 06:02:14,124 [INFO] Temp directory created: /var/folders/2l/_mqykd2n143bpj9ts872cs5m0000gn/T/tmp88g4hi1c.
2026-04-08 06:02:14,124 [INFO] Temporary directory at: /var/folders/2l/_mqykd2n143bpj9ts872cs5m0000gn/T/tmp88g4hi1c
2026-04-08 06:02:20,943 [INFO] Conforming 1 to file:///var/folders/2l/_mqykd2n143bpj9ts872cs5m0000gn/T/tmp0tx1b5ql/index.html
2026-04-08 06:02:20,957 [INFO] Waiting on all navigates
2026-04-08 06:02:26,249 [INFO] All navigates done, putting them all in queue.
2026-04-08 06:02:26,255 [INFO] Getting tab from queue (has 1)
2026-04-08 06:02:26,256 [INFO] Got 4A04
2026-04-08 06:02:26,256 [INFO] Processing bWARN_Notices__Employees_by_Effective_Dateb.png
2026-04-08 06:02:26,256 [INFO] Sending big command for bWARN_Notices__Employees_by_Effective_Dateb.png.
2026-04-08 06:02:36,625 [INFO] Sent big command for bWARN_Notices__Employees_by_Effective_Dateb.png.
2026-04-08 06:02:36,655 [INFO] Reloading tab 4A04 before return.
2026-04-08 06:02:38,370 [INFO] Putting tab 4A04 back (queue size: 0).
2026-04-08 06:02:38,370 [INFO] Waiting for all cleanups to finish.
2026-04-08 06:02:38,371 [INFO] Exiting Kaleido
2026-04-08 06:02:38,371 [INFO] Closing browser.
2026-04-08 06:02:38,379 [INFO] Closing browser.
2026-04-08 06:02:38,382 [INFO] TemporaryDirectory.cleanup() worked.
2026-04-08 06:02:38,384 [INFO] shutil.rmtree worked.
2026-04-08 06:02:38,385 [INFO] Cancelling tasks.
2026-04-08 06:02:38,385 [INFO] Exiting Kaleido/Choreo
2026-04-08 06:02:39,609 [INFO] TemporaryDirectory.cleanup() worked.
2026-04-08 06:02:39,609 [INFO] shutil.rmtree worked.
2026-04-08 06:02:39,610 [INFO] TemporaryDirectory.cleanup() worked.
2026-04-08 06:02:39,611 [INFO] shutil.rmtree worked.
2026-04-08 06:02:39,612 [INFO] Cancelling tasks.
2026-04-08 06:02:39,612 [INFO] Exiting Kaleido/Choreo
2026-04-08 06:02:39,620 [INFO]   → PNG: /Users/bilalmac2/git_repo/warn/docs/charts/1_timeline_scatter.png
2026-04-08 06:02:39,621 [INFO]   → HTML div: /Users/bilalmac2/git_repo/warn/docs/charts/1_timeline_scatter.html
2026-04-08 06:02:39,623 [INFO] Chart 2: Monthly bar chart …
2026-04-08 06:02:39,791 [INFO] Chromium init'ed with kwargs {}
2026-04-08 06:02:39,794 [INFO] Found chromium path: /Applications/Google Chrome.app/Contents/MacOS/Google Chrome
2026-04-08 06:02:39,795 [INFO] Temp directory created: /var/folders/2l/_mqykd2n143bpj9ts872cs5m0000gn/T/tmp2rrfk2dm.
2026-04-08 06:02:39,797 [INFO] Opening browser.
2026-04-08 06:02:39,799 [INFO] Temp directory created: /var/folders/2l/_mqykd2n143bpj9ts872cs5m0000gn/T/tmpvq6mj9dw.
2026-04-08 06:02:39,799 [INFO] Temporary directory at: /var/folders/2l/_mqykd2n143bpj9ts872cs5m0000gn/T/tmpvq6mj9dw
2026-04-08 06:02:43,626 [INFO] Conforming 1 to file:///var/folders/2l/_mqykd2n143bpj9ts872cs5m0000gn/T/tmp2rrfk2dm/index.html
2026-04-08 06:02:43,637 [INFO] Waiting on all navigates
2026-04-08 06:16:52,286 [INFO] All navigates done, putting them all in queue.
2026-04-08 06:16:52,287 [INFO] Getting tab from queue (has 1)
2026-04-08 06:16:52,287 [INFO] Got 838A
2026-04-08 06:16:52,288 [INFO] Processing bMonthly_Layoffs__Total_Employees_Affectedb.png
2026-04-08 06:16:52,288 [INFO] Sending big command for bMonthly_Layoffs__Total_Employees_Affectedb.png.
2026-04-08 06:16:52,419 [INFO] Sent big command for bMonthly_Layoffs__Total_Employees_Affectedb.png.
2026-04-08 06:16:52,420 [INFO] Reloading tab 838A before return.
2026-04-08 06:16:52,529 [INFO] Putting tab 838A back (queue size: 0).
2026-04-08 06:16:52,530 [INFO] Waiting for all cleanups to finish.
2026-04-08 06:16:52,530 [INFO] Exiting Kaleido
2026-04-08 06:16:52,530 [INFO] Closing browser.
2026-04-08 06:16:52,532 [INFO] Closing browser.
2026-04-08 06:16:52,532 [INFO] TemporaryDirectory.cleanup() worked.
2026-04-08 06:16:52,533 [INFO] shutil.rmtree worked.
2026-04-08 06:16:52,533 [INFO] Cancelling tasks.
2026-04-08 06:16:52,533 [INFO] Exiting Kaleido/Choreo
2026-04-08 06:16:52,909 [INFO] TemporaryDirectory.cleanup() worked.
2026-04-08 06:16:52,909 [INFO] shutil.rmtree worked.
2026-04-08 06:16:52,909 [INFO] TemporaryDirectory.cleanup() worked.
2026-04-08 06:16:52,909 [INFO] shutil.rmtree worked.
2026-04-08 06:16:52,909 [INFO] Cancelling tasks.
2026-04-08 06:16:52,909 [INFO] Exiting Kaleido/Choreo
2026-04-08 06:16:52,910 [INFO]   → PNG: /Users/bilalmac2/git_repo/warn/docs/charts/2_monthly_bar.png
2026-04-08 06:16:52,910 [INFO]   → HTML div: /Users/bilalmac2/git_repo/warn/docs/charts/2_monthly_bar.html
2026-04-08 06:16:52,911 [INFO] Chart 3: Rolling trend …
2026-04-08 06:16:52,934 [INFO] TemporaryDirectory.cleanup() worked.
2026-04-08 06:16:52,934 [INFO] shutil.rmtree worked.
2026-04-08 06:16:52,934 [INFO] TemporaryDirectory.cleanup() worked.
2026-04-08 06:16:52,934 [INFO] shutil.rmtree worked.
2026-04-08 06:16:52,993 [INFO] Chromium init'ed with kwargs {}
2026-04-08 06:16:52,994 [INFO] Found chromium path: /Applications/Google Chrome.app/Contents/MacOS/Google Chrome
2026-04-08 06:16:52,994 [INFO] Temp directory created: /var/folders/2l/_mqykd2n143bpj9ts872cs5m0000gn/T/tmp5ihu3hda.
2026-04-08 06:16:52,994 [INFO] Opening browser.
2026-04-08 06:16:52,995 [INFO] Temp directory created: /var/folders/2l/_mqykd2n143bpj9ts872cs5m0000gn/T/tmp6h8juc2u.
2026-04-08 06:16:52,995 [INFO] Temporary directory at: /var/folders/2l/_mqykd2n143bpj9ts872cs5m0000gn/T/tmp6h8juc2u
2026-04-08 06:16:54,287 [INFO] Conforming 1 to file:///var/folders/2l/_mqykd2n143bpj9ts872cs5m0000gn/T/tmp5ihu3hda/index.html
2026-04-08 06:16:54,301 [INFO] Waiting on all navigates
2026-04-08 06:16:56,256 [INFO] All navigates done, putting them all in queue.
2026-04-08 06:16:56,257 [INFO] Getting tab from queue (has 1)
2026-04-08 06:16:56,257 [INFO] Got 399A
2026-04-08 06:16:56,257 [INFO] Processing bLayoff_Trend__Daily_30_Day_Average__Cumulativeb.png
2026-04-08 06:16:56,257 [INFO] Sending big command for bLayoff_Trend__Daily_30_Day_Average__Cumulativeb.png.
2026-04-08 06:16:56,475 [INFO] Sent big command for bLayoff_Trend__Daily_30_Day_Average__Cumulativeb.png.
2026-04-08 06:16:56,478 [INFO] Reloading tab 399A before return.
2026-04-08 06:16:56,712 [INFO] Putting tab 399A back (queue size: 0).
2026-04-08 06:16:56,712 [INFO] Waiting for all cleanups to finish.
2026-04-08 06:16:56,712 [INFO] Exiting Kaleido
2026-04-08 06:16:56,713 [INFO] Closing browser.
2026-04-08 06:16:56,717 [INFO] Closing browser.
2026-04-08 06:16:56,718 [INFO] TemporaryDirectory.cleanup() worked.
2026-04-08 06:16:56,718 [INFO] shutil.rmtree worked.
2026-04-08 06:16:56,718 [INFO] Cancelling tasks.
2026-04-08 06:16:56,718 [INFO] Exiting Kaleido/Choreo
2026-04-08 06:16:57,039 [INFO] TemporaryDirectory.cleanup() worked.
2026-04-08 06:16:57,039 [INFO] shutil.rmtree worked.
2026-04-08 06:16:57,039 [INFO] TemporaryDirectory.cleanup() worked.
2026-04-08 06:16:57,039 [INFO] shutil.rmtree worked.
2026-04-08 06:16:57,039 [INFO] Cancelling tasks.
2026-04-08 06:16:57,039 [INFO] Exiting Kaleido/Choreo
2026-04-08 06:16:57,041 [INFO]   → PNG: /Users/bilalmac2/git_repo/warn/docs/charts/3_rolling_trend.png
2026-04-08 06:16:57,041 [INFO]   → HTML div: /Users/bilalmac2/git_repo/warn/docs/charts/3_rolling_trend.html
2026-04-08 06:16:57,041 [INFO] Chart 4: Top-25 companies …
2026-04-08 06:16:57,071 [INFO] Chromium init'ed with kwargs {}
2026-04-08 06:16:57,072 [INFO] Found chromium path: /Applications/Google Chrome.app/Contents/MacOS/Google Chrome
2026-04-08 06:16:57,072 [INFO] Temp directory created: /var/folders/2l/_mqykd2n143bpj9ts872cs5m0000gn/T/tmpwtlz7tf7.
2026-04-08 06:16:57,072 [INFO] Opening browser.
2026-04-08 06:16:57,073 [INFO] Temp directory created: /var/folders/2l/_mqykd2n143bpj9ts872cs5m0000gn/T/tmpgjs045b5.
2026-04-08 06:16:57,073 [INFO] Temporary directory at: /var/folders/2l/_mqykd2n143bpj9ts872cs5m0000gn/T/tmpgjs045b5
2026-04-08 06:16:58,250 [INFO] Conforming 1 to file:///var/folders/2l/_mqykd2n143bpj9ts872cs5m0000gn/T/tmpwtlz7tf7/index.html
2026-04-08 06:16:58,264 [INFO] Waiting on all navigates
2026-04-08 06:17:00,119 [INFO] All navigates done, putting them all in queue.
2026-04-08 06:17:00,121 [INFO] Getting tab from queue (has 1)
2026-04-08 06:17:00,121 [INFO] Got 0C13
2026-04-08 06:17:00,122 [INFO] Processing bTop_25_Filtered_Companies_by_Total_Employees_Affectedb.png
2026-04-08 06:17:00,122 [INFO] Sending big command for bTop_25_Filtered_Companies_by_Total_Employees_Affectedb.png.
2026-04-08 06:17:00,363 [INFO] Sent big command for bTop_25_Filtered_Companies_by_Total_Employees_Affectedb.png.
2026-04-08 06:17:00,368 [INFO] Reloading tab 0C13 before return.
2026-04-08 06:17:00,537 [INFO] Putting tab 0C13 back (queue size: 0).
2026-04-08 06:17:00,537 [INFO] Waiting for all cleanups to finish.
2026-04-08 06:17:00,537 [INFO] Exiting Kaleido
2026-04-08 06:17:00,537 [INFO] Closing browser.
2026-04-08 06:17:00,540 [INFO] Closing browser.
2026-04-08 06:17:00,541 [INFO] TemporaryDirectory.cleanup() worked.
2026-04-08 06:17:00,541 [INFO] shutil.rmtree worked.
2026-04-08 06:17:00,541 [INFO] Cancelling tasks.
2026-04-08 06:17:00,542 [INFO] Exiting Kaleido/Choreo
2026-04-08 06:17:01,030 [INFO] TemporaryDirectory.cleanup() worked.
2026-04-08 06:17:01,030 [INFO] shutil.rmtree worked.
2026-04-08 06:17:01,031 [INFO] TemporaryDirectory.cleanup() worked.
2026-04-08 06:17:01,032 [INFO] shutil.rmtree worked.
2026-04-08 06:17:01,033 [INFO] Cancelling tasks.
2026-04-08 06:17:01,033 [INFO] Exiting Kaleido/Choreo
2026-04-08 06:17:01,043 [INFO]   → PNG: /Users/bilalmac2/git_repo/warn/docs/charts/4_top_companies.png
2026-04-08 06:17:01,044 [INFO]   → HTML div: /Users/bilalmac2/git_repo/warn/docs/charts/4_top_companies.html
2026-04-08 06:17:01,045 [INFO] Chart 5: County heatmap …
2026-04-08 06:17:01,217 [INFO] TemporaryDirectory.cleanup() worked.
2026-04-08 06:17:01,218 [INFO] shutil.rmtree worked.
2026-04-08 06:17:01,219 [INFO] TemporaryDirectory.cleanup() worked.
2026-04-08 06:17:01,219 [INFO] shutil.rmtree worked.
2026-04-08 06:17:01,291 [INFO] Chromium init'ed with kwargs {}
2026-04-08 06:17:01,295 [INFO] Found chromium path: /Applications/Google Chrome.app/Contents/MacOS/Google Chrome
2026-04-08 06:17:01,297 [INFO] Temp directory created: /var/folders/2l/_mqykd2n143bpj9ts872cs5m0000gn/T/tmpyao4t06p.
2026-04-08 06:17:01,299 [INFO] Opening browser.
2026-04-08 06:17:01,302 [INFO] Temp directory created: /var/folders/2l/_mqykd2n143bpj9ts872cs5m0000gn/T/tmp5g0vbm75.
2026-04-08 06:17:01,302 [INFO] Temporary directory at: /var/folders/2l/_mqykd2n143bpj9ts872cs5m0000gn/T/tmp5g0vbm75
2026-04-08 06:17:05,400 [INFO] Conforming 1 to file:///var/folders/2l/_mqykd2n143bpj9ts872cs5m0000gn/T/tmpyao4t06p/index.html
2026-04-08 06:17:05,413 [INFO] Waiting on all navigates
2026-04-08 06:17:11,601 [INFO] All navigates done, putting them all in queue.
2026-04-08 06:17:11,613 [INFO] Getting tab from queue (has 1)
2026-04-08 06:17:11,614 [INFO] Got 0B5C
2026-04-08 06:17:11,616 [INFO] Processing bCounty__Month_Heatmap__Employees_Affectedb.png
2026-04-08 06:17:11,617 [INFO] Sending big command for bCounty__Month_Heatmap__Employees_Affectedb.png.
2026-04-08 06:17:12,648 [INFO] Sent big command for bCounty__Month_Heatmap__Employees_Affectedb.png.
2026-04-08 06:17:12,660 [INFO] Reloading tab 0B5C before return.
2026-04-08 06:17:13,163 [INFO] Putting tab 0B5C back (queue size: 0).
2026-04-08 06:17:13,163 [INFO] Waiting for all cleanups to finish.
2026-04-08 06:17:13,164 [INFO] Exiting Kaleido
2026-04-08 06:17:13,164 [INFO] Closing browser.
2026-04-08 06:17:13,171 [INFO] Closing browser.
2026-04-08 06:17:13,174 [INFO] TemporaryDirectory.cleanup() worked.
2026-04-08 06:17:13,177 [INFO] shutil.rmtree worked.
2026-04-08 06:17:13,178 [INFO] Cancelling tasks.
2026-04-08 06:17:13,178 [INFO] Exiting Kaleido/Choreo
2026-04-08 06:17:14,075 [INFO] TemporaryDirectory.cleanup() worked.
2026-04-08 06:17:14,075 [INFO] shutil.rmtree worked.
2026-04-08 06:17:14,076 [INFO] TemporaryDirectory.cleanup() worked.
2026-04-08 06:17:14,077 [INFO] shutil.rmtree worked.
2026-04-08 06:17:14,077 [INFO] Cancelling tasks.
2026-04-08 06:17:14,077 [INFO] Exiting Kaleido/Choreo
2026-04-08 06:17:14,083 [INFO]   → PNG: /Users/bilalmac2/git_repo/warn/docs/charts/5_county_heatmap.png
2026-04-08 06:17:14,083 [INFO]   → HTML div: /Users/bilalmac2/git_repo/warn/docs/charts/5_county_heatmap.html
2026-04-08 06:17:14,085 [INFO] Chart 6: Treemap …
2026-04-08 06:17:14,153 [INFO] TemporaryDirectory.cleanup() worked.
2026-04-08 06:17:14,154 [INFO] shutil.rmtree worked.
2026-04-08 06:17:14,692 [INFO] Chromium init'ed with kwargs {}
2026-04-08 06:17:14,694 [INFO] Found chromium path: /Applications/Google Chrome.app/Contents/MacOS/Google Chrome
2026-04-08 06:17:14,695 [INFO] Temp directory created: /var/folders/2l/_mqykd2n143bpj9ts872cs5m0000gn/T/tmpezn93y4p.
2026-04-08 06:17:14,697 [INFO] Opening browser.
2026-04-08 06:17:14,699 [INFO] Temp directory created: /var/folders/2l/_mqykd2n143bpj9ts872cs5m0000gn/T/tmprs9cx7gl.
2026-04-08 06:17:14,699 [INFO] Temporary directory at: /var/folders/2l/_mqykd2n143bpj9ts872cs5m0000gn/T/tmprs9cx7gl
2026-04-08 06:17:18,482 [INFO] Conforming 1 to file:///var/folders/2l/_mqykd2n143bpj9ts872cs5m0000gn/T/tmpezn93y4p/index.html
2026-04-08 06:17:18,486 [INFO] Waiting on all navigates
2026-04-08 06:17:23,467 [INFO] All navigates done, putting them all in queue.
2026-04-08 06:17:23,472 [INFO] Getting tab from queue (has 1)
2026-04-08 06:17:23,472 [INFO] Got 12C0
2026-04-08 06:17:23,472 [INFO] Processing bLayoff_Treemap__Company_Size_by_Employees_Affectedb.png
2026-04-08 06:17:23,473 [INFO] Sending big command for bLayoff_Treemap__Company_Size_by_Employees_Affectedb.png.
2026-04-08 06:17:24,857 [INFO] Sent big command for bLayoff_Treemap__Company_Size_by_Employees_Affectedb.png.
2026-04-08 06:17:24,888 [INFO] Reloading tab 12C0 before return.
2026-04-08 06:17:25,453 [INFO] Putting tab 12C0 back (queue size: 0).
2026-04-08 06:17:25,453 [INFO] Waiting for all cleanups to finish.
2026-04-08 06:17:25,453 [INFO] Exiting Kaleido
2026-04-08 06:17:25,454 [INFO] Closing browser.
2026-04-08 06:17:25,463 [INFO] Closing browser.
2026-04-08 06:17:25,468 [INFO] TemporaryDirectory.cleanup() worked.
2026-04-08 06:17:25,469 [INFO] shutil.rmtree worked.
2026-04-08 06:17:25,469 [INFO] Cancelling tasks.
2026-04-08 06:17:25,470 [INFO] Exiting Kaleido/Choreo
2026-04-08 06:17:26,083 [INFO] TemporaryDirectory.cleanup() worked.
2026-04-08 06:17:26,084 [INFO] shutil.rmtree worked.
2026-04-08 06:17:26,085 [INFO] TemporaryDirectory.cleanup() worked.
2026-04-08 06:17:26,086 [INFO] shutil.rmtree worked.
2026-04-08 06:17:26,087 [INFO] Cancelling tasks.
2026-04-08 06:17:26,087 [INFO] Exiting Kaleido/Choreo
2026-04-08 06:17:26,092 [INFO]   → PNG: /Users/bilalmac2/git_repo/warn/docs/charts/6_treemap.png
2026-04-08 06:17:26,093 [INFO]   → HTML div: /Users/bilalmac2/git_repo/warn/docs/charts/6_treemap.html
2026-04-08 06:17:26,095 [INFO] Chart 7: Year-over-year bar …
2026-04-08 06:17:26,281 [INFO] Chromium init'ed with kwargs {}
2026-04-08 06:17:26,285 [INFO] Found chromium path: /Applications/Google Chrome.app/Contents/MacOS/Google Chrome
2026-04-08 06:17:26,287 [INFO] Temp directory created: /var/folders/2l/_mqykd2n143bpj9ts872cs5m0000gn/T/tmp912o7m38.
2026-04-08 06:17:26,288 [INFO] Opening browser.
2026-04-08 06:17:26,291 [INFO] Temp directory created: /var/folders/2l/_mqykd2n143bpj9ts872cs5m0000gn/T/tmpwn4ejnlh.
2026-04-08 06:17:26,291 [INFO] Temporary directory at: /var/folders/2l/_mqykd2n143bpj9ts872cs5m0000gn/T/tmpwn4ejnlh
2026-04-08 06:17:29,870 [INFO] Conforming 1 to file:///var/folders/2l/_mqykd2n143bpj9ts872cs5m0000gn/T/tmp912o7m38/index.html
2026-04-08 06:17:29,872 [INFO] Waiting on all navigates
2026-04-08 06:17:34,714 [INFO] All navigates done, putting them all in queue.
2026-04-08 06:17:34,720 [INFO] Getting tab from queue (has 1)
2026-04-08 06:17:34,721 [INFO] Got B98F
2026-04-08 06:17:34,722 [INFO] Processing bYear_over_Year__Employees_Affected__Notice_Count_2014Presentb.png
2026-04-08 06:17:34,722 [INFO] Sending big command for bYear_over_Year__Employees_Affected__Notice_Count_2014Presentb.png.
2026-04-08 06:17:35,555 [INFO] Sent big command for bYear_over_Year__Employees_Affected__Notice_Count_2014Presentb.png.
2026-04-08 06:17:35,570 [INFO] Reloading tab B98F before return.
2026-04-08 06:17:36,116 [INFO] Putting tab B98F back (queue size: 0).
2026-04-08 06:17:36,117 [INFO] Waiting for all cleanups to finish.
2026-04-08 06:17:36,117 [INFO] Exiting Kaleido
2026-04-08 06:17:36,117 [INFO] Closing browser.
2026-04-08 06:17:36,123 [INFO] Closing browser.
2026-04-08 06:17:36,127 [INFO] TemporaryDirectory.cleanup() worked.
2026-04-08 06:17:36,128 [INFO] shutil.rmtree worked.
2026-04-08 06:17:36,129 [INFO] Cancelling tasks.
2026-04-08 06:17:36,129 [INFO] Exiting Kaleido/Choreo
2026-04-08 06:17:36,794 [INFO] TemporaryDirectory.cleanup() worked.
2026-04-08 06:17:36,795 [INFO] shutil.rmtree worked.
2026-04-08 06:17:36,795 [INFO] TemporaryDirectory.cleanup() worked.
2026-04-08 06:17:36,796 [INFO] shutil.rmtree worked.
2026-04-08 06:17:36,797 [INFO] Cancelling tasks.
2026-04-08 06:17:36,797 [INFO] Exiting Kaleido/Choreo
2026-04-08 06:17:36,802 [INFO]   → PNG: /Users/bilalmac2/git_repo/warn/docs/charts/7_yoy_bar.png
2026-04-08 06:17:36,802 [INFO]   → HTML div: /Users/bilalmac2/git_repo/warn/docs/charts/7_yoy_bar.html
2026-04-08 06:17:36,802 [INFO] Chart 8: Multi-year trend …
/Users/bilalmac2/git_repo/warn/warn_charts.py:463: UserWarning: Could not infer format, so each element will be parsed individually, falling back to `dateutil`. To ensure parsing is consistent and as-expected, please specify a format.
  df_all["effective_date"] = pd.to_datetime(df_all["effective_date"], errors="coerce")
2026-04-08 06:17:37,135 [INFO] Chromium init'ed with kwargs {}
2026-04-08 06:17:37,137 [INFO] Found chromium path: /Applications/Google Chrome.app/Contents/MacOS/Google Chrome
2026-04-08 06:17:37,138 [INFO] Temp directory created: /var/folders/2l/_mqykd2n143bpj9ts872cs5m0000gn/T/tmpkbvl91_6.
2026-04-08 06:17:37,141 [INFO] Opening browser.
2026-04-08 06:17:37,143 [INFO] Temp directory created: /var/folders/2l/_mqykd2n143bpj9ts872cs5m0000gn/T/tmp9zorbvpk.
2026-04-08 06:17:37,143 [INFO] Temporary directory at: /var/folders/2l/_mqykd2n143bpj9ts872cs5m0000gn/T/tmp9zorbvpk
2026-04-08 06:29:29,545 [INFO] Conforming 1 to file:///var/folders/2l/_mqykd2n143bpj9ts872cs5m0000gn/T/tmpkbvl91_6/index.html
2026-04-08 06:29:29,696 [INFO] Waiting on all navigates
2026-04-08 06:29:40,905 [INFO] All navigates done, putting them all in queue.
2026-04-08 06:29:40,914 [INFO] Getting tab from queue (has 1)
2026-04-08 06:29:40,914 [INFO] Got BF2E
2026-04-08 06:29:40,915 [INFO] Processing bMulti_Year_Monthly_Comparison__Employees_Affected_by_Monthb.png
2026-04-08 06:29:40,916 [INFO] Sending big command for bMulti_Year_Monthly_Comparison__Employees_Affected_by_Monthb.png.
2026-04-08 06:29:42,168 [INFO] Sent big command for bMulti_Year_Monthly_Comparison__Employees_Affected_by_Monthb.png.
2026-04-08 06:29:42,196 [INFO] Reloading tab BF2E before return.
2026-04-08 06:29:43,021 [INFO] Putting tab BF2E back (queue size: 0).
2026-04-08 06:29:43,023 [INFO] Waiting for all cleanups to finish.
2026-04-08 06:29:43,024 [INFO] Exiting Kaleido
2026-04-08 06:29:43,025 [INFO] Closing browser.
2026-04-08 06:29:43,064 [INFO] Closing browser.
2026-04-08 06:29:43,068 [INFO] TemporaryDirectory.cleanup() worked.
2026-04-08 06:29:43,069 [INFO] shutil.rmtree worked.
2026-04-08 06:29:43,070 [INFO] Cancelling tasks.
2026-04-08 06:29:43,070 [INFO] Exiting Kaleido/Choreo
2026-04-08 06:29:44,063 [INFO] TemporaryDirectory.cleanup() worked.
2026-04-08 06:29:44,063 [INFO] shutil.rmtree worked.
2026-04-08 06:29:44,065 [INFO] TemporaryDirectory.cleanup() worked.
2026-04-08 06:29:44,067 [INFO] shutil.rmtree worked.
2026-04-08 06:29:44,067 [INFO] Cancelling tasks.
2026-04-08 06:29:44,067 [INFO] Exiting Kaleido/Choreo
2026-04-08 06:29:44,073 [INFO]   → PNG: /Users/bilalmac2/git_repo/warn/docs/charts/8_multiyear_trend.png
2026-04-08 06:29:44,074 [INFO]   → HTML div: /Users/bilalmac2/git_repo/warn/docs/charts/8_multiyear_trend.html
2026-04-08 06:29:44,081 [INFO] Charts complete.
2026-04-08 06:29:44,087 [INFO] Step 5/5: Building site …
2026-04-08 06:29:44,088 [INFO] Building index.html …
2026-04-08 06:29:44,117 [INFO] Site built → /Users/bilalmac2/git_repo/warn/docs/index.html
2026-04-08 06:29:44,123 [INFO] Sending alert email to bilalahamad0@gmail.com …
2026-04-08 06:29:50,093 [ERROR] Gmail authentication failed. Make sure you're using an App Password, not your regular Gmail password. See: https://myaccount.google.com/apppasswords
2026-04-08 06:29:50,093 [INFO] Git push …
2026-04-08 06:29:50,093 [INFO] Staging changes …
2026-04-08 06:29:50,706 [INFO] Committing: auto: WARN update 2026-04-08 13:29 UTC
2026-04-08 06:29:51,024 [INFO] Pushing to origin/main …
2026-04-08 06:29:53,369 [INFO] ✓ Pushed successfully.
2026-04-08 06:29:53,370 [INFO] ✓ Publisher complete.
2026-04-08 06:47:16,451 [INFO] TemporaryDirectory.cleanup() worked.
2026-04-08 06:47:16,452 [INFO] shutil.rmtree worked.
2026-04-08 06:47:16,452 [INFO] TemporaryDirectory.cleanup() worked.
2026-04-08 06:47:16,453 [INFO] shutil.rmtree worked.
2026-04-08 06:47:16,453 [INFO] TemporaryDirectory.cleanup() worked.
2026-04-08 06:47:16,453 [INFO] shutil.rmtree worked.
/Users/bilalmac2/Library/Python/3.9/lib/python/site-packages/urllib3/__init__.py:34: NotOpenSSLWarning: urllib3 v2.0 only supports OpenSSL 1.1.1+, currently the 'ssl' module is compiled with 'LibreSSL 2.8.3'. See: https://github.com/urllib3/urllib3/issues/3020
  warnings.warn(
Traceback (most recent call last):
  File "/Users/bilalmac2/git_repo/warn/warn_publish.py", line 28, in <module>
    import warn_charts
  File "/Users/bilalmac2/git_repo/warn/warn_charts.py", line 453
    <<<<<<< HEAD
    ^
SyntaxError: invalid syntax
/Users/bilalmac2/Library/Python/3.9/lib/python/site-packages/urllib3/__init__.py:34: NotOpenSSLWarning: urllib3 v2.0 only supports OpenSSL 1.1.1+, currently the 'ssl' module is compiled with 'LibreSSL 2.8.3'. See: https://github.com/urllib3/urllib3/issues/3020
  warnings.warn(
Traceback (most recent call last):
  File "/Users/bilalmac2/git_repo/warn/warn_publish.py", line 28, in <module>
    import warn_charts
  File "/Users/bilalmac2/git_repo/warn/warn_charts.py", line 453
    <<<<<<< HEAD
    ^
SyntaxError: invalid syntax
/Users/bilalmac2/Library/Python/3.9/lib/python/site-packages/urllib3/__init__.py:34: NotOpenSSLWarning: urllib3 v2.0 only supports OpenSSL 1.1.1+, currently the 'ssl' module is compiled with 'LibreSSL 2.8.3'. See: https://github.com/urllib3/urllib3/issues/3020
  warnings.warn(
Traceback (most recent call last):
  File "/Users/bilalmac2/git_repo/warn/warn_publish.py", line 28, in <module>
    import warn_charts
  File "/Users/bilalmac2/git_repo/warn/warn_charts.py", line 453
    <<<<<<< HEAD
    ^
SyntaxError: invalid syntax
/Users/bilalmac2/Library/Python/3.9/lib/python/site-packages/urllib3/__init__.py:34: NotOpenSSLWarning: urllib3 v2.0 only supports OpenSSL 1.1.1+, currently the 'ssl' module is compiled with 'LibreSSL 2.8.3'. See: https://github.com/urllib3/urllib3/issues/3020
  warnings.warn(
Traceback (most recent call last):
  File "/Users/bilalmac2/git_repo/warn/warn_publish.py", line 28, in <module>
    import warn_charts
  File "/Users/bilalmac2/git_repo/warn/warn_charts.py", line 453
    <<<<<<< HEAD
    ^
SyntaxError: invalid syntax
/Users/bilalmac2/Library/Python/3.9/lib/python/site-packages/urllib3/__init__.py:34: NotOpenSSLWarning: urllib3 v2.0 only supports OpenSSL 1.1.1+, currently the 'ssl' module is compiled with 'LibreSSL 2.8.3'. See: https://github.com/urllib3/urllib3/issues/3020
  warnings.warn(
Traceback (most recent call last):
  File "/Users/bilalmac2/git_repo/warn/warn_publish.py", line 28, in <module>
    import warn_charts
  File "/Users/bilalmac2/git_repo/warn/warn_charts.py", line 453
    <<<<<<< HEAD
    ^
SyntaxError: invalid syntax
/Users/bilalmac2/Library/Python/3.9/lib/python/site-packages/urllib3/__init__.py:34: NotOpenSSLWarning: urllib3 v2.0 only supports OpenSSL 1.1.1+, currently the 'ssl' module is compiled with 'LibreSSL 2.8.3'. See: https://github.com/urllib3/urllib3/issues/3020
  warnings.warn(
Traceback (most recent call last):
  File "/Users/bilalmac2/git_repo/warn/warn_publish.py", line 28, in <module>
    import warn_charts
  File "/Users/bilalmac2/git_repo/warn/warn_charts.py", line 453
    <<<<<<< HEAD
    ^
SyntaxError: invalid syntax
/Users/bilalmac2/Library/Python/3.9/lib/python/site-packages/urllib3/__init__.py:34: NotOpenSSLWarning: urllib3 v2.0 only supports OpenSSL 1.1.1+, currently the 'ssl' module is compiled with 'LibreSSL 2.8.3'. See: https://github.com/urllib3/urllib3/issues/3020
  warnings.warn(
Traceback (most recent call last):
  File "/Users/bilalmac2/git_repo/warn/warn_publish.py", line 28, in <module>
    import warn_charts
  File "/Users/bilalmac2/git_repo/warn/warn_charts.py", line 453
    <<<<<<< HEAD
    ^
SyntaxError: invalid syntax
/Users/bilalmac2/Library/Python/3.9/lib/python/site-packages/urllib3/__init__.py:34: NotOpenSSLWarning: urllib3 v2.0 only supports OpenSSL 1.1.1+, currently the 'ssl' module is compiled with 'LibreSSL 2.8.3'. See: https://github.com/urllib3/urllib3/issues/3020
  warnings.warn(
2026-04-29 06:00:06,273 [INFO] ======================================================================
2026-04-29 06:00:06,274 [INFO] WARN Publisher — 2026-04-29T13:00:06.273921+00:00Z
2026-04-29 06:00:06,274 [INFO] ======================================================================
2026-04-29 06:00:06,274 [INFO] Step 1/5: Running monitor …
2026-04-29 06:00:06,274 [INFO] ============================================================
2026-04-29 06:00:06,274 [INFO] WARN Monitor — 2026-04-29T13:00:06.274436+00:00Z
2026-04-29 06:00:06,274 [INFO] ============================================================
2026-04-29 06:00:06,275 [INFO] Requesting WARN XLSX from EDD …
2026-04-29 06:00:06,629 [INFO] EDD server: 304 Not Modified — data unchanged.
2026-04-29 06:00:06,630 [INFO] Parsing /Users/bilalmac2/git_repo/warn/file.xlsx …
2026-04-29 06:00:07,101 [INFO] Available sheets: ['Index', 'WARN Report Summary', 'Detailed WARN Report ', 'Call Center Relocations Summary', 'Call Center Relocations Report', 'Industry List']
2026-04-29 06:00:07,101 [INFO] Using sheet: 'Detailed WARN Report '
/Users/bilalmac2/Library/Python/3.9/lib/python/site-packages/openpyxl/worksheet/_reader.py:329: UserWarning: Data Validation extension is not supported and will be removed
  warn(msg)
2026-04-29 06:00:07,363 [INFO] Detailed sheet columns: ['County/Parish', 'Notice\nDate', 'Processed\nDate', 'Effective \nDate', 'Company', 'Layoff/\nClosure', 'No. Of\nEmployees', 'Address', 'Related Industry']
2026-04-29 06:00:07,628 [INFO] Parsed 1140 WARN records spanning 2025-01-05 → 2026-12-30
2026-04-29 06:00:07,645 [INFO] No data changes detected.
2026-04-29 06:00:07,672 [INFO] Saved 1140 records to /Users/bilalmac2/git_repo/warn/data/warn_latest.json
2026-04-29 06:00:07,672 [INFO] Monitor run complete.
2026-04-29 06:00:07,674 [INFO] Step 2/5: Generating diff report …
2026-04-29 06:00:07,899 [INFO] Step 3/5: Updating historical data …
2026-04-29 06:00:07,900 [INFO] Year 2014: already parsed — skipping (use --force to re-parse)
2026-04-29 06:00:07,900 [INFO] Year 2015: already parsed — skipping (use --force to re-parse)
2026-04-29 06:00:07,900 [INFO] Year 2016: already parsed — skipping (use --force to re-parse)
2026-04-29 06:00:07,900 [INFO] Year 2017: already parsed — skipping (use --force to re-parse)
2026-04-29 06:00:07,900 [INFO] Year 2018: already parsed — skipping (use --force to re-parse)
2026-04-29 06:00:07,900 [INFO] Year 2019: already parsed — skipping (use --force to re-parse)
2026-04-29 06:00:07,900 [INFO] Year 2020: already parsed — skipping (use --force to re-parse)
2026-04-29 06:00:07,900 [INFO] Year 2021: already parsed — skipping (use --force to re-parse)
2026-04-29 06:00:07,901 [INFO] Year 2022: already parsed — skipping (use --force to re-parse)
2026-04-29 06:00:07,901 [INFO] Year 2023: already parsed — skipping (use --force to re-parse)
2026-04-29 06:00:07,901 [INFO] Year 2024: already parsed — skipping (use --force to re-parse)
2026-04-29 06:00:07,957 [INFO] Combined dataset: 1,441 records across 12 years
2026-04-29 06:00:07,959 [INFO] Step 4/5: Generating charts …
2026-04-29 06:00:07,984 [INFO] Loaded 1140 records for charting.
2026-04-29 06:00:07,994 [INFO] Historical data: 1,441 records across 12 years
2026-04-29 06:00:07,994 [INFO] Chart 1: Timeline scatter …
2026-04-29 06:00:09,494 [INFO] Chromium init'ed with kwargs {}
2026-04-29 06:00:09,515 [INFO] Found chromium path: /Applications/Google Chrome.app/Contents/MacOS/Google Chrome
2026-04-29 06:00:09,520 [INFO] Temp directory created: /var/folders/2l/_mqykd2n143bpj9ts872cs5m0000gn/T/tmpc337vxrp.
2026-04-29 06:00:09,521 [INFO] Opening browser.
2026-04-29 06:00:09,523 [INFO] Temp directory created: /var/folders/2l/_mqykd2n143bpj9ts872cs5m0000gn/T/tmpoloxzcs7.
2026-04-29 06:00:09,523 [INFO] Temporary directory at: /var/folders/2l/_mqykd2n143bpj9ts872cs5m0000gn/T/tmpoloxzcs7
2026-04-29 06:00:19,533 [INFO] Conforming 1 to file:///var/folders/2l/_mqykd2n143bpj9ts872cs5m0000gn/T/tmpc337vxrp/index.html
2026-04-29 06:00:19,549 [INFO] Waiting on all navigates
2026-04-29 06:00:21,741 [INFO] All navigates done, putting them all in queue.
2026-04-29 06:00:21,744 [INFO] Getting tab from queue (has 1)
2026-04-29 06:00:21,745 [INFO] Got B536
2026-04-29 06:00:21,745 [INFO] Processing bWARN_Notices__Employees_by_Effective_Dateb.png
2026-04-29 06:00:21,746 [INFO] Sending big command for bWARN_Notices__Employees_by_Effective_Dateb.png.
2026-04-29 06:00:25,951 [INFO] Sent big command for bWARN_Notices__Employees_by_Effective_Dateb.png.
2026-04-29 06:00:25,966 [INFO] Reloading tab B536 before return.
2026-04-29 06:00:26,487 [INFO] Putting tab B536 back (queue size: 0).
2026-04-29 06:00:26,487 [INFO] Waiting for all cleanups to finish.
2026-04-29 06:00:26,487 [INFO] Exiting Kaleido
2026-04-29 06:00:26,487 [INFO] Closing browser.
2026-04-29 06:00:26,490 [INFO] Closing browser.
2026-04-29 06:00:26,492 [INFO] TemporaryDirectory.cleanup() worked.
2026-04-29 06:00:26,492 [INFO] shutil.rmtree worked.
2026-04-29 06:00:26,493 [INFO] Cancelling tasks.
2026-04-29 06:00:26,493 [INFO] Exiting Kaleido/Choreo
2026-04-29 06:00:26,875 [INFO] TemporaryDirectory.cleanup() worked.
2026-04-29 06:00:26,876 [INFO] shutil.rmtree worked.
2026-04-29 06:00:26,876 [INFO] TemporaryDirectory.cleanup() worked.
2026-04-29 06:00:26,876 [INFO] shutil.rmtree worked.
2026-04-29 06:00:26,877 [INFO] Cancelling tasks.
2026-04-29 06:00:26,877 [INFO] Exiting Kaleido/Choreo
2026-04-29 06:00:26,883 [INFO]   → PNG: /Users/bilalmac2/git_repo/warn/docs/charts/1_timeline_scatter.png
2026-04-29 06:00:26,884 [INFO]   → HTML div: /Users/bilalmac2/git_repo/warn/docs/charts/1_timeline_scatter.html
2026-04-29 06:00:26,885 [INFO] Chart 2: Monthly bar chart …
2026-04-29 06:00:26,935 [INFO] Chromium init'ed with kwargs {}
2026-04-29 06:00:26,936 [INFO] TemporaryDirectory.cleanup() worked.
2026-04-29 06:00:26,937 [INFO] shutil.rmtree worked.
2026-04-29 06:00:26,937 [INFO] Found chromium path: /Applications/Google Chrome.app/Contents/MacOS/Google Chrome
2026-04-29 06:00:26,937 [INFO] Temp directory created: /var/folders/2l/_mqykd2n143bpj9ts872cs5m0000gn/T/tmp0ju1adta.
2026-04-29 06:00:26,938 [INFO] Opening browser.
2026-04-29 06:00:26,938 [INFO] Temp directory created: /var/folders/2l/_mqykd2n143bpj9ts872cs5m0000gn/T/tmp7dntydqk.
2026-04-29 06:00:26,939 [INFO] Temporary directory at: /var/folders/2l/_mqykd2n143bpj9ts872cs5m0000gn/T/tmp7dntydqk
2026-04-29 06:00:28,849 [INFO] Conforming 1 to file:///var/folders/2l/_mqykd2n143bpj9ts872cs5m0000gn/T/tmp0ju1adta/index.html
2026-04-29 06:00:28,866 [INFO] Waiting on all navigates
2026-04-29 06:00:30,883 [INFO] All navigates done, putting them all in queue.
2026-04-29 06:00:30,886 [INFO] Getting tab from queue (has 1)
2026-04-29 06:00:30,886 [INFO] Got F27A
2026-04-29 06:00:30,886 [INFO] Processing bMonthly_Layoffs__Total_Employees_Affectedb.png
2026-04-29 06:00:30,887 [INFO] Sending big command for bMonthly_Layoffs__Total_Employees_Affectedb.png.
2026-04-29 06:00:31,157 [INFO] Sent big command for bMonthly_Layoffs__Total_Employees_Affectedb.png.
2026-04-29 06:00:31,160 [INFO] Reloading tab F27A before return.
2026-04-29 06:00:31,321 [INFO] Putting tab F27A back (queue size: 0).
2026-04-29 06:00:31,322 [INFO] Waiting for all cleanups to finish.
2026-04-29 06:00:31,322 [INFO] Exiting Kaleido
2026-04-29 06:00:31,322 [INFO] Closing browser.
2026-04-29 06:00:31,326 [INFO] Closing browser.
2026-04-29 06:00:31,327 [INFO] TemporaryDirectory.cleanup() worked.
2026-04-29 06:00:31,328 [INFO] shutil.rmtree worked.
2026-04-29 06:00:31,328 [INFO] Cancelling tasks.
2026-04-29 06:00:31,328 [INFO] Exiting Kaleido/Choreo
2026-04-29 06:00:31,673 [INFO] TemporaryDirectory.cleanup() worked.
2026-04-29 06:00:31,673 [INFO] shutil.rmtree worked.
2026-04-29 06:00:31,673 [INFO] TemporaryDirectory.cleanup() worked.
2026-04-29 06:00:31,673 [INFO] shutil.rmtree worked.
2026-04-29 06:00:31,673 [INFO] Cancelling tasks.
2026-04-29 06:00:31,674 [INFO] Exiting Kaleido/Choreo
2026-04-29 06:00:31,675 [INFO]   → PNG: /Users/bilalmac2/git_repo/warn/docs/charts/2_monthly_bar.png
2026-04-29 06:00:31,675 [INFO]   → HTML div: /Users/bilalmac2/git_repo/warn/docs/charts/2_monthly_bar.html
2026-04-29 06:00:31,676 [INFO] Chart 3: Rolling trend …
2026-04-29 06:00:31,778 [INFO] Chromium init'ed with kwargs {}
2026-04-29 06:00:31,779 [INFO] Found chromium path: /Applications/Google Chrome.app/Contents/MacOS/Google Chrome
2026-04-29 06:00:31,780 [INFO] Temp directory created: /var/folders/2l/_mqykd2n143bpj9ts872cs5m0000gn/T/tmpn9sesmsi.
2026-04-29 06:00:31,781 [INFO] Opening browser.
2026-04-29 06:00:31,782 [INFO] Temp directory created: /var/folders/2l/_mqykd2n143bpj9ts872cs5m0000gn/T/tmpf0cbgc4t.
2026-04-29 06:00:31,783 [INFO] Temporary directory at: /var/folders/2l/_mqykd2n143bpj9ts872cs5m0000gn/T/tmpf0cbgc4t
2026-04-29 06:00:33,591 [INFO] Conforming 1 to file:///var/folders/2l/_mqykd2n143bpj9ts872cs5m0000gn/T/tmpn9sesmsi/index.html
2026-04-29 06:00:33,625 [INFO] Waiting on all navigates
2026-04-29 06:00:35,707 [INFO] All navigates done, putting them all in queue.
2026-04-29 06:00:35,709 [INFO] Getting tab from queue (has 1)
2026-04-29 06:00:35,709 [INFO] Got 99A4
2026-04-29 06:00:35,709 [INFO] Processing bLayoff_Trend__Daily_30_Day_Average__Cumulativeb.png
2026-04-29 06:00:35,710 [INFO] Sending big command for bLayoff_Trend__Daily_30_Day_Average__Cumulativeb.png.
2026-04-29 06:00:36,091 [INFO] Sent big command for bLayoff_Trend__Daily_30_Day_Average__Cumulativeb.png.
2026-04-29 06:00:36,096 [INFO] Reloading tab 99A4 before return.
2026-04-29 06:00:36,281 [INFO] Putting tab 99A4 back (queue size: 0).
2026-04-29 06:00:36,281 [INFO] Waiting for all cleanups to finish.
2026-04-29 06:00:36,281 [INFO] Exiting Kaleido
2026-04-29 06:00:36,282 [INFO] Closing browser.
2026-04-29 06:00:36,292 [INFO] Closing browser.
2026-04-29 06:00:36,295 [INFO] TemporaryDirectory.cleanup() worked.
2026-04-29 06:00:36,295 [INFO] shutil.rmtree worked.
2026-04-29 06:00:36,295 [INFO] Cancelling tasks.
2026-04-29 06:00:36,295 [INFO] Exiting Kaleido/Choreo
2026-04-29 06:00:36,683 [INFO] TemporaryDirectory.cleanup() worked.
2026-04-29 06:00:36,684 [INFO] shutil.rmtree worked.
2026-04-29 06:00:36,684 [INFO] TemporaryDirectory.cleanup() worked.
2026-04-29 06:00:36,685 [INFO] shutil.rmtree worked.
2026-04-29 06:00:36,685 [INFO] Cancelling tasks.
2026-04-29 06:00:36,685 [INFO] Exiting Kaleido/Choreo
2026-04-29 06:00:36,689 [INFO]   → PNG: /Users/bilalmac2/git_repo/warn/docs/charts/3_rolling_trend.png
2026-04-29 06:00:36,689 [INFO]   → HTML div: /Users/bilalmac2/git_repo/warn/docs/charts/3_rolling_trend.html
2026-04-29 06:00:36,690 [INFO] Chart 4: Top-25 companies …
2026-04-29 06:00:36,745 [INFO] Chromium init'ed with kwargs {}
2026-04-29 06:00:36,746 [INFO] Found chromium path: /Applications/Google Chrome.app/Contents/MacOS/Google Chrome
2026-04-29 06:00:36,748 [INFO] Temp directory created: /var/folders/2l/_mqykd2n143bpj9ts872cs5m0000gn/T/tmpi0ceub26.
2026-04-29 06:00:36,750 [INFO] Opening browser.
2026-04-29 06:00:36,751 [INFO] Temp directory created: /var/folders/2l/_mqykd2n143bpj9ts872cs5m0000gn/T/tmp7orzwd4_.
2026-04-29 06:00:36,752 [INFO] Temporary directory at: /var/folders/2l/_mqykd2n143bpj9ts872cs5m0000gn/T/tmp7orzwd4_
2026-04-29 06:00:38,564 [INFO] Conforming 1 to file:///var/folders/2l/_mqykd2n143bpj9ts872cs5m0000gn/T/tmpi0ceub26/index.html
2026-04-29 06:00:38,584 [INFO] Waiting on all navigates
2026-04-29 06:00:40,709 [INFO] All navigates done, putting them all in queue.
2026-04-29 06:00:40,711 [INFO] Getting tab from queue (has 1)
2026-04-29 06:00:40,711 [INFO] Got E75D
2026-04-29 06:00:40,711 [INFO] Processing bTop_25_Filtered_Companies_by_Total_Employees_Affectedb.png
2026-04-29 06:00:40,711 [INFO] Sending big command for bTop_25_Filtered_Companies_by_Total_Employees_Affectedb.png.
2026-04-29 06:00:40,951 [INFO] Sent big command for bTop_25_Filtered_Companies_by_Total_Employees_Affectedb.png.
2026-04-29 06:00:40,955 [INFO] Reloading tab E75D before return.
2026-04-29 06:00:41,099 [INFO] Putting tab E75D back (queue size: 0).
2026-04-29 06:00:41,099 [INFO] Waiting for all cleanups to finish.
2026-04-29 06:00:41,099 [INFO] Exiting Kaleido
2026-04-29 06:00:41,099 [INFO] Closing browser.
2026-04-29 06:00:41,104 [INFO] Closing browser.
2026-04-29 06:00:41,105 [INFO] TemporaryDirectory.cleanup() worked.
2026-04-29 06:00:41,105 [INFO] shutil.rmtree worked.
2026-04-29 06:00:41,105 [INFO] Cancelling tasks.
2026-04-29 06:00:41,105 [INFO] Exiting Kaleido/Choreo
2026-04-29 06:00:41,400 [INFO] TemporaryDirectory.cleanup() worked.
2026-04-29 06:00:41,400 [INFO] shutil.rmtree worked.
2026-04-29 06:00:41,400 [INFO] TemporaryDirectory.cleanup() worked.
2026-04-29 06:00:41,400 [INFO] shutil.rmtree worked.
2026-04-29 06:00:41,401 [INFO] Cancelling tasks.
2026-04-29 06:00:41,401 [INFO] Exiting Kaleido/Choreo
2026-04-29 06:00:41,403 [INFO]   → PNG: /Users/bilalmac2/git_repo/warn/docs/charts/4_top_companies.png
2026-04-29 06:00:41,403 [INFO]   → HTML div: /Users/bilalmac2/git_repo/warn/docs/charts/4_top_companies.html
2026-04-29 06:00:41,404 [INFO] Chart 5: County heatmap …
2026-04-29 06:00:41,454 [INFO] TemporaryDirectory.cleanup() worked.
2026-04-29 06:00:41,454 [INFO] shutil.rmtree worked.
2026-04-29 06:00:41,455 [INFO] TemporaryDirectory.cleanup() worked.
2026-04-29 06:00:41,455 [INFO] shutil.rmtree worked.
2026-04-29 06:00:41,482 [INFO] Chromium init'ed with kwargs {}
2026-04-29 06:00:41,482 [INFO] Found chromium path: /Applications/Google Chrome.app/Contents/MacOS/Google Chrome
2026-04-29 06:00:41,482 [INFO] Temp directory created: /var/folders/2l/_mqykd2n143bpj9ts872cs5m0000gn/T/tmp4w9sljes.
2026-04-29 06:00:41,484 [INFO] Opening browser.
2026-04-29 06:00:41,485 [INFO] Temp directory created: /var/folders/2l/_mqykd2n143bpj9ts872cs5m0000gn/T/tmpkvtqvrbr.
2026-04-29 06:00:41,485 [INFO] Temporary directory at: /var/folders/2l/_mqykd2n143bpj9ts872cs5m0000gn/T/tmpkvtqvrbr
2026-04-29 06:00:43,229 [INFO] Conforming 1 to file:///var/folders/2l/_mqykd2n143bpj9ts872cs5m0000gn/T/tmp4w9sljes/index.html
2026-04-29 06:00:43,235 [INFO] Waiting on all navigates
2026-04-29 06:00:45,249 [INFO] All navigates done, putting them all in queue.
2026-04-29 06:00:45,252 [INFO] Getting tab from queue (has 1)
2026-04-29 06:00:45,252 [INFO] Got 9846
2026-04-29 06:00:45,253 [INFO] Processing bCounty__Month_Heatmap__Employees_Affectedb.png
2026-04-29 06:00:45,253 [INFO] Sending big command for bCounty__Month_Heatmap__Employees_Affectedb.png.
2026-04-29 06:00:45,534 [INFO] Sent big command for bCounty__Month_Heatmap__Employees_Affectedb.png.
2026-04-29 06:00:45,537 [INFO] Reloading tab 9846 before return.
2026-04-29 06:00:45,685 [INFO] Putting tab 9846 back (queue size: 0).
2026-04-29 06:00:45,685 [INFO] Waiting for all cleanups to finish.
2026-04-29 06:00:45,685 [INFO] Exiting Kaleido
2026-04-29 06:00:45,685 [INFO] Closing browser.
2026-04-29 06:00:45,694 [INFO] Closing browser.
2026-04-29 06:00:45,696 [INFO] TemporaryDirectory.cleanup() worked.
2026-04-29 06:00:45,696 [INFO] shutil.rmtree worked.
2026-04-29 06:00:45,696 [INFO] Cancelling tasks.
2026-04-29 06:00:45,696 [INFO] Exiting Kaleido/Choreo
2026-04-29 06:00:46,496 [INFO] TemporaryDirectory.cleanup() worked.
2026-04-29 06:00:46,496 [INFO] shutil.rmtree worked.
2026-04-29 06:00:46,496 [INFO] TemporaryDirectory.cleanup() worked.
2026-04-29 06:00:46,497 [INFO] shutil.rmtree worked.
2026-04-29 06:00:46,497 [INFO] Cancelling tasks.
2026-04-29 06:00:46,497 [INFO] Exiting Kaleido/Choreo
2026-04-29 06:00:46,500 [INFO]   → PNG: /Users/bilalmac2/git_repo/warn/docs/charts/5_county_heatmap.png
2026-04-29 06:00:46,501 [INFO]   → HTML div: /Users/bilalmac2/git_repo/warn/docs/charts/5_county_heatmap.html
2026-04-29 06:00:46,501 [INFO] Chart 6: Treemap …
2026-04-29 06:00:46,530 [INFO] TemporaryDirectory.cleanup() worked.
2026-04-29 06:00:46,530 [INFO] shutil.rmtree worked.
2026-04-29 06:00:47,102 [INFO] Chromium init'ed with kwargs {}
2026-04-29 06:00:47,103 [INFO] Found chromium path: /Applications/Google Chrome.app/Contents/MacOS/Google Chrome
2026-04-29 06:00:47,104 [INFO] Temp directory created: /var/folders/2l/_mqykd2n143bpj9ts872cs5m0000gn/T/tmpl09_u1da.
2026-04-29 06:00:47,105 [INFO] Opening browser.
2026-04-29 06:00:47,105 [INFO] Temp directory created: /var/folders/2l/_mqykd2n143bpj9ts872cs5m0000gn/T/tmp12oedm_b.
2026-04-29 06:00:47,106 [INFO] Temporary directory at: /var/folders/2l/_mqykd2n143bpj9ts872cs5m0000gn/T/tmp12oedm_b
2026-04-29 06:00:48,783 [INFO] Conforming 1 to file:///var/folders/2l/_mqykd2n143bpj9ts872cs5m0000gn/T/tmpl09_u1da/index.html
2026-04-29 06:00:48,784 [INFO] Waiting on all navigates
2026-04-29 06:00:51,028 [INFO] All navigates done, putting them all in queue.
2026-04-29 06:00:51,030 [INFO] Getting tab from queue (has 1)
2026-04-29 06:00:51,030 [INFO] Got 7ECE
2026-04-29 06:00:51,031 [INFO] Processing bLayoff_Treemap__Company_Size_by_Employees_Affectedb.png
2026-04-29 06:00:51,031 [INFO] Sending big command for bLayoff_Treemap__Company_Size_by_Employees_Affectedb.png.
2026-04-29 06:00:51,529 [INFO] Sent big command for bLayoff_Treemap__Company_Size_by_Employees_Affectedb.png.
2026-04-29 06:00:51,534 [INFO] Reloading tab 7ECE before return.
2026-04-29 06:00:51,676 [INFO] Putting tab 7ECE back (queue size: 0).
2026-04-29 06:00:51,677 [INFO] Waiting for all cleanups to finish.
2026-04-29 06:00:51,678 [INFO] Exiting Kaleido
2026-04-29 06:00:51,679 [INFO] Closing browser.
2026-04-29 06:00:51,682 [INFO] Closing browser.
2026-04-29 06:00:51,683 [INFO] TemporaryDirectory.cleanup() worked.
2026-04-29 06:00:51,683 [INFO] shutil.rmtree worked.
2026-04-29 06:00:51,683 [INFO] Cancelling tasks.
2026-04-29 06:00:51,683 [INFO] Exiting Kaleido/Choreo
2026-04-29 06:00:52,702 [INFO] TemporaryDirectory.cleanup() worked.
2026-04-29 06:00:52,702 [INFO] shutil.rmtree worked.
2026-04-29 06:00:52,702 [INFO] TemporaryDirectory.cleanup() worked.
2026-04-29 06:00:52,702 [INFO] shutil.rmtree worked.
2026-04-29 06:00:52,702 [INFO] Cancelling tasks.
2026-04-29 06:00:52,702 [INFO] Exiting Kaleido/Choreo
2026-04-29 06:00:52,744 [INFO]   → PNG: /Users/bilalmac2/git_repo/warn/docs/charts/6_treemap.png
2026-04-29 06:00:52,744 [INFO]   → HTML div: /Users/bilalmac2/git_repo/warn/docs/charts/6_treemap.html
2026-04-29 06:00:52,746 [INFO] Chart 7: Year-over-year bar …
2026-04-29 06:00:52,846 [INFO] Chromium init'ed with kwargs {}
2026-04-29 06:00:52,846 [INFO] Found chromium path: /Applications/Google Chrome.app/Contents/MacOS/Google Chrome
2026-04-29 06:00:52,847 [INFO] Temp directory created: /var/folders/2l/_mqykd2n143bpj9ts872cs5m0000gn/T/tmp5b1__97b.
2026-04-29 06:00:52,847 [INFO] Opening browser.
2026-04-29 06:00:52,848 [INFO] Temp directory created: /var/folders/2l/_mqykd2n143bpj9ts872cs5m0000gn/T/tmpyqn2yr3p.
2026-04-29 06:00:52,848 [INFO] Temporary directory at: /var/folders/2l/_mqykd2n143bpj9ts872cs5m0000gn/T/tmpyqn2yr3p
2026-04-29 06:00:55,301 [INFO] Conforming 1 to file:///var/folders/2l/_mqykd2n143bpj9ts872cs5m0000gn/T/tmp5b1__97b/index.html
2026-04-29 06:00:55,301 [INFO] Waiting on all navigates
2026-04-29 06:00:57,831 [INFO] All navigates done, putting them all in queue.
2026-04-29 06:00:57,833 [INFO] Getting tab from queue (has 1)
2026-04-29 06:00:57,833 [INFO] Got C461
2026-04-29 06:00:57,834 [INFO] Processing bYear_over_Year__Employees_Affected__Notice_Count_2014Presentb.png
2026-04-29 06:00:57,834 [INFO] Sending big command for bYear_over_Year__Employees_Affected__Notice_Count_2014Presentb.png.
2026-04-29 06:00:58,078 [INFO] Sent big command for bYear_over_Year__Employees_Affected__Notice_Count_2014Presentb.png.
2026-04-29 06:00:58,082 [INFO] Reloading tab C461 before return.
2026-04-29 06:00:58,218 [INFO] Putting tab C461 back (queue size: 0).
2026-04-29 06:00:58,218 [INFO] Waiting for all cleanups to finish.
2026-04-29 06:00:58,218 [INFO] Exiting Kaleido
2026-04-29 06:00:58,219 [INFO] Closing browser.
2026-04-29 06:00:58,221 [INFO] Closing browser.
2026-04-29 06:00:58,222 [INFO] TemporaryDirectory.cleanup() worked.
2026-04-29 06:00:58,225 [INFO] shutil.rmtree worked.
2026-04-29 06:00:58,225 [INFO] Cancelling tasks.
2026-04-29 06:00:58,225 [INFO] Exiting Kaleido/Choreo
2026-04-29 06:00:59,199 [INFO] TemporaryDirectory.cleanup() worked.
2026-04-29 06:00:59,199 [INFO] shutil.rmtree worked.
2026-04-29 06:00:59,199 [INFO] TemporaryDirectory.cleanup() worked.
2026-04-29 06:00:59,200 [INFO] shutil.rmtree worked.
2026-04-29 06:00:59,200 [INFO] Cancelling tasks.
2026-04-29 06:00:59,200 [INFO] Exiting Kaleido/Choreo
2026-04-29 06:00:59,227 [INFO]   → PNG: /Users/bilalmac2/git_repo/warn/docs/charts/7_yoy_bar.png
2026-04-29 06:00:59,227 [INFO]   → HTML div: /Users/bilalmac2/git_repo/warn/docs/charts/7_yoy_bar.html
2026-04-29 06:00:59,227 [INFO] Chart 8: Multi-year trend …
/Users/bilalmac2/git_repo/warn/warn_charts.py:593: UserWarning: Could not infer format, so each element will be parsed individually, falling back to `dateutil`. To ensure parsing is consistent and as-expected, please specify a format.
  df_all["effective_date"] = pd.to_datetime(df_all["effective_date"], errors="coerce")
2026-04-29 06:00:59,414 [INFO] TemporaryDirectory.cleanup() worked.
2026-04-29 06:00:59,415 [INFO] shutil.rmtree worked.
2026-04-29 06:00:59,415 [INFO] TemporaryDirectory.cleanup() worked.
2026-04-29 06:00:59,415 [INFO] shutil.rmtree worked.
2026-04-29 06:00:59,416 [INFO] Chromium init'ed with kwargs {}
2026-04-29 06:00:59,416 [INFO] Found chromium path: /Applications/Google Chrome.app/Contents/MacOS/Google Chrome
2026-04-29 06:00:59,416 [INFO] Temp directory created: /var/folders/2l/_mqykd2n143bpj9ts872cs5m0000gn/T/tmp5g6sg89y.
2026-04-29 06:00:59,417 [INFO] Opening browser.
2026-04-29 06:00:59,417 [INFO] Temp directory created: /var/folders/2l/_mqykd2n143bpj9ts872cs5m0000gn/T/tmpr6aw1unp.
2026-04-29 06:00:59,417 [INFO] Temporary directory at: /var/folders/2l/_mqykd2n143bpj9ts872cs5m0000gn/T/tmpr6aw1unp
2026-04-29 06:01:01,222 [INFO] Conforming 1 to file:///var/folders/2l/_mqykd2n143bpj9ts872cs5m0000gn/T/tmp5g6sg89y/index.html
2026-04-29 06:01:01,222 [INFO] Waiting on all navigates
2026-04-29 06:01:03,147 [INFO] All navigates done, putting them all in queue.
2026-04-29 06:01:03,150 [INFO] Getting tab from queue (has 1)
2026-04-29 06:01:03,150 [INFO] Got 8F1B
2026-04-29 06:01:03,151 [INFO] Processing bMulti_Year_Monthly_Comparison__Employees_Affected_by_Monthb.png
2026-04-29 06:01:03,151 [INFO] Sending big command for bMulti_Year_Monthly_Comparison__Employees_Affected_by_Monthb.png.
2026-04-29 06:01:03,395 [INFO] Sent big command for bMulti_Year_Monthly_Comparison__Employees_Affected_by_Monthb.png.
2026-04-29 06:01:03,401 [INFO] Reloading tab 8F1B before return.
2026-04-29 06:01:03,544 [INFO] Putting tab 8F1B back (queue size: 0).
2026-04-29 06:01:03,544 [INFO] Waiting for all cleanups to finish.
2026-04-29 06:01:03,544 [INFO] Exiting Kaleido
2026-04-29 06:01:03,544 [INFO] Closing browser.
2026-04-29 06:01:03,547 [INFO] Closing browser.
2026-04-29 06:01:03,551 [INFO] TemporaryDirectory.cleanup() worked.
2026-04-29 06:01:03,552 [INFO] shutil.rmtree worked.
2026-04-29 06:01:03,553 [INFO] Cancelling tasks.
2026-04-29 06:01:03,553 [INFO] Exiting Kaleido/Choreo
2026-04-29 06:01:04,072 [INFO] TemporaryDirectory.cleanup() worked.
2026-04-29 06:01:04,072 [INFO] shutil.rmtree worked.
2026-04-29 06:01:04,072 [INFO] TemporaryDirectory.cleanup() worked.
2026-04-29 06:01:04,073 [INFO] shutil.rmtree worked.
2026-04-29 06:01:04,073 [INFO] Cancelling tasks.
2026-04-29 06:01:04,073 [INFO] Exiting Kaleido/Choreo
2026-04-29 06:01:04,074 [INFO]   → PNG: /Users/bilalmac2/git_repo/warn/docs/charts/8_multiyear_trend.png
2026-04-29 06:01:04,074 [INFO]   → HTML div: /Users/bilalmac2/git_repo/warn/docs/charts/8_multiyear_trend.html
2026-04-29 06:01:04,075 [INFO] Chart 9: Industry breakdown …
2026-04-29 06:01:04,127 [INFO] Chromium init'ed with kwargs {}
2026-04-29 06:01:04,130 [INFO] Found chromium path: /Applications/Google Chrome.app/Contents/MacOS/Google Chrome
2026-04-29 06:01:04,131 [INFO] Temp directory created: /var/folders/2l/_mqykd2n143bpj9ts872cs5m0000gn/T/tmplnrls1ga.
2026-04-29 06:01:04,133 [INFO] Opening browser.
2026-04-29 06:01:04,135 [INFO] Temp directory created: /var/folders/2l/_mqykd2n143bpj9ts872cs5m0000gn/T/tmpyls_9m5k.
2026-04-29 06:01:04,135 [INFO] Temporary directory at: /var/folders/2l/_mqykd2n143bpj9ts872cs5m0000gn/T/tmpyls_9m5k
2026-04-29 06:01:06,434 [INFO] Conforming 1 to file:///var/folders/2l/_mqykd2n143bpj9ts872cs5m0000gn/T/tmplnrls1ga/index.html
2026-04-29 06:01:06,435 [INFO] Waiting on all navigates
2026-04-29 06:01:08,476 [INFO] All navigates done, putting them all in queue.
2026-04-29 06:01:08,477 [INFO] Getting tab from queue (has 1)
2026-04-29 06:01:08,478 [INFO] Got 530A
2026-04-29 06:01:08,478 [INFO] Processing bEmployees_Affected_by_Industry_Sectorb.png
2026-04-29 06:01:08,478 [INFO] Sending big command for bEmployees_Affected_by_Industry_Sectorb.png.
2026-04-29 06:01:08,693 [INFO] Sent big command for bEmployees_Affected_by_Industry_Sectorb.png.
2026-04-29 06:01:08,697 [INFO] Reloading tab 530A before return.
2026-04-29 06:01:08,829 [INFO] Putting tab 530A back (queue size: 0).
2026-04-29 06:01:08,830 [INFO] Waiting for all cleanups to finish.
2026-04-29 06:01:08,830 [INFO] Exiting Kaleido
2026-04-29 06:01:08,830 [INFO] Closing browser.
2026-04-29 06:01:08,835 [INFO] Closing browser.
2026-04-29 06:01:08,837 [INFO] TemporaryDirectory.cleanup() worked.
2026-04-29 06:01:08,837 [INFO] shutil.rmtree worked.
2026-04-29 06:01:08,838 [INFO] Cancelling tasks.
2026-04-29 06:01:08,838 [INFO] Exiting Kaleido/Choreo
2026-04-29 06:01:09,281 [INFO] TemporaryDirectory.cleanup() worked.
2026-04-29 06:01:09,281 [INFO] shutil.rmtree worked.
2026-04-29 06:01:09,281 [INFO] TemporaryDirectory.cleanup() worked.
2026-04-29 06:01:09,282 [INFO] shutil.rmtree worked.
2026-04-29 06:01:09,282 [INFO] Cancelling tasks.
2026-04-29 06:01:09,282 [INFO] Exiting Kaleido/Choreo
2026-04-29 06:01:09,304 [INFO]   → PNG: /Users/bilalmac2/git_repo/warn/docs/charts/9_industry_breakdown.png
2026-04-29 06:01:09,304 [INFO]   → HTML div: /Users/bilalmac2/git_repo/warn/docs/charts/9_industry_breakdown.html
2026-04-29 06:01:09,306 [INFO] Chart 10: Lead time histogram …
2026-04-29 06:01:09,412 [INFO] TemporaryDirectory.cleanup() worked.
2026-04-29 06:01:09,412 [INFO] shutil.rmtree worked.
2026-04-29 06:01:09,413 [INFO] Chromium init'ed with kwargs {}
2026-04-29 06:01:09,415 [INFO] Found chromium path: /Applications/Google Chrome.app/Contents/MacOS/Google Chrome
2026-04-29 06:01:09,416 [INFO] Temp directory created: /var/folders/2l/_mqykd2n143bpj9ts872cs5m0000gn/T/tmp2m9avwsq.
2026-04-29 06:01:09,418 [INFO] Opening browser.
2026-04-29 06:01:09,419 [INFO] Temp directory created: /var/folders/2l/_mqykd2n143bpj9ts872cs5m0000gn/T/tmpvl1l9d3k.
2026-04-29 06:01:09,420 [INFO] Temporary directory at: /var/folders/2l/_mqykd2n143bpj9ts872cs5m0000gn/T/tmpvl1l9d3k
2026-04-29 06:01:11,241 [INFO] Conforming 1 to file:///var/folders/2l/_mqykd2n143bpj9ts872cs5m0000gn/T/tmp2m9avwsq/index.html
2026-04-29 06:01:11,254 [INFO] Waiting on all navigates
2026-04-29 06:01:13,181 [INFO] All navigates done, putting them all in queue.
2026-04-29 06:01:13,182 [INFO] Getting tab from queue (has 1)
2026-04-29 06:01:13,183 [INFO] Got DBAD
2026-04-29 06:01:13,183 [INFO] Processing bNotice_Lead_Time_Distribution__74_Filed_60_Days_in_Advanceb.png
2026-04-29 06:01:13,183 [INFO] Sending big command for bNotice_Lead_Time_Distribution__74_Filed_60_Days_in_Advanceb.png.
2026-04-29 06:01:13,355 [INFO] Sent big command for bNotice_Lead_Time_Distribution__74_Filed_60_Days_in_Advanceb.png.
2026-04-29 06:01:13,357 [INFO] Reloading tab DBAD before return.
2026-04-29 06:01:13,491 [INFO] Putting tab DBAD back (queue size: 0).
2026-04-29 06:01:13,491 [INFO] Waiting for all cleanups to finish.
2026-04-29 06:01:13,491 [INFO] Exiting Kaleido
2026-04-29 06:01:13,491 [INFO] Closing browser.
2026-04-29 06:01:13,494 [INFO] Closing browser.
2026-04-29 06:01:13,495 [INFO] TemporaryDirectory.cleanup() worked.
2026-04-29 06:01:13,496 [INFO] shutil.rmtree worked.
2026-04-29 06:01:13,496 [INFO] Cancelling tasks.
2026-04-29 06:01:13,496 [INFO] Exiting Kaleido/Choreo
2026-04-29 06:01:14,346 [INFO] TemporaryDirectory.cleanup() worked.
2026-04-29 06:01:14,346 [INFO] shutil.rmtree worked.
2026-04-29 06:01:14,347 [INFO] TemporaryDirectory.cleanup() worked.
2026-04-29 06:01:14,347 [INFO] shutil.rmtree worked.
2026-04-29 06:01:14,347 [INFO] Cancelling tasks.
2026-04-29 06:01:14,347 [INFO] Exiting Kaleido/Choreo
2026-04-29 06:01:14,350 [INFO]   → PNG: /Users/bilalmac2/git_repo/warn/docs/charts/10_lead_time.png
2026-04-29 06:01:14,350 [INFO]   → HTML div: /Users/bilalmac2/git_repo/warn/docs/charts/10_lead_time.html
2026-04-29 06:01:14,351 [INFO] Chart 11: County bar …
2026-04-29 06:01:14,401 [INFO] Chromium init'ed with kwargs {}
2026-04-29 06:01:14,402 [INFO] Found chromium path: /Applications/Google Chrome.app/Contents/MacOS/Google Chrome
2026-04-29 06:01:14,404 [INFO] Temp directory created: /var/folders/2l/_mqykd2n143bpj9ts872cs5m0000gn/T/tmpwowrbanp.
2026-04-29 06:01:14,405 [INFO] Opening browser.
2026-04-29 06:01:14,406 [INFO] Temp directory created: /var/folders/2l/_mqykd2n143bpj9ts872cs5m0000gn/T/tmpd2pwzo6q.
2026-04-29 06:01:14,406 [INFO] Temporary directory at: /var/folders/2l/_mqykd2n143bpj9ts872cs5m0000gn/T/tmpd2pwzo6q
2026-04-29 06:01:15,991 [INFO] Conforming 1 to file:///var/folders/2l/_mqykd2n143bpj9ts872cs5m0000gn/T/tmpwowrbanp/index.html
2026-04-29 06:01:15,996 [INFO] Waiting on all navigates
2026-04-29 06:01:17,929 [INFO] All navigates done, putting them all in queue.
2026-04-29 06:01:17,930 [INFO] Getting tab from queue (has 1)
2026-04-29 06:01:17,930 [INFO] Got 872D
2026-04-29 06:01:17,930 [INFO] Processing bTop_10_Counties_by_Employees_Affectedb.png
2026-04-29 06:01:17,931 [INFO] Sending big command for bTop_10_Counties_by_Employees_Affectedb.png.
2026-04-29 06:01:18,110 [INFO] Sent big command for bTop_10_Counties_by_Employees_Affectedb.png.
2026-04-29 06:01:18,112 [INFO] Reloading tab 872D before return.
2026-04-29 06:01:18,253 [INFO] Putting tab 872D back (queue size: 0).
2026-04-29 06:01:18,254 [INFO] Waiting for all cleanups to finish.
2026-04-29 06:01:18,254 [INFO] Exiting Kaleido
2026-04-29 06:01:18,254 [INFO] Closing browser.
2026-04-29 06:01:18,259 [INFO] Closing browser.
2026-04-29 06:01:18,260 [INFO] TemporaryDirectory.cleanup() worked.
2026-04-29 06:01:18,261 [INFO] shutil.rmtree worked.
2026-04-29 06:01:18,261 [INFO] Cancelling tasks.
2026-04-29 06:01:18,261 [INFO] Exiting Kaleido/Choreo
2026-04-29 06:01:18,939 [INFO] TemporaryDirectory.cleanup() worked.
2026-04-29 06:01:18,940 [INFO] shutil.rmtree worked.
2026-04-29 06:01:18,940 [INFO] TemporaryDirectory.cleanup() worked.
2026-04-29 06:01:18,941 [INFO] shutil.rmtree worked.
2026-04-29 06:01:18,941 [INFO] Cancelling tasks.
2026-04-29 06:01:18,941 [INFO] Exiting Kaleido/Choreo
2026-04-29 06:01:18,943 [INFO]   → PNG: /Users/bilalmac2/git_repo/warn/docs/charts/11_county_bar.png
2026-04-29 06:01:18,943 [INFO]   → HTML div: /Users/bilalmac2/git_repo/warn/docs/charts/11_county_bar.html
2026-04-29 06:01:18,944 [INFO] Charts complete.
2026-04-29 06:01:18,967 [INFO] Step 5/5: Building site …
2026-04-29 06:01:18,967 [INFO] Building index.html …
2026-04-29 06:01:19,064 [INFO] Site built → /Users/bilalmac2/git_repo/warn/docs/index.html
2026-04-29 06:01:19,065 [INFO] Git push …
2026-04-29 06:01:19,065 [INFO] Staging changes …
2026-04-29 06:01:20,481 [INFO] Committing: auto: WARN update 2026-04-29 13:01 UTC
2026-04-29 06:01:21,917 [INFO] Pushing to origin/main …
2026-04-29 06:01:33,319 [INFO] ✓ Pushed successfully.
2026-04-29 06:01:33,319 [INFO] ✓ Publisher complete.
2026-04-29 06:01:33,431 [INFO] TemporaryDirectory.cleanup() worked.
2026-04-29 06:01:33,431 [INFO] shutil.rmtree worked.
2026-04-29 06:01:33,431 [INFO] TemporaryDirectory.cleanup() worked.
2026-04-29 06:01:33,431 [INFO] shutil.rmtree worked.
2026-04-29 06:01:33,431 [INFO] TemporaryDirectory.cleanup() worked.
2026-04-29 06:01:33,431 [INFO] shutil.rmtree worked.
2026-04-29 06:01:33,432 [INFO] TemporaryDirectory.cleanup() worked.
2026-04-29 06:01:33,432 [INFO] shutil.rmtree worked.
/Users/bilalmac2/Library/Python/3.9/lib/python/site-packages/urllib3/__init__.py:34: NotOpenSSLWarning: urllib3 v2.0 only supports OpenSSL 1.1.1+, currently the 'ssl' module is compiled with 'LibreSSL 2.8.3'. See: https://github.com/urllib3/urllib3/issues/3020
  warnings.warn(
2026-04-29 18:00:02,503 [INFO] ======================================================================
2026-04-29 18:00:02,503 [INFO] WARN Publisher — 2026-04-30T01:00:02.503211+00:00Z
2026-04-29 18:00:02,503 [INFO] ======================================================================
2026-04-29 18:00:02,503 [INFO] Step 1/5: Running monitor …
2026-04-29 18:00:02,504 [INFO] ============================================================
2026-04-29 18:00:02,504 [INFO] WARN Monitor — 2026-04-30T01:00:02.504187+00:00Z
2026-04-29 18:00:02,504 [INFO] ============================================================
2026-04-29 18:00:02,505 [INFO] Requesting WARN XLSX from EDD …
2026-04-29 18:00:02,724 [INFO] EDD server: 304 Not Modified — data unchanged.
2026-04-29 18:00:02,728 [INFO] Parsing /Users/bilalmac2/git_repo/warn/file.xlsx …
2026-04-29 18:00:03,085 [INFO] Available sheets: ['Index', 'WARN Report Summary', 'Detailed WARN Report ', 'Call Center Relocations Summary', 'Call Center Relocations Report', 'Industry List']
2026-04-29 18:00:03,085 [INFO] Using sheet: 'Detailed WARN Report '
/Users/bilalmac2/Library/Python/3.9/lib/python/site-packages/openpyxl/worksheet/_reader.py:329: UserWarning: Data Validation extension is not supported and will be removed
  warn(msg)
2026-04-29 18:00:03,315 [INFO] Detailed sheet columns: ['County/Parish', 'Notice\nDate', 'Processed\nDate', 'Effective \nDate', 'Company', 'Layoff/\nClosure', 'No. Of\nEmployees', 'Address', 'Related Industry']
2026-04-29 18:00:03,560 [INFO] Parsed 1140 WARN records spanning 2025-01-05 → 2026-12-30
2026-04-29 18:00:03,583 [INFO] Changes: +0 new, -76 removed records
2026-04-29 18:00:03,614 [INFO] Saved 1140 records to /Users/bilalmac2/git_repo/warn/data/warn_latest.json
2026-04-29 18:00:03,614 [INFO] Monitor run complete.
2026-04-29 18:00:03,615 [INFO] Step 2/5: Generating diff report …
2026-04-29 18:00:03,816 [INFO] Step 3/5: Updating historical data …
2026-04-29 18:00:03,817 [INFO] Year 2014: already parsed — skipping (use --force to re-parse)
2026-04-29 18:00:03,817 [INFO] Year 2015: already parsed — skipping (use --force to re-parse)
2026-04-29 18:00:03,817 [INFO] Year 2016: already parsed — skipping (use --force to re-parse)
2026-04-29 18:00:03,817 [INFO] Year 2017: already parsed — skipping (use --force to re-parse)
2026-04-29 18:00:03,818 [INFO] Year 2018: already parsed — skipping (use --force to re-parse)
2026-04-29 18:00:03,818 [INFO] Year 2019: already parsed — skipping (use --force to re-parse)
2026-04-29 18:00:03,818 [INFO] Year 2020: already parsed — skipping (use --force to re-parse)
2026-04-29 18:00:03,818 [INFO] Year 2021: already parsed — skipping (use --force to re-parse)
2026-04-29 18:00:03,818 [INFO] Year 2022: already parsed — skipping (use --force to re-parse)
2026-04-29 18:00:03,818 [INFO] Year 2023: already parsed — skipping (use --force to re-parse)
2026-04-29 18:00:03,818 [INFO] Year 2024: already parsed — skipping (use --force to re-parse)
2026-04-29 18:00:03,865 [INFO] Combined dataset: 1,441 records across 12 years
2026-04-29 18:00:03,865 [INFO] Step 4/5: Generating charts …
2026-04-29 18:00:03,895 [INFO] Loaded 1140 records for charting.
2026-04-29 18:00:03,901 [INFO] Historical data: 1,441 records across 12 years
2026-04-29 18:00:03,901 [INFO] Chart 1: Timeline scatter …
2026-04-29 18:00:05,279 [INFO] Chromium init'ed with kwargs {}
2026-04-29 18:00:05,298 [INFO] Found chromium path: /Applications/Google Chrome.app/Contents/MacOS/Google Chrome
2026-04-29 18:00:05,300 [INFO] Temp directory created: /var/folders/2l/_mqykd2n143bpj9ts872cs5m0000gn/T/tmplf0be4yd.
2026-04-29 18:00:05,300 [INFO] Opening browser.
2026-04-29 18:00:05,301 [INFO] Temp directory created: /var/folders/2l/_mqykd2n143bpj9ts872cs5m0000gn/T/tmpvx5xus1j.
2026-04-29 18:00:05,302 [INFO] Temporary directory at: /var/folders/2l/_mqykd2n143bpj9ts872cs5m0000gn/T/tmpvx5xus1j
2026-04-29 18:00:08,140 [INFO] Conforming 1 to file:///var/folders/2l/_mqykd2n143bpj9ts872cs5m0000gn/T/tmplf0be4yd/index.html
2026-04-29 18:00:08,147 [INFO] Waiting on all navigates
2026-04-29 18:00:10,338 [INFO] All navigates done, putting them all in queue.
2026-04-29 18:00:10,341 [INFO] Getting tab from queue (has 1)
2026-04-29 18:00:10,341 [INFO] Got DA92
2026-04-29 18:00:10,342 [INFO] Processing bWARN_Notices__Employees_by_Effective_Dateb.png
2026-04-29 18:00:10,342 [INFO] Sending big command for bWARN_Notices__Employees_by_Effective_Dateb.png.
2026-04-29 18:00:14,033 [INFO] Sent big command for bWARN_Notices__Employees_by_Effective_Dateb.png.
2026-04-29 18:00:14,051 [INFO] Reloading tab DA92 before return.
2026-04-29 18:00:14,609 [INFO] Putting tab DA92 back (queue size: 0).
2026-04-29 18:00:14,609 [INFO] Waiting for all cleanups to finish.
2026-04-29 18:00:14,609 [INFO] Exiting Kaleido
2026-04-29 18:00:14,609 [INFO] Closing browser.
2026-04-29 18:00:14,616 [INFO] Closing browser.
2026-04-29 18:00:14,617 [INFO] TemporaryDirectory.cleanup() worked.
2026-04-29 18:00:14,619 [INFO] shutil.rmtree worked.
2026-04-29 18:00:14,619 [INFO] Cancelling tasks.
2026-04-29 18:00:14,619 [INFO] Exiting Kaleido/Choreo
2026-04-29 18:00:15,165 [INFO] TemporaryDirectory.cleanup() worked.
2026-04-29 18:00:15,165 [INFO] shutil.rmtree worked.
2026-04-29 18:00:15,165 [INFO] TemporaryDirectory.cleanup() worked.
2026-04-29 18:00:15,166 [INFO] shutil.rmtree worked.
2026-04-29 18:00:15,166 [INFO] Cancelling tasks.
2026-04-29 18:00:15,166 [INFO] Exiting Kaleido/Choreo
2026-04-29 18:00:15,173 [INFO]   → PNG: /Users/bilalmac2/git_repo/warn/docs/charts/1_timeline_scatter.png
2026-04-29 18:00:15,173 [INFO]   → HTML div: /Users/bilalmac2/git_repo/warn/docs/charts/1_timeline_scatter.html
2026-04-29 18:00:15,174 [INFO] Chart 2: Monthly bar chart …
2026-04-29 18:00:15,230 [INFO] Chromium init'ed with kwargs {}
2026-04-29 18:00:15,232 [INFO] Found chromium path: /Applications/Google Chrome.app/Contents/MacOS/Google Chrome
2026-04-29 18:00:15,232 [INFO] Temp directory created: /var/folders/2l/_mqykd2n143bpj9ts872cs5m0000gn/T/tmpgn06zrvz.
2026-04-29 18:00:15,233 [INFO] Opening browser.
2026-04-29 18:00:15,234 [INFO] TemporaryDirectory.cleanup() worked.
2026-04-29 18:00:15,234 [INFO] shutil.rmtree worked.
2026-04-29 18:00:15,235 [INFO] Temp directory created: /var/folders/2l/_mqykd2n143bpj9ts872cs5m0000gn/T/tmp1q9japr2.
2026-04-29 18:00:15,235 [INFO] Temporary directory at: /var/folders/2l/_mqykd2n143bpj9ts872cs5m0000gn/T/tmp1q9japr2
2026-04-29 18:00:16,943 [INFO] Conforming 1 to file:///var/folders/2l/_mqykd2n143bpj9ts872cs5m0000gn/T/tmpgn06zrvz/index.html
2026-04-29 18:00:16,946 [INFO] Waiting on all navigates
2026-04-29 18:00:19,088 [INFO] All navigates done, putting them all in queue.
2026-04-29 18:00:19,089 [INFO] Getting tab from queue (has 1)
2026-04-29 18:00:19,089 [INFO] Got 5E00
2026-04-29 18:00:19,090 [INFO] Processing bMonthly_Layoffs__Total_Employees_Affectedb.png
2026-04-29 18:00:19,090 [INFO] Sending big command for bMonthly_Layoffs__Total_Employees_Affectedb.png.
2026-04-29 18:00:19,325 [INFO] Sent big command for bMonthly_Layoffs__Total_Employees_Affectedb.png.
2026-04-29 18:00:19,327 [INFO] Reloading tab 5E00 before return.
2026-04-29 18:00:19,483 [INFO] Putting tab 5E00 back (queue size: 0).
2026-04-29 18:00:19,483 [INFO] Waiting for all cleanups to finish.
2026-04-29 18:00:19,483 [INFO] Exiting Kaleido
2026-04-29 18:00:19,483 [INFO] Closing browser.
2026-04-29 18:00:19,504 [INFO] Closing browser.
2026-04-29 18:00:19,505 [INFO] TemporaryDirectory.cleanup() worked.
2026-04-29 18:00:19,505 [INFO] shutil.rmtree worked.
2026-04-29 18:00:19,505 [INFO] Cancelling tasks.
2026-04-29 18:00:19,505 [INFO] Exiting Kaleido/Choreo
2026-04-29 18:00:19,850 [INFO] TemporaryDirectory.cleanup() worked.
2026-04-29 18:00:19,850 [INFO] shutil.rmtree worked.
2026-04-29 18:00:19,850 [INFO] TemporaryDirectory.cleanup() worked.
2026-04-29 18:00:19,850 [INFO] shutil.rmtree worked.
2026-04-29 18:00:19,851 [INFO] Cancelling tasks.
2026-04-29 18:00:19,851 [INFO] Exiting Kaleido/Choreo
2026-04-29 18:00:19,853 [INFO]   → PNG: /Users/bilalmac2/git_repo/warn/docs/charts/2_monthly_bar.png
2026-04-29 18:00:19,854 [INFO]   → HTML div: /Users/bilalmac2/git_repo/warn/docs/charts/2_monthly_bar.html
2026-04-29 18:00:19,855 [INFO] Chart 3: Rolling trend …
2026-04-29 18:00:19,949 [INFO] Chromium init'ed with kwargs {}
2026-04-29 18:00:19,951 [INFO] Found chromium path: /Applications/Google Chrome.app/Contents/MacOS/Google Chrome
2026-04-29 18:00:19,953 [INFO] Temp directory created: /var/folders/2l/_mqykd2n143bpj9ts872cs5m0000gn/T/tmpz9qjgfsk.
2026-04-29 18:00:19,954 [INFO] Opening browser.
2026-04-29 18:00:19,955 [INFO] Temp directory created: /var/folders/2l/_mqykd2n143bpj9ts872cs5m0000gn/T/tmp4iywt12g.
2026-04-29 18:00:19,955 [INFO] Temporary directory at: /var/folders/2l/_mqykd2n143bpj9ts872cs5m0000gn/T/tmp4iywt12g
2026-04-29 18:00:21,743 [INFO] Conforming 1 to file:///var/folders/2l/_mqykd2n143bpj9ts872cs5m0000gn/T/tmpz9qjgfsk/index.html
2026-04-29 18:00:21,751 [INFO] Waiting on all navigates
2026-04-29 18:00:23,884 [INFO] All navigates done, putting them all in queue.
2026-04-29 18:00:23,886 [INFO] Getting tab from queue (has 1)
2026-04-29 18:00:23,886 [INFO] Got 5192
2026-04-29 18:00:23,886 [INFO] Processing bLayoff_Trend__Daily_30_Day_Average__Cumulativeb.png
2026-04-29 18:00:23,886 [INFO] Sending big command for bLayoff_Trend__Daily_30_Day_Average__Cumulativeb.png.
2026-04-29 18:00:24,227 [INFO] Sent big command for bLayoff_Trend__Daily_30_Day_Average__Cumulativeb.png.
2026-04-29 18:00:24,231 [INFO] Reloading tab 5192 before return.
2026-04-29 18:00:24,384 [INFO] Putting tab 5192 back (queue size: 0).
2026-04-29 18:00:24,385 [INFO] Waiting for all cleanups to finish.
2026-04-29 18:00:24,385 [INFO] Exiting Kaleido
2026-04-29 18:00:24,385 [INFO] Closing browser.
2026-04-29 18:00:24,391 [INFO] Closing browser.
2026-04-29 18:00:24,392 [INFO] TemporaryDirectory.cleanup() worked.
2026-04-29 18:00:24,393 [INFO] shutil.rmtree worked.
2026-04-29 18:00:24,393 [INFO] Cancelling tasks.
2026-04-29 18:00:24,393 [INFO] Exiting Kaleido/Choreo
2026-04-29 18:00:24,926 [INFO] TemporaryDirectory.cleanup() worked.
2026-04-29 18:00:24,926 [INFO] shutil.rmtree worked.
2026-04-29 18:00:24,926 [INFO] TemporaryDirectory.cleanup() worked.
2026-04-29 18:00:24,927 [INFO] shutil.rmtree worked.
2026-04-29 18:00:24,927 [INFO] Cancelling tasks.
2026-04-29 18:00:24,927 [INFO] Exiting Kaleido/Choreo
2026-04-29 18:00:24,930 [INFO]   → PNG: /Users/bilalmac2/git_repo/warn/docs/charts/3_rolling_trend.png
2026-04-29 18:00:24,930 [INFO]   → HTML div: /Users/bilalmac2/git_repo/warn/docs/charts/3_rolling_trend.html
2026-04-29 18:00:24,932 [INFO] Chart 4: Top-25 companies …
2026-04-29 18:00:24,981 [INFO] Chromium init'ed with kwargs {}
2026-04-29 18:00:24,982 [INFO] Found chromium path: /Applications/Google Chrome.app/Contents/MacOS/Google Chrome
2026-04-29 18:00:24,982 [INFO] Temp directory created: /var/folders/2l/_mqykd2n143bpj9ts872cs5m0000gn/T/tmpn57kd58_.
2026-04-29 18:00:24,983 [INFO] Opening browser.
2026-04-29 18:00:24,984 [INFO] Temp directory created: /var/folders/2l/_mqykd2n143bpj9ts872cs5m0000gn/T/tmpr0mf3nk9.
2026-04-29 18:00:24,984 [INFO] Temporary directory at: /var/folders/2l/_mqykd2n143bpj9ts872cs5m0000gn/T/tmpr0mf3nk9
2026-04-29 18:00:26,779 [INFO] Conforming 1 to file:///var/folders/2l/_mqykd2n143bpj9ts872cs5m0000gn/T/tmpn57kd58_/index.html
2026-04-29 18:00:26,791 [INFO] Waiting on all navigates
2026-04-29 18:00:28,842 [INFO] All navigates done, putting them all in queue.
2026-04-29 18:00:28,844 [INFO] Getting tab from queue (has 1)
2026-04-29 18:00:28,844 [INFO] Got AA4A
2026-04-29 18:00:28,844 [INFO] Processing bTop_25_Filtered_Companies_by_Total_Employees_Affectedb.png
2026-04-29 18:00:28,844 [INFO] Sending big command for bTop_25_Filtered_Companies_by_Total_Employees_Affectedb.png.
2026-04-29 18:00:29,083 [INFO] Sent big command for bTop_25_Filtered_Companies_by_Total_Employees_Affectedb.png.
2026-04-29 18:00:29,089 [INFO] Reloading tab AA4A before return.
2026-04-29 18:00:29,237 [INFO] Putting tab AA4A back (queue size: 0).
2026-04-29 18:00:29,237 [INFO] Waiting for all cleanups to finish.
2026-04-29 18:00:29,237 [INFO] Exiting Kaleido
2026-04-29 18:00:29,237 [INFO] Closing browser.
2026-04-29 18:00:29,243 [INFO] Closing browser.
2026-04-29 18:00:29,245 [INFO] TemporaryDirectory.cleanup() worked.
2026-04-29 18:00:29,245 [INFO] shutil.rmtree worked.
2026-04-29 18:00:29,245 [INFO] Cancelling tasks.
2026-04-29 18:00:29,245 [INFO] Exiting Kaleido/Choreo
2026-04-29 18:00:30,100 [INFO] TemporaryDirectory.cleanup() worked.
2026-04-29 18:00:30,102 [INFO] shutil.rmtree worked.
2026-04-29 18:00:30,103 [INFO] TemporaryDirectory.cleanup() worked.
2026-04-29 18:00:30,103 [INFO] shutil.rmtree worked.
2026-04-29 18:00:30,103 [INFO] Cancelling tasks.
2026-04-29 18:00:30,103 [INFO] Exiting Kaleido/Choreo
2026-04-29 18:00:30,106 [INFO]   → PNG: /Users/bilalmac2/git_repo/warn/docs/charts/4_top_companies.png
2026-04-29 18:00:30,106 [INFO]   → HTML div: /Users/bilalmac2/git_repo/warn/docs/charts/4_top_companies.html
2026-04-29 18:00:30,107 [INFO] Chart 5: County heatmap …
2026-04-29 18:00:30,177 [INFO] TemporaryDirectory.cleanup() worked.
2026-04-29 18:00:30,178 [INFO] shutil.rmtree worked.
2026-04-29 18:00:30,178 [INFO] TemporaryDirectory.cleanup() worked.
2026-04-29 18:00:30,178 [INFO] shutil.rmtree worked.
2026-04-29 18:00:30,200 [INFO] Chromium init'ed with kwargs {}
2026-04-29 18:00:30,202 [INFO] Found chromium path: /Applications/Google Chrome.app/Contents/MacOS/Google Chrome
2026-04-29 18:00:30,203 [INFO] Temp directory created: /var/folders/2l/_mqykd2n143bpj9ts872cs5m0000gn/T/tmpv90uw07h.
2026-04-29 18:00:30,204 [INFO] Opening browser.
2026-04-29 18:00:30,205 [INFO] Temp directory created: /var/folders/2l/_mqykd2n143bpj9ts872cs5m0000gn/T/tmp6ngvkm4j.
2026-04-29 18:00:30,205 [INFO] Temporary directory at: /var/folders/2l/_mqykd2n143bpj9ts872cs5m0000gn/T/tmp6ngvkm4j
2026-04-29 18:00:32,086 [INFO] Conforming 1 to file:///var/folders/2l/_mqykd2n143bpj9ts872cs5m0000gn/T/tmpv90uw07h/index.html
2026-04-29 18:00:32,093 [INFO] Waiting on all navigates
2026-04-29 18:00:34,178 [INFO] All navigates done, putting them all in queue.
2026-04-29 18:00:34,180 [INFO] Getting tab from queue (has 1)
2026-04-29 18:00:34,180 [INFO] Got 5F87
2026-04-29 18:00:34,180 [INFO] Processing bCounty__Month_Heatmap__Employees_Affectedb.png
2026-04-29 18:00:34,180 [INFO] Sending big command for bCounty__Month_Heatmap__Employees_Affectedb.png.
2026-04-29 18:00:34,674 [INFO] Sent big command for bCounty__Month_Heatmap__Employees_Affectedb.png.
2026-04-29 18:00:34,677 [INFO] Reloading tab 5F87 before return.
2026-04-29 18:00:34,814 [INFO] Putting tab 5F87 back (queue size: 0).
2026-04-29 18:00:34,815 [INFO] Waiting for all cleanups to finish.
2026-04-29 18:00:34,815 [INFO] Exiting Kaleido
2026-04-29 18:00:34,815 [INFO] Closing browser.
2026-04-29 18:00:34,818 [INFO] Closing browser.
2026-04-29 18:00:34,826 [INFO] TemporaryDirectory.cleanup() worked.
2026-04-29 18:00:34,827 [INFO] shutil.rmtree worked.
2026-04-29 18:00:34,827 [INFO] Cancelling tasks.
2026-04-29 18:00:34,827 [INFO] Exiting Kaleido/Choreo
2026-04-29 18:00:35,258 [INFO] TemporaryDirectory.cleanup() worked.
2026-04-29 18:00:35,259 [INFO] shutil.rmtree worked.
2026-04-29 18:00:35,259 [INFO] TemporaryDirectory.cleanup() worked.
2026-04-29 18:00:35,260 [INFO] shutil.rmtree worked.
2026-04-29 18:00:35,260 [INFO] Cancelling tasks.
2026-04-29 18:00:35,260 [INFO] Exiting Kaleido/Choreo
2026-04-29 18:00:35,263 [INFO]   → PNG: /Users/bilalmac2/git_repo/warn/docs/charts/5_county_heatmap.png
2026-04-29 18:00:35,263 [INFO]   → HTML div: /Users/bilalmac2/git_repo/warn/docs/charts/5_county_heatmap.html
2026-04-29 18:00:35,264 [INFO] Chart 6: Treemap …
2026-04-29 18:00:35,293 [INFO] TemporaryDirectory.cleanup() worked.
2026-04-29 18:00:35,293 [INFO] shutil.rmtree worked.
2026-04-29 18:00:35,484 [INFO] Chromium init'ed with kwargs {}
2026-04-29 18:00:35,484 [INFO] Found chromium path: /Applications/Google Chrome.app/Contents/MacOS/Google Chrome
2026-04-29 18:00:35,485 [INFO] Temp directory created: /var/folders/2l/_mqykd2n143bpj9ts872cs5m0000gn/T/tmppm759dli.
2026-04-29 18:00:35,485 [INFO] Opening browser.
2026-04-29 18:00:35,486 [INFO] Temp directory created: /var/folders/2l/_mqykd2n143bpj9ts872cs5m0000gn/T/tmpg7zjuasx.
2026-04-29 18:00:35,486 [INFO] Temporary directory at: /var/folders/2l/_mqykd2n143bpj9ts872cs5m0000gn/T/tmpg7zjuasx
2026-04-29 18:00:37,247 [INFO] Conforming 1 to file:///var/folders/2l/_mqykd2n143bpj9ts872cs5m0000gn/T/tmppm759dli/index.html
2026-04-29 18:00:37,253 [INFO] Waiting on all navigates
2026-04-29 18:00:39,360 [INFO] All navigates done, putting them all in queue.
2026-04-29 18:00:39,362 [INFO] Getting tab from queue (has 1)
2026-04-29 18:00:39,362 [INFO] Got F8EB
2026-04-29 18:00:39,362 [INFO] Processing bLayoff_Treemap__Company_Size_by_Employees_Affectedb.png
2026-04-29 18:00:39,362 [INFO] Sending big command for bLayoff_Treemap__Company_Size_by_Employees_Affectedb.png.
2026-04-29 18:00:39,900 [INFO] Sent big command for bLayoff_Treemap__Company_Size_by_Employees_Affectedb.png.
2026-04-29 18:00:39,906 [INFO] Reloading tab F8EB before return.
2026-04-29 18:00:40,097 [INFO] Putting tab F8EB back (queue size: 0).
2026-04-29 18:00:40,097 [INFO] Waiting for all cleanups to finish.
2026-04-29 18:00:40,098 [INFO] Exiting Kaleido
2026-04-29 18:00:40,098 [INFO] Closing browser.
2026-04-29 18:00:40,103 [INFO] Closing browser.
2026-04-29 18:00:40,105 [INFO] TemporaryDirectory.cleanup() worked.
2026-04-29 18:00:40,105 [INFO] shutil.rmtree worked.
2026-04-29 18:00:40,105 [INFO] Cancelling tasks.
2026-04-29 18:00:40,105 [INFO] Exiting Kaleido/Choreo
2026-04-29 18:00:40,444 [INFO] TemporaryDirectory.cleanup() worked.
2026-04-29 18:00:40,445 [INFO] shutil.rmtree worked.
2026-04-29 18:00:40,445 [INFO] TemporaryDirectory.cleanup() worked.
2026-04-29 18:00:40,446 [INFO] shutil.rmtree worked.
2026-04-29 18:00:40,446 [INFO] Cancelling tasks.
2026-04-29 18:00:40,446 [INFO] Exiting Kaleido/Choreo
2026-04-29 18:00:40,449 [INFO]   → PNG: /Users/bilalmac2/git_repo/warn/docs/charts/6_treemap.png
2026-04-29 18:00:40,449 [INFO]   → HTML div: /Users/bilalmac2/git_repo/warn/docs/charts/6_treemap.html
2026-04-29 18:00:40,450 [INFO] Chart 7: Year-over-year bar …
2026-04-29 18:00:40,522 [INFO] Chromium init'ed with kwargs {}
2026-04-29 18:00:40,523 [INFO] Found chromium path: /Applications/Google Chrome.app/Contents/MacOS/Google Chrome
2026-04-29 18:00:40,524 [INFO] Temp directory created: /var/folders/2l/_mqykd2n143bpj9ts872cs5m0000gn/T/tmp2eem6bu0.
2026-04-29 18:00:40,525 [INFO] Opening browser.
2026-04-29 18:00:40,526 [INFO] Temp directory created: /var/folders/2l/_mqykd2n143bpj9ts872cs5m0000gn/T/tmpuldw_bk6.
2026-04-29 18:00:40,526 [INFO] Temporary directory at: /var/folders/2l/_mqykd2n143bpj9ts872cs5m0000gn/T/tmpuldw_bk6
2026-04-29 18:00:42,223 [INFO] Conforming 1 to file:///var/folders/2l/_mqykd2n143bpj9ts872cs5m0000gn/T/tmp2eem6bu0/index.html
2026-04-29 18:00:42,228 [INFO] Waiting on all navigates
2026-04-29 18:00:44,322 [INFO] All navigates done, putting them all in queue.
2026-04-29 18:00:44,325 [INFO] Getting tab from queue (has 1)
2026-04-29 18:00:44,325 [INFO] Got A0E4
2026-04-29 18:00:44,326 [INFO] Processing bYear_over_Year__Employees_Affected__Notice_Count_2014Presentb.png
2026-04-29 18:00:44,326 [INFO] Sending big command for bYear_over_Year__Employees_Affected__Notice_Count_2014Presentb.png.
2026-04-29 18:00:44,587 [INFO] Sent big command for bYear_over_Year__Employees_Affected__Notice_Count_2014Presentb.png.
2026-04-29 18:00:44,590 [INFO] Reloading tab A0E4 before return.
2026-04-29 18:00:44,733 [INFO] Putting tab A0E4 back (queue size: 0).
2026-04-29 18:00:44,734 [INFO] Waiting for all cleanups to finish.
2026-04-29 18:00:44,734 [INFO] Exiting Kaleido
2026-04-29 18:00:44,734 [INFO] Closing browser.
2026-04-29 18:00:44,736 [INFO] Closing browser.
2026-04-29 18:00:44,738 [INFO] TemporaryDirectory.cleanup() worked.
2026-04-29 18:00:44,738 [INFO] shutil.rmtree worked.
2026-04-29 18:00:44,738 [INFO] Cancelling tasks.
2026-04-29 18:00:44,738 [INFO] Exiting Kaleido/Choreo
2026-04-29 18:00:45,044 [INFO] TemporaryDirectory.cleanup() worked.
2026-04-29 18:00:45,045 [INFO] shutil.rmtree worked.
2026-04-29 18:00:45,045 [INFO] TemporaryDirectory.cleanup() worked.
2026-04-29 18:00:45,045 [INFO] shutil.rmtree worked.
2026-04-29 18:00:45,045 [INFO] Cancelling tasks.
2026-04-29 18:00:45,045 [INFO] Exiting Kaleido/Choreo
2026-04-29 18:00:45,048 [INFO]   → PNG: /Users/bilalmac2/git_repo/warn/docs/charts/7_yoy_bar.png
2026-04-29 18:00:45,048 [INFO]   → HTML div: /Users/bilalmac2/git_repo/warn/docs/charts/7_yoy_bar.html
2026-04-29 18:00:45,048 [INFO] Chart 8: Multi-year trend …
/Users/bilalmac2/git_repo/warn/warn_charts.py:593: UserWarning: Could not infer format, so each element will be parsed individually, falling back to `dateutil`. To ensure parsing is consistent and as-expected, please specify a format.
  df_all["effective_date"] = pd.to_datetime(df_all["effective_date"], errors="coerce")
2026-04-29 18:00:45,181 [INFO] TemporaryDirectory.cleanup() worked.
2026-04-29 18:00:45,181 [INFO] shutil.rmtree worked.
2026-04-29 18:00:45,182 [INFO] TemporaryDirectory.cleanup() worked.
2026-04-29 18:00:45,182 [INFO] shutil.rmtree worked.
2026-04-29 18:00:45,183 [INFO] Chromium init'ed with kwargs {}
2026-04-29 18:00:45,183 [INFO] Found chromium path: /Applications/Google Chrome.app/Contents/MacOS/Google Chrome
2026-04-29 18:00:45,184 [INFO] Temp directory created: /var/folders/2l/_mqykd2n143bpj9ts872cs5m0000gn/T/tmpsql0qnnc.
2026-04-29 18:00:45,184 [INFO] Opening browser.
2026-04-29 18:00:45,184 [INFO] Temp directory created: /var/folders/2l/_mqykd2n143bpj9ts872cs5m0000gn/T/tmpym1ypwdh.
2026-04-29 18:00:45,185 [INFO] Temporary directory at: /var/folders/2l/_mqykd2n143bpj9ts872cs5m0000gn/T/tmpym1ypwdh
2026-04-29 18:00:46,838 [INFO] Conforming 1 to file:///var/folders/2l/_mqykd2n143bpj9ts872cs5m0000gn/T/tmpsql0qnnc/index.html
2026-04-29 18:00:46,844 [INFO] Waiting on all navigates
2026-04-29 18:00:48,966 [INFO] All navigates done, putting them all in queue.
2026-04-29 18:00:48,968 [INFO] Getting tab from queue (has 1)
2026-04-29 18:00:48,968 [INFO] Got EB4B
2026-04-29 18:00:48,968 [INFO] Processing bMulti_Year_Monthly_Comparison__Employees_Affected_by_Monthb.png
2026-04-29 18:00:48,968 [INFO] Sending big command for bMulti_Year_Monthly_Comparison__Employees_Affected_by_Monthb.png.
2026-04-29 18:00:49,254 [INFO] Sent big command for bMulti_Year_Monthly_Comparison__Employees_Affected_by_Monthb.png.
2026-04-29 18:00:49,263 [INFO] Reloading tab EB4B before return.
2026-04-29 18:00:49,462 [INFO] Putting tab EB4B back (queue size: 0).
2026-04-29 18:00:49,462 [INFO] Waiting for all cleanups to finish.
2026-04-29 18:00:49,462 [INFO] Exiting Kaleido
2026-04-29 18:00:49,462 [INFO] Closing browser.
2026-04-29 18:00:49,467 [INFO] Closing browser.
2026-04-29 18:00:49,469 [INFO] TemporaryDirectory.cleanup() worked.
2026-04-29 18:00:49,469 [INFO] shutil.rmtree worked.
2026-04-29 18:00:49,470 [INFO] Cancelling tasks.
2026-04-29 18:00:49,470 [INFO] Exiting Kaleido/Choreo
2026-04-29 18:00:49,914 [INFO] TemporaryDirectory.cleanup() worked.
2026-04-29 18:00:49,914 [INFO] shutil.rmtree worked.
2026-04-29 18:00:49,914 [INFO] TemporaryDirectory.cleanup() worked.
2026-04-29 18:00:49,915 [INFO] shutil.rmtree worked.
2026-04-29 18:00:49,915 [INFO] Cancelling tasks.
2026-04-29 18:00:49,915 [INFO] Exiting Kaleido/Choreo
2026-04-29 18:00:49,916 [INFO]   → PNG: /Users/bilalmac2/git_repo/warn/docs/charts/8_multiyear_trend.png
2026-04-29 18:00:49,916 [INFO]   → HTML div: /Users/bilalmac2/git_repo/warn/docs/charts/8_multiyear_trend.html
2026-04-29 18:00:49,917 [INFO] Chart 9: Industry breakdown …
2026-04-29 18:00:49,981 [INFO] Chromium init'ed with kwargs {}
2026-04-29 18:00:49,982 [INFO] Found chromium path: /Applications/Google Chrome.app/Contents/MacOS/Google Chrome
2026-04-29 18:00:49,983 [INFO] Temp directory created: /var/folders/2l/_mqykd2n143bpj9ts872cs5m0000gn/T/tmplf9w056i.
2026-04-29 18:00:49,984 [INFO] Opening browser.
2026-04-29 18:00:49,984 [INFO] Temp directory created: /var/folders/2l/_mqykd2n143bpj9ts872cs5m0000gn/T/tmprcfr4nb7.
2026-04-29 18:00:49,985 [INFO] Temporary directory at: /var/folders/2l/_mqykd2n143bpj9ts872cs5m0000gn/T/tmprcfr4nb7
2026-04-29 18:00:51,633 [INFO] Conforming 1 to file:///var/folders/2l/_mqykd2n143bpj9ts872cs5m0000gn/T/tmplf9w056i/index.html
2026-04-29 18:00:51,639 [INFO] Waiting on all navigates
2026-04-29 18:00:53,729 [INFO] All navigates done, putting them all in queue.
2026-04-29 18:00:53,731 [INFO] Getting tab from queue (has 1)
2026-04-29 18:00:53,731 [INFO] Got 5CE7
2026-04-29 18:00:53,732 [INFO] Processing bEmployees_Affected_by_Industry_Sectorb.png
2026-04-29 18:00:53,732 [INFO] Sending big command for bEmployees_Affected_by_Industry_Sectorb.png.
2026-04-29 18:00:53,939 [INFO] Sent big command for bEmployees_Affected_by_Industry_Sectorb.png.
2026-04-29 18:00:53,942 [INFO] Reloading tab 5CE7 before return.
2026-04-29 18:00:54,089 [INFO] Putting tab 5CE7 back (queue size: 0).
2026-04-29 18:00:54,089 [INFO] Waiting for all cleanups to finish.
2026-04-29 18:00:54,089 [INFO] Exiting Kaleido
2026-04-29 18:00:54,089 [INFO] Closing browser.
2026-04-29 18:00:54,093 [INFO] Closing browser.
2026-04-29 18:00:54,105 [INFO] TemporaryDirectory.cleanup() worked.
2026-04-29 18:00:54,106 [INFO] shutil.rmtree worked.
2026-04-29 18:00:54,106 [INFO] Cancelling tasks.
2026-04-29 18:00:54,106 [INFO] Exiting Kaleido/Choreo
2026-04-29 18:00:54,413 [INFO] TemporaryDirectory.cleanup() worked.
2026-04-29 18:00:54,413 [INFO] shutil.rmtree worked.
2026-04-29 18:00:54,413 [INFO] TemporaryDirectory.cleanup() worked.
2026-04-29 18:00:54,414 [INFO] shutil.rmtree worked.
2026-04-29 18:00:54,414 [INFO] Cancelling tasks.
2026-04-29 18:00:54,414 [INFO] Exiting Kaleido/Choreo
2026-04-29 18:00:54,416 [INFO]   → PNG: /Users/bilalmac2/git_repo/warn/docs/charts/9_industry_breakdown.png
2026-04-29 18:00:54,416 [INFO]   → HTML div: /Users/bilalmac2/git_repo/warn/docs/charts/9_industry_breakdown.html
2026-04-29 18:00:54,417 [INFO] Chart 10: Lead time histogram …
2026-04-29 18:00:54,493 [INFO] TemporaryDirectory.cleanup() worked.
2026-04-29 18:00:54,494 [INFO] shutil.rmtree worked.
2026-04-29 18:00:54,494 [INFO] Chromium init'ed with kwargs {}
2026-04-29 18:00:54,495 [INFO] Found chromium path: /Applications/Google Chrome.app/Contents/MacOS/Google Chrome
2026-04-29 18:00:54,495 [INFO] Temp directory created: /var/folders/2l/_mqykd2n143bpj9ts872cs5m0000gn/T/tmpfc2c5egb.
2026-04-29 18:00:54,495 [INFO] Opening browser.
2026-04-29 18:00:54,496 [INFO] Temp directory created: /var/folders/2l/_mqykd2n143bpj9ts872cs5m0000gn/T/tmpqkxz0ke9.
2026-04-29 18:00:54,496 [INFO] Temporary directory at: /var/folders/2l/_mqykd2n143bpj9ts872cs5m0000gn/T/tmpqkxz0ke9
2026-04-29 18:00:56,172 [INFO] Conforming 1 to file:///var/folders/2l/_mqykd2n143bpj9ts872cs5m0000gn/T/tmpfc2c5egb/index.html
2026-04-29 18:00:56,178 [INFO] Waiting on all navigates
2026-04-29 18:00:58,149 [INFO] All navigates done, putting them all in queue.
2026-04-29 18:00:58,152 [INFO] Getting tab from queue (has 1)
2026-04-29 18:00:58,152 [INFO] Got 5FB5
2026-04-29 18:00:58,153 [INFO] Processing bNotice_Lead_Time_Distribution__74_Filed_60_Days_in_Advanceb.png
2026-04-29 18:00:58,153 [INFO] Sending big command for bNotice_Lead_Time_Distribution__74_Filed_60_Days_in_Advanceb.png.
2026-04-29 18:00:58,331 [INFO] Sent big command for bNotice_Lead_Time_Distribution__74_Filed_60_Days_in_Advanceb.png.
2026-04-29 18:00:58,334 [INFO] Reloading tab 5FB5 before return.
2026-04-29 18:00:58,484 [INFO] Putting tab 5FB5 back (queue size: 0).
2026-04-29 18:00:58,485 [INFO] Waiting for all cleanups to finish.
2026-04-29 18:00:58,485 [INFO] Exiting Kaleido
2026-04-29 18:00:58,485 [INFO] Closing browser.
2026-04-29 18:00:58,492 [INFO] Closing browser.
2026-04-29 18:00:58,493 [INFO] TemporaryDirectory.cleanup() worked.
2026-04-29 18:00:58,494 [INFO] shutil.rmtree worked.
2026-04-29 18:00:58,495 [INFO] Cancelling tasks.
2026-04-29 18:00:58,495 [INFO] Exiting Kaleido/Choreo
2026-04-29 18:00:58,803 [INFO] TemporaryDirectory.cleanup() worked.
2026-04-29 18:00:58,803 [INFO] shutil.rmtree worked.
2026-04-29 18:00:58,803 [INFO] TemporaryDirectory.cleanup() worked.
2026-04-29 18:00:58,804 [INFO] shutil.rmtree worked.
2026-04-29 18:00:58,804 [INFO] Cancelling tasks.
2026-04-29 18:00:58,804 [INFO] Exiting Kaleido/Choreo
2026-04-29 18:00:58,806 [INFO]   → PNG: /Users/bilalmac2/git_repo/warn/docs/charts/10_lead_time.png
2026-04-29 18:00:58,806 [INFO]   → HTML div: /Users/bilalmac2/git_repo/warn/docs/charts/10_lead_time.html
2026-04-29 18:00:58,807 [INFO] Chart 11: County bar …
2026-04-29 18:00:58,863 [INFO] Chromium init'ed with kwargs {}
2026-04-29 18:00:58,864 [INFO] Found chromium path: /Applications/Google Chrome.app/Contents/MacOS/Google Chrome
2026-04-29 18:00:58,865 [INFO] Temp directory created: /var/folders/2l/_mqykd2n143bpj9ts872cs5m0000gn/T/tmpdrrf2u_f.
2026-04-29 18:00:58,867 [INFO] Opening browser.
2026-04-29 18:00:58,868 [INFO] Temp directory created: /var/folders/2l/_mqykd2n143bpj9ts872cs5m0000gn/T/tmp8_ly77xj.
2026-04-29 18:00:58,868 [INFO] Temporary directory at: /var/folders/2l/_mqykd2n143bpj9ts872cs5m0000gn/T/tmp8_ly77xj
2026-04-29 18:01:00,493 [INFO] Conforming 1 to file:///var/folders/2l/_mqykd2n143bpj9ts872cs5m0000gn/T/tmpdrrf2u_f/index.html
2026-04-29 18:01:00,526 [INFO] Waiting on all navigates
2026-04-29 18:01:02,555 [INFO] All navigates done, putting them all in queue.
2026-04-29 18:01:02,557 [INFO] Getting tab from queue (has 1)
2026-04-29 18:01:02,557 [INFO] Got 114A
2026-04-29 18:01:02,558 [INFO] Processing bTop_10_Counties_by_Employees_Affectedb.png
2026-04-29 18:01:02,558 [INFO] Sending big command for bTop_10_Counties_by_Employees_Affectedb.png.
2026-04-29 18:01:02,741 [INFO] Sent big command for bTop_10_Counties_by_Employees_Affectedb.png.
2026-04-29 18:01:02,743 [INFO] Reloading tab 114A before return.
2026-04-29 18:01:02,893 [INFO] Putting tab 114A back (queue size: 0).
2026-04-29 18:01:02,893 [INFO] Waiting for all cleanups to finish.
2026-04-29 18:01:02,893 [INFO] Exiting Kaleido
2026-04-29 18:01:02,893 [INFO] Closing browser.
2026-04-29 18:01:02,897 [INFO] Closing browser.
2026-04-29 18:01:02,898 [INFO] TemporaryDirectory.cleanup() worked.
2026-04-29 18:01:02,899 [INFO] shutil.rmtree worked.
2026-04-29 18:01:02,899 [INFO] Cancelling tasks.
2026-04-29 18:01:02,899 [INFO] Exiting Kaleido/Choreo
2026-04-29 18:01:03,260 [INFO] TemporaryDirectory.cleanup() worked.
2026-04-29 18:01:03,261 [INFO] shutil.rmtree worked.
2026-04-29 18:01:03,261 [INFO] TemporaryDirectory.cleanup() worked.
2026-04-29 18:01:03,261 [INFO] shutil.rmtree worked.
2026-04-29 18:01:03,261 [INFO] Cancelling tasks.
2026-04-29 18:01:03,262 [INFO] Exiting Kaleido/Choreo
2026-04-29 18:01:03,264 [INFO]   → PNG: /Users/bilalmac2/git_repo/warn/docs/charts/11_county_bar.png
2026-04-29 18:01:03,264 [INFO]   → HTML div: /Users/bilalmac2/git_repo/warn/docs/charts/11_county_bar.html
2026-04-29 18:01:03,265 [INFO] Charts complete.
2026-04-29 18:01:03,271 [INFO] Step 5/5: Building site …
2026-04-29 18:01:03,271 [INFO] Building index.html …
2026-04-29 18:01:03,336 [INFO] Site built → /Users/bilalmac2/git_repo/warn/docs/index.html
2026-04-29 18:01:03,336 [INFO] Git push …
2026-04-29 18:01:03,337 [INFO] Staging changes …
2026-04-29 18:01:03,560 [INFO] Committing: auto: WARN update 2026-04-30 01:01 UTC
2026-04-29 18:01:03,708 [INFO] Pushing to origin/main …
2026-04-29 18:01:04,332 [WARNING] git push origin main stderr: To https://github.com/bilalahamad0/warn.git
 ! [rejected]        main -> main (fetch first)
error: failed to push some refs to 'https://github.com/bilalahamad0/warn.git'
hint: Updates were rejected because the remote contains work that you do not
hint: have locally. This is usually caused by another repository pushing to
hint: the same ref. If you want to integrate the remote changes, use
hint: 'git pull' before pushing again.
hint: See the 'Note about fast-forwards' in 'git push --help' for details.
2026-04-29 18:01:04,387 [ERROR] ✗ Push failed — check GITHUB_TOKEN and repo permissions.
2026-04-29 18:01:04,387 [INFO] ✓ Publisher complete.
2026-04-29 18:01:04,463 [INFO] TemporaryDirectory.cleanup() worked.
2026-04-29 18:01:04,464 [INFO] shutil.rmtree worked.
2026-04-29 18:01:04,464 [INFO] TemporaryDirectory.cleanup() worked.
2026-04-29 18:01:04,464 [INFO] shutil.rmtree worked.
2026-04-29 18:01:04,464 [INFO] TemporaryDirectory.cleanup() worked.
2026-04-29 18:01:04,464 [INFO] shutil.rmtree worked.
2026-04-29 18:01:04,464 [INFO] TemporaryDirectory.cleanup() worked.
2026-04-29 18:01:04,464 [INFO] shutil.rmtree worked.
/Users/bilalmac2/Library/Python/3.9/lib/python/site-packages/urllib3/__init__.py:34: NotOpenSSLWarning: urllib3 v2.0 only supports OpenSSL 1.1.1+, currently the 'ssl' module is compiled with 'LibreSSL 2.8.3'. See: https://github.com/urllib3/urllib3/issues/3020
  warnings.warn(
2026-04-30 06:00:03,279 [INFO] ======================================================================
2026-04-30 06:00:03,279 [INFO] WARN Publisher — 2026-04-30T13:00:03.279298+00:00Z
2026-04-30 06:00:03,279 [INFO] ======================================================================
2026-04-30 06:00:03,279 [INFO] Step 1/5: Running monitor …
2026-04-30 06:00:03,279 [INFO] ============================================================
2026-04-30 06:00:03,279 [INFO] WARN Monitor — 2026-04-30T13:00:03.279823+00:00Z
2026-04-30 06:00:03,279 [INFO] ============================================================
2026-04-30 06:00:03,281 [INFO] Requesting WARN XLSX from EDD …
2026-04-30 06:00:03,548 [INFO] EDD server: 304 Not Modified — data unchanged.
2026-04-30 06:00:03,550 [INFO] Parsing /Users/bilalmac2/git_repo/warn/file.xlsx …
2026-04-30 06:00:03,939 [INFO] Available sheets: ['Index', 'WARN Report Summary', 'Detailed WARN Report ', 'Call Center Relocations Summary', 'Call Center Relocations Report', 'Industry List']
2026-04-30 06:00:03,939 [INFO] Using sheet: 'Detailed WARN Report '
/Users/bilalmac2/Library/Python/3.9/lib/python/site-packages/openpyxl/worksheet/_reader.py:329: UserWarning: Data Validation extension is not supported and will be removed
  warn(msg)
2026-04-30 06:00:04,205 [INFO] Detailed sheet columns: ['County/Parish', 'Notice\nDate', 'Processed\nDate', 'Effective \nDate', 'Company', 'Layoff/\nClosure', 'No. Of\nEmployees', 'Address', 'Related Industry']
2026-04-30 06:00:04,467 [INFO] Parsed 1140 WARN records spanning 2025-01-05 → 2026-12-30
2026-04-30 06:00:04,490 [INFO] No data changes detected.
2026-04-30 06:00:04,527 [INFO] Saved 1140 records to /Users/bilalmac2/git_repo/warn/data/warn_latest.json
2026-04-30 06:00:04,527 [INFO] Monitor run complete.
2026-04-30 06:00:04,529 [INFO] Step 2/5: Generating diff report …
2026-04-30 06:00:04,764 [INFO] Step 3/5: Updating historical data …
2026-04-30 06:00:04,764 [INFO] Year 2014: already parsed — skipping (use --force to re-parse)
2026-04-30 06:00:04,765 [INFO] Year 2015: already parsed — skipping (use --force to re-parse)
2026-04-30 06:00:04,765 [INFO] Year 2016: already parsed — skipping (use --force to re-parse)
2026-04-30 06:00:04,765 [INFO] Year 2017: already parsed — skipping (use --force to re-parse)
2026-04-30 06:00:04,765 [INFO] Year 2018: already parsed — skipping (use --force to re-parse)
2026-04-30 06:00:04,765 [INFO] Year 2019: already parsed — skipping (use --force to re-parse)
2026-04-30 06:00:04,766 [INFO] Year 2020: already parsed — skipping (use --force to re-parse)
2026-04-30 06:00:04,766 [INFO] Year 2021: already parsed — skipping (use --force to re-parse)
2026-04-30 06:00:04,766 [INFO] Year 2022: already parsed — skipping (use --force to re-parse)
2026-04-30 06:00:04,766 [INFO] Year 2023: already parsed — skipping (use --force to re-parse)
2026-04-30 06:00:04,766 [INFO] Year 2024: already parsed — skipping (use --force to re-parse)
2026-04-30 06:00:04,815 [INFO] Combined dataset: 1,441 records across 12 years
2026-04-30 06:00:04,816 [INFO] Step 4/5: Generating charts …
2026-04-30 06:00:04,851 [INFO] Loaded 1140 records for charting.
2026-04-30 06:00:04,859 [INFO] Historical data: 1,441 records across 12 years
2026-04-30 06:00:04,859 [INFO] Chart 1: Timeline scatter …
2026-04-30 06:00:06,374 [INFO] Chromium init'ed with kwargs {}
2026-04-30 06:00:06,395 [INFO] Found chromium path: /Applications/Google Chrome.app/Contents/MacOS/Google Chrome
2026-04-30 06:00:06,398 [INFO] Temp directory created: /var/folders/2l/_mqykd2n143bpj9ts872cs5m0000gn/T/tmp37gnpcwh.
2026-04-30 06:00:06,400 [INFO] Opening browser.
2026-04-30 06:00:06,401 [INFO] Temp directory created: /var/folders/2l/_mqykd2n143bpj9ts872cs5m0000gn/T/tmp44v24e4i.
2026-04-30 06:00:06,401 [INFO] Temporary directory at: /var/folders/2l/_mqykd2n143bpj9ts872cs5m0000gn/T/tmp44v24e4i
2026-04-30 06:00:08,230 [INFO] Conforming 1 to file:///var/folders/2l/_mqykd2n143bpj9ts872cs5m0000gn/T/tmp37gnpcwh/index.html
2026-04-30 06:00:08,242 [INFO] Waiting on all navigates
2026-04-30 06:00:10,364 [INFO] All navigates done, putting them all in queue.
2026-04-30 06:00:10,366 [INFO] Getting tab from queue (has 1)
2026-04-30 06:00:10,366 [INFO] Got 441B
2026-04-30 06:00:10,367 [INFO] Processing bWARN_Notices__Employees_by_Effective_Dateb.png
2026-04-30 06:00:10,367 [INFO] Sending big command for bWARN_Notices__Employees_by_Effective_Dateb.png.
2026-04-30 06:00:13,053 [INFO] Sent big command for bWARN_Notices__Employees_by_Effective_Dateb.png.
2026-04-30 06:00:13,064 [INFO] Reloading tab 441B before return.
2026-04-30 06:00:13,280 [INFO] Putting tab 441B back (queue size: 0).
2026-04-30 06:00:13,280 [INFO] Waiting for all cleanups to finish.
2026-04-30 06:00:13,280 [INFO] Exiting Kaleido
2026-04-30 06:00:13,280 [INFO] Closing browser.
2026-04-30 06:00:13,282 [INFO] Closing browser.
2026-04-30 06:00:13,283 [INFO] TemporaryDirectory.cleanup() worked.
2026-04-30 06:00:13,284 [INFO] shutil.rmtree worked.
2026-04-30 06:00:13,284 [INFO] Cancelling tasks.
2026-04-30 06:00:13,284 [INFO] Exiting Kaleido/Choreo
2026-04-30 06:00:13,622 [INFO] TemporaryDirectory.cleanup() worked.
2026-04-30 06:00:13,622 [INFO] shutil.rmtree worked.
2026-04-30 06:00:13,622 [INFO] TemporaryDirectory.cleanup() worked.
2026-04-30 06:00:13,622 [INFO] shutil.rmtree worked.
2026-04-30 06:00:13,622 [INFO] Cancelling tasks.
2026-04-30 06:00:13,623 [INFO] Exiting Kaleido/Choreo
2026-04-30 06:00:13,626 [INFO]   → PNG: /Users/bilalmac2/git_repo/warn/docs/charts/1_timeline_scatter.png
2026-04-30 06:00:13,626 [INFO]   → HTML div: /Users/bilalmac2/git_repo/warn/docs/charts/1_timeline_scatter.html
2026-04-30 06:00:13,626 [INFO] Chart 2: Monthly bar chart …
2026-04-30 06:00:13,674 [INFO] Chromium init'ed with kwargs {}
2026-04-30 06:00:13,675 [INFO] TemporaryDirectory.cleanup() worked.
2026-04-30 06:00:13,675 [INFO] shutil.rmtree worked.
2026-04-30 06:00:13,676 [INFO] Found chromium path: /Applications/Google Chrome.app/Contents/MacOS/Google Chrome
2026-04-30 06:00:13,676 [INFO] Temp directory created: /var/folders/2l/_mqykd2n143bpj9ts872cs5m0000gn/T/tmpt9xu_lhy.
2026-04-30 06:00:13,677 [INFO] Opening browser.
2026-04-30 06:00:13,678 [INFO] Temp directory created: /var/folders/2l/_mqykd2n143bpj9ts872cs5m0000gn/T/tmpu5fljrnm.
2026-04-30 06:00:13,678 [INFO] Temporary directory at: /var/folders/2l/_mqykd2n143bpj9ts872cs5m0000gn/T/tmpu5fljrnm
2026-04-30 06:00:15,112 [INFO] Conforming 1 to file:///var/folders/2l/_mqykd2n143bpj9ts872cs5m0000gn/T/tmpt9xu_lhy/index.html
2026-04-30 06:00:15,130 [INFO] Waiting on all navigates
2026-04-30 06:00:17,188 [INFO] All navigates done, putting them all in queue.
2026-04-30 06:00:17,190 [INFO] Getting tab from queue (has 1)
2026-04-30 06:00:17,190 [INFO] Got C6B8
2026-04-30 06:00:17,190 [INFO] Processing bMonthly_Layoffs__Total_Employees_Affectedb.png
2026-04-30 06:00:17,190 [INFO] Sending big command for bMonthly_Layoffs__Total_Employees_Affectedb.png.
2026-04-30 06:00:17,425 [INFO] Sent big command for bMonthly_Layoffs__Total_Employees_Affectedb.png.
2026-04-30 06:00:17,428 [INFO] Reloading tab C6B8 before return.
2026-04-30 06:00:17,571 [INFO] Putting tab C6B8 back (queue size: 0).
2026-04-30 06:00:17,571 [INFO] Waiting for all cleanups to finish.
2026-04-30 06:00:17,571 [INFO] Exiting Kaleido
2026-04-30 06:00:17,572 [INFO] Closing browser.
2026-04-30 06:00:17,575 [INFO] Closing browser.
2026-04-30 06:00:17,576 [INFO] TemporaryDirectory.cleanup() worked.
2026-04-30 06:00:17,576 [INFO] shutil.rmtree worked.
2026-04-30 06:00:17,576 [INFO] Cancelling tasks.
2026-04-30 06:00:17,576 [INFO] Exiting Kaleido/Choreo
2026-04-30 06:00:17,949 [INFO] TemporaryDirectory.cleanup() worked.
2026-04-30 06:00:17,949 [INFO] shutil.rmtree worked.
2026-04-30 06:00:17,949 [INFO] TemporaryDirectory.cleanup() worked.
2026-04-30 06:00:17,949 [INFO] shutil.rmtree worked.
2026-04-30 06:00:17,949 [INFO] Cancelling tasks.
2026-04-30 06:00:17,949 [INFO] Exiting Kaleido/Choreo
2026-04-30 06:00:17,953 [INFO]   → PNG: /Users/bilalmac2/git_repo/warn/docs/charts/2_monthly_bar.png
2026-04-30 06:00:17,953 [INFO]   → HTML div: /Users/bilalmac2/git_repo/warn/docs/charts/2_monthly_bar.html
2026-04-30 06:00:17,954 [INFO] Chart 3: Rolling trend …
2026-04-30 06:00:18,029 [INFO] Chromium init'ed with kwargs {}
2026-04-30 06:00:18,030 [INFO] Found chromium path: /Applications/Google Chrome.app/Contents/MacOS/Google Chrome
2026-04-30 06:00:18,030 [INFO] Temp directory created: /var/folders/2l/_mqykd2n143bpj9ts872cs5m0000gn/T/tmp9ve4_mhe.
2026-04-30 06:00:18,031 [INFO] Opening browser.
2026-04-30 06:00:18,031 [INFO] Temp directory created: /var/folders/2l/_mqykd2n143bpj9ts872cs5m0000gn/T/tmp72f3m544.
2026-04-30 06:00:18,031 [INFO] Temporary directory at: /var/folders/2l/_mqykd2n143bpj9ts872cs5m0000gn/T/tmp72f3m544
2026-04-30 06:00:19,371 [INFO] Conforming 1 to file:///var/folders/2l/_mqykd2n143bpj9ts872cs5m0000gn/T/tmp9ve4_mhe/index.html
2026-04-30 06:00:19,377 [INFO] Waiting on all navigates
2026-04-30 06:00:21,466 [INFO] All navigates done, putting them all in queue.
2026-04-30 06:00:21,467 [INFO] Getting tab from queue (has 1)
2026-04-30 06:00:21,468 [INFO] Got 8BDA
2026-04-30 06:00:21,468 [INFO] Processing bLayoff_Trend__Daily_30_Day_Average__Cumulativeb.png
2026-04-30 06:00:21,468 [INFO] Sending big command for bLayoff_Trend__Daily_30_Day_Average__Cumulativeb.png.
2026-04-30 06:00:21,795 [INFO] Sent big command for bLayoff_Trend__Daily_30_Day_Average__Cumulativeb.png.
2026-04-30 06:00:21,800 [INFO] Reloading tab 8BDA before return.
2026-04-30 06:00:21,938 [INFO] Putting tab 8BDA back (queue size: 0).
2026-04-30 06:00:21,938 [INFO] Waiting for all cleanups to finish.
2026-04-30 06:00:21,938 [INFO] Exiting Kaleido
2026-04-30 06:00:21,938 [INFO] Closing browser.
2026-04-30 06:00:21,941 [INFO] Closing browser.
2026-04-30 06:00:21,942 [INFO] TemporaryDirectory.cleanup() worked.
2026-04-30 06:00:21,942 [INFO] shutil.rmtree worked.
2026-04-30 06:00:21,942 [INFO] Cancelling tasks.
2026-04-30 06:00:21,943 [INFO] Exiting Kaleido/Choreo
2026-04-30 06:00:22,200 [INFO] TemporaryDirectory.cleanup() worked.
2026-04-30 06:00:22,201 [INFO] shutil.rmtree worked.
2026-04-30 06:00:22,201 [INFO] TemporaryDirectory.cleanup() worked.
2026-04-30 06:00:22,201 [INFO] shutil.rmtree worked.
2026-04-30 06:00:22,202 [INFO] Cancelling tasks.
2026-04-30 06:00:22,202 [INFO] Exiting Kaleido/Choreo
2026-04-30 06:00:22,204 [INFO]   → PNG: /Users/bilalmac2/git_repo/warn/docs/charts/3_rolling_trend.png
2026-04-30 06:00:22,204 [INFO]   → HTML div: /Users/bilalmac2/git_repo/warn/docs/charts/3_rolling_trend.html
2026-04-30 06:00:22,205 [INFO] Chart 4: Top-25 companies …
2026-04-30 06:00:22,240 [INFO] Chromium init'ed with kwargs {}
2026-04-30 06:00:22,241 [INFO] Found chromium path: /Applications/Google Chrome.app/Contents/MacOS/Google Chrome
2026-04-30 06:00:22,241 [INFO] Temp directory created: /var/folders/2l/_mqykd2n143bpj9ts872cs5m0000gn/T/tmp0882hb9a.
2026-04-30 06:00:22,241 [INFO] Opening browser.
2026-04-30 06:00:22,242 [INFO] Temp directory created: /var/folders/2l/_mqykd2n143bpj9ts872cs5m0000gn/T/tmpujkwpayb.
2026-04-30 06:00:22,242 [INFO] Temporary directory at: /var/folders/2l/_mqykd2n143bpj9ts872cs5m0000gn/T/tmpujkwpayb
2026-04-30 06:00:23,569 [INFO] Conforming 1 to file:///var/folders/2l/_mqykd2n143bpj9ts872cs5m0000gn/T/tmp0882hb9a/index.html
2026-04-30 06:00:23,577 [INFO] Waiting on all navigates
2026-04-30 06:00:25,733 [INFO] All navigates done, putting them all in queue.
2026-04-30 06:00:25,735 [INFO] Getting tab from queue (has 1)
2026-04-30 06:00:25,735 [INFO] Got 87C4
2026-04-30 06:00:25,735 [INFO] Processing bTop_25_Filtered_Companies_by_Total_Employees_Affectedb.png
2026-04-30 06:00:25,735 [INFO] Sending big command for bTop_25_Filtered_Companies_by_Total_Employees_Affectedb.png.
2026-04-30 06:00:25,982 [INFO] Sent big command for bTop_25_Filtered_Companies_by_Total_Employees_Affectedb.png.
2026-04-30 06:00:25,987 [INFO] Reloading tab 87C4 before return.
2026-04-30 06:00:26,113 [INFO] Putting tab 87C4 back (queue size: 0).
2026-04-30 06:00:26,114 [INFO] Waiting for all cleanups to finish.
2026-04-30 06:00:26,114 [INFO] Exiting Kaleido
2026-04-30 06:00:26,114 [INFO] Closing browser.
2026-04-30 06:00:26,120 [INFO] Closing browser.
2026-04-30 06:00:26,121 [INFO] TemporaryDirectory.cleanup() worked.
2026-04-30 06:00:26,121 [INFO] shutil.rmtree worked.
2026-04-30 06:00:26,121 [INFO] Cancelling tasks.
2026-04-30 06:00:26,121 [INFO] Exiting Kaleido/Choreo
2026-04-30 06:00:26,396 [INFO] TemporaryDirectory.cleanup() worked.
2026-04-30 06:00:26,396 [INFO] shutil.rmtree worked.
2026-04-30 06:00:26,397 [INFO] TemporaryDirectory.cleanup() worked.
2026-04-30 06:00:26,397 [INFO] shutil.rmtree worked.
2026-04-30 06:00:26,397 [INFO] Cancelling tasks.
2026-04-30 06:00:26,397 [INFO] Exiting Kaleido/Choreo
2026-04-30 06:00:26,399 [INFO]   → PNG: /Users/bilalmac2/git_repo/warn/docs/charts/4_top_companies.png
2026-04-30 06:00:26,400 [INFO]   → HTML div: /Users/bilalmac2/git_repo/warn/docs/charts/4_top_companies.html
2026-04-30 06:00:26,400 [INFO] Chart 5: County heatmap …
2026-04-30 06:00:26,435 [INFO] TemporaryDirectory.cleanup() worked.
2026-04-30 06:00:26,435 [INFO] shutil.rmtree worked.
2026-04-30 06:00:26,435 [INFO] TemporaryDirectory.cleanup() worked.
2026-04-30 06:00:26,435 [INFO] shutil.rmtree worked.
2026-04-30 06:00:26,451 [INFO] Chromium init'ed with kwargs {}
2026-04-30 06:00:26,452 [INFO] Found chromium path: /Applications/Google Chrome.app/Contents/MacOS/Google Chrome
2026-04-30 06:00:26,452 [INFO] Temp directory created: /var/folders/2l/_mqykd2n143bpj9ts872cs5m0000gn/T/tmp1htge26x.
2026-04-30 06:00:26,453 [INFO] Opening browser.
2026-04-30 06:00:26,454 [INFO] Temp directory created: /var/folders/2l/_mqykd2n143bpj9ts872cs5m0000gn/T/tmp5nwhw0q5.
2026-04-30 06:00:26,454 [INFO] Temporary directory at: /var/folders/2l/_mqykd2n143bpj9ts872cs5m0000gn/T/tmp5nwhw0q5
2026-04-30 06:00:27,772 [INFO] Conforming 1 to file:///var/folders/2l/_mqykd2n143bpj9ts872cs5m0000gn/T/tmp1htge26x/index.html
2026-04-30 06:00:27,784 [INFO] Waiting on all navigates
2026-04-30 06:00:29,829 [INFO] All navigates done, putting them all in queue.
2026-04-30 06:00:29,830 [INFO] Getting tab from queue (has 1)
2026-04-30 06:00:29,831 [INFO] Got C6D4
2026-04-30 06:00:29,831 [INFO] Processing bCounty__Month_Heatmap__Employees_Affectedb.png
2026-04-30 06:00:29,831 [INFO] Sending big command for bCounty__Month_Heatmap__Employees_Affectedb.png.
2026-04-30 06:00:30,116 [INFO] Sent big command for bCounty__Month_Heatmap__Employees_Affectedb.png.
2026-04-30 06:00:30,120 [INFO] Reloading tab C6D4 before return.
2026-04-30 06:00:30,260 [INFO] Putting tab C6D4 back (queue size: 0).
2026-04-30 06:00:30,260 [INFO] Waiting for all cleanups to finish.
2026-04-30 06:00:30,260 [INFO] Exiting Kaleido
2026-04-30 06:00:30,260 [INFO] Closing browser.
2026-04-30 06:00:30,263 [INFO] Closing browser.
2026-04-30 06:00:30,264 [INFO] TemporaryDirectory.cleanup() worked.
2026-04-30 06:00:30,265 [INFO] shutil.rmtree worked.
2026-04-30 06:00:30,265 [INFO] Cancelling tasks.
2026-04-30 06:00:30,265 [INFO] Exiting Kaleido/Choreo
2026-04-30 06:00:30,660 [INFO] TemporaryDirectory.cleanup() worked.
2026-04-30 06:00:30,660 [INFO] shutil.rmtree worked.
2026-04-30 06:00:30,660 [INFO] TemporaryDirectory.cleanup() worked.
2026-04-30 06:00:30,660 [INFO] shutil.rmtree worked.
2026-04-30 06:00:30,660 [INFO] Cancelling tasks.
2026-04-30 06:00:30,660 [INFO] Exiting Kaleido/Choreo
2026-04-30 06:00:30,662 [INFO]   → PNG: /Users/bilalmac2/git_repo/warn/docs/charts/5_county_heatmap.png
2026-04-30 06:00:30,663 [INFO]   → HTML div: /Users/bilalmac2/git_repo/warn/docs/charts/5_county_heatmap.html
2026-04-30 06:00:30,665 [INFO] Chart 6: Treemap …
2026-04-30 06:00:30,726 [INFO] TemporaryDirectory.cleanup() worked.
2026-04-30 06:00:30,727 [INFO] shutil.rmtree worked.
2026-04-30 06:00:30,899 [INFO] Chromium init'ed with kwargs {}
2026-04-30 06:00:30,900 [INFO] Found chromium path: /Applications/Google Chrome.app/Contents/MacOS/Google Chrome
2026-04-30 06:00:30,900 [INFO] Temp directory created: /var/folders/2l/_mqykd2n143bpj9ts872cs5m0000gn/T/tmp6teq98dw.
2026-04-30 06:00:30,901 [INFO] Opening browser.
2026-04-30 06:00:30,901 [INFO] Temp directory created: /var/folders/2l/_mqykd2n143bpj9ts872cs5m0000gn/T/tmpw83hpnwc.
2026-04-30 06:00:30,902 [INFO] Temporary directory at: /var/folders/2l/_mqykd2n143bpj9ts872cs5m0000gn/T/tmpw83hpnwc
2026-04-30 06:00:32,394 [INFO] Conforming 1 to file:///var/folders/2l/_mqykd2n143bpj9ts872cs5m0000gn/T/tmp6teq98dw/index.html
2026-04-30 06:00:32,411 [INFO] Waiting on all navigates
2026-04-30 06:00:34,517 [INFO] All navigates done, putting them all in queue.
2026-04-30 06:00:34,519 [INFO] Getting tab from queue (has 1)
2026-04-30 06:00:34,520 [INFO] Got F8B1
2026-04-30 06:00:34,520 [INFO] Processing bLayoff_Treemap__Company_Size_by_Employees_Affectedb.png
2026-04-30 06:00:34,520 [INFO] Sending big command for bLayoff_Treemap__Company_Size_by_Employees_Affectedb.png.
2026-04-30 06:00:34,982 [INFO] Sent big command for bLayoff_Treemap__Company_Size_by_Employees_Affectedb.png.
2026-04-30 06:00:34,988 [INFO] Reloading tab F8B1 before return.
2026-04-30 06:00:35,123 [INFO] Putting tab F8B1 back (queue size: 0).
2026-04-30 06:00:35,123 [INFO] Waiting for all cleanups to finish.
2026-04-30 06:00:35,123 [INFO] Exiting Kaleido
2026-04-30 06:00:35,123 [INFO] Closing browser.
2026-04-30 06:00:35,126 [INFO] Closing browser.
2026-04-30 06:00:35,127 [INFO] TemporaryDirectory.cleanup() worked.
2026-04-30 06:00:35,128 [INFO] shutil.rmtree worked.
2026-04-30 06:00:35,128 [INFO] Cancelling tasks.
2026-04-30 06:00:35,128 [INFO] Exiting Kaleido/Choreo
2026-04-30 06:00:35,398 [INFO] TemporaryDirectory.cleanup() worked.
2026-04-30 06:00:35,398 [INFO] shutil.rmtree worked.
2026-04-30 06:00:35,399 [INFO] TemporaryDirectory.cleanup() worked.
2026-04-30 06:00:35,399 [INFO] shutil.rmtree worked.
2026-04-30 06:00:35,399 [INFO] Cancelling tasks.
2026-04-30 06:00:35,399 [INFO] Exiting Kaleido/Choreo
2026-04-30 06:00:35,402 [INFO]   → PNG: /Users/bilalmac2/git_repo/warn/docs/charts/6_treemap.png
2026-04-30 06:00:35,402 [INFO]   → HTML div: /Users/bilalmac2/git_repo/warn/docs/charts/6_treemap.html
2026-04-30 06:00:35,403 [INFO] Chart 7: Year-over-year bar …
2026-04-30 06:00:35,458 [INFO] Chromium init'ed with kwargs {}
2026-04-30 06:00:35,459 [INFO] Found chromium path: /Applications/Google Chrome.app/Contents/MacOS/Google Chrome
2026-04-30 06:00:35,460 [INFO] Temp directory created: /var/folders/2l/_mqykd2n143bpj9ts872cs5m0000gn/T/tmp6_8zv7si.
2026-04-30 06:00:35,460 [INFO] Opening browser.
2026-04-30 06:00:35,461 [INFO] Temp directory created: /var/folders/2l/_mqykd2n143bpj9ts872cs5m0000gn/T/tmphijholkr.
2026-04-30 06:00:35,461 [INFO] Temporary directory at: /var/folders/2l/_mqykd2n143bpj9ts872cs5m0000gn/T/tmphijholkr
2026-04-30 06:00:36,905 [INFO] Conforming 1 to file:///var/folders/2l/_mqykd2n143bpj9ts872cs5m0000gn/T/tmp6_8zv7si/index.html
2026-04-30 06:00:36,913 [INFO] Waiting on all navigates
2026-04-30 06:00:38,961 [INFO] All navigates done, putting them all in queue.
2026-04-30 06:00:38,962 [INFO] Getting tab from queue (has 1)
2026-04-30 06:00:38,962 [INFO] Got E020
2026-04-30 06:00:38,963 [INFO] Processing bYear_over_Year__Employees_Affected__Notice_Count_2014Presentb.png
2026-04-30 06:00:38,963 [INFO] Sending big command for bYear_over_Year__Employees_Affected__Notice_Count_2014Presentb.png.
2026-04-30 06:00:39,232 [INFO] Sent big command for bYear_over_Year__Employees_Affected__Notice_Count_2014Presentb.png.
2026-04-30 06:00:39,234 [INFO] Reloading tab E020 before return.
2026-04-30 06:00:39,359 [INFO] Putting tab E020 back (queue size: 0).
2026-04-30 06:00:39,359 [INFO] Waiting for all cleanups to finish.
2026-04-30 06:00:39,359 [INFO] Exiting Kaleido
2026-04-30 06:00:39,359 [INFO] Closing browser.
2026-04-30 06:00:39,361 [INFO] Closing browser.
2026-04-30 06:00:39,362 [INFO] TemporaryDirectory.cleanup() worked.
2026-04-30 06:00:39,363 [INFO] shutil.rmtree worked.
2026-04-30 06:00:39,363 [INFO] Cancelling tasks.
2026-04-30 06:00:39,363 [INFO] Exiting Kaleido/Choreo
2026-04-30 06:00:39,592 [INFO] TemporaryDirectory.cleanup() worked.
2026-04-30 06:00:39,593 [INFO] shutil.rmtree worked.
2026-04-30 06:00:39,593 [INFO] TemporaryDirectory.cleanup() worked.
2026-04-30 06:00:39,593 [INFO] shutil.rmtree worked.
2026-04-30 06:00:39,593 [INFO] Cancelling tasks.
2026-04-30 06:00:39,593 [INFO] Exiting Kaleido/Choreo
2026-04-30 06:00:39,596 [INFO]   → PNG: /Users/bilalmac2/git_repo/warn/docs/charts/7_yoy_bar.png
2026-04-30 06:00:39,596 [INFO]   → HTML div: /Users/bilalmac2/git_repo/warn/docs/charts/7_yoy_bar.html
2026-04-30 06:00:39,596 [INFO] Chart 8: Multi-year trend …
/Users/bilalmac2/git_repo/warn/warn_charts.py:593: UserWarning: Could not infer format, so each element will be parsed individually, falling back to `dateutil`. To ensure parsing is consistent and as-expected, please specify a format.
  df_all["effective_date"] = pd.to_datetime(df_all["effective_date"], errors="coerce")
2026-04-30 06:00:39,709 [INFO] TemporaryDirectory.cleanup() worked.
2026-04-30 06:00:39,710 [INFO] shutil.rmtree worked.
2026-04-30 06:00:39,710 [INFO] TemporaryDirectory.cleanup() worked.
2026-04-30 06:00:39,710 [INFO] shutil.rmtree worked.
2026-04-30 06:00:39,712 [INFO] Chromium init'ed with kwargs {}
2026-04-30 06:00:39,713 [INFO] Found chromium path: /Applications/Google Chrome.app/Contents/MacOS/Google Chrome
2026-04-30 06:00:39,714 [INFO] Temp directory created: /var/folders/2l/_mqykd2n143bpj9ts872cs5m0000gn/T/tmpf0k4uyv3.
2026-04-30 06:00:39,714 [INFO] Opening browser.
2026-04-30 06:00:39,715 [INFO] Temp directory created: /var/folders/2l/_mqykd2n143bpj9ts872cs5m0000gn/T/tmpbnx4v_7o.
2026-04-30 06:00:39,715 [INFO] Temporary directory at: /var/folders/2l/_mqykd2n143bpj9ts872cs5m0000gn/T/tmpbnx4v_7o
2026-04-30 06:00:41,175 [INFO] Conforming 1 to file:///var/folders/2l/_mqykd2n143bpj9ts872cs5m0000gn/T/tmpf0k4uyv3/index.html
2026-04-30 06:00:41,181 [INFO] Waiting on all navigates
2026-04-30 06:00:43,214 [INFO] All navigates done, putting them all in queue.
2026-04-30 06:00:43,216 [INFO] Getting tab from queue (has 1)
2026-04-30 06:00:43,216 [INFO] Got C9A8
2026-04-30 06:00:43,217 [INFO] Processing bMulti_Year_Monthly_Comparison__Employees_Affected_by_Monthb.png
2026-04-30 06:00:43,217 [INFO] Sending big command for bMulti_Year_Monthly_Comparison__Employees_Affected_by_Monthb.png.
2026-04-30 06:00:43,455 [INFO] Sent big command for bMulti_Year_Monthly_Comparison__Employees_Affected_by_Monthb.png.
2026-04-30 06:00:43,461 [INFO] Reloading tab C9A8 before return.
2026-04-30 06:00:43,602 [INFO] Putting tab C9A8 back (queue size: 0).
2026-04-30 06:00:43,602 [INFO] Waiting for all cleanups to finish.
2026-04-30 06:00:43,602 [INFO] Exiting Kaleido
2026-04-30 06:00:43,603 [INFO] Closing browser.
2026-04-30 06:00:43,605 [INFO] Closing browser.
2026-04-30 06:00:43,608 [INFO] TemporaryDirectory.cleanup() worked.
2026-04-30 06:00:43,608 [INFO] shutil.rmtree worked.
2026-04-30 06:00:43,609 [INFO] Cancelling tasks.
2026-04-30 06:00:43,609 [INFO] Exiting Kaleido/Choreo
2026-04-30 06:00:43,920 [INFO] TemporaryDirectory.cleanup() worked.
2026-04-30 06:00:43,920 [INFO] shutil.rmtree worked.
2026-04-30 06:00:43,920 [INFO] TemporaryDirectory.cleanup() worked.
2026-04-30 06:00:43,921 [INFO] shutil.rmtree worked.
2026-04-30 06:00:43,921 [INFO] Cancelling tasks.
2026-04-30 06:00:43,921 [INFO] Exiting Kaleido/Choreo
2026-04-30 06:00:43,922 [INFO]   → PNG: /Users/bilalmac2/git_repo/warn/docs/charts/8_multiyear_trend.png
2026-04-30 06:00:43,922 [INFO]   → HTML div: /Users/bilalmac2/git_repo/warn/docs/charts/8_multiyear_trend.html
2026-04-30 06:00:43,923 [INFO] Chart 9: Industry breakdown …
2026-04-30 06:00:43,969 [INFO] Chromium init'ed with kwargs {}
2026-04-30 06:00:43,970 [INFO] Found chromium path: /Applications/Google Chrome.app/Contents/MacOS/Google Chrome
2026-04-30 06:00:43,970 [INFO] Temp directory created: /var/folders/2l/_mqykd2n143bpj9ts872cs5m0000gn/T/tmpr6ma64jl.
2026-04-30 06:00:43,971 [INFO] Opening browser.
2026-04-30 06:00:43,971 [INFO] Temp directory created: /var/folders/2l/_mqykd2n143bpj9ts872cs5m0000gn/T/tmpwflpch67.
2026-04-30 06:00:43,971 [INFO] Temporary directory at: /var/folders/2l/_mqykd2n143bpj9ts872cs5m0000gn/T/tmpwflpch67
2026-04-30 06:00:45,778 [INFO] Conforming 1 to file:///var/folders/2l/_mqykd2n143bpj9ts872cs5m0000gn/T/tmpr6ma64jl/index.html
2026-04-30 06:00:45,784 [INFO] Waiting on all navigates
2026-04-30 06:00:47,814 [INFO] All navigates done, putting them all in queue.
2026-04-30 06:00:47,817 [INFO] Getting tab from queue (has 1)
2026-04-30 06:00:47,818 [INFO] Got E3C0
2026-04-30 06:00:47,818 [INFO] Processing bEmployees_Affected_by_Industry_Sectorb.png
2026-04-30 06:00:47,818 [INFO] Sending big command for bEmployees_Affected_by_Industry_Sectorb.png.
2026-04-30 06:00:48,159 [INFO] Sent big command for bEmployees_Affected_by_Industry_Sectorb.png.
2026-04-30 06:00:48,166 [INFO] Reloading tab E3C0 before return.
2026-04-30 06:00:48,341 [INFO] Putting tab E3C0 back (queue size: 0).
2026-04-30 06:00:48,341 [INFO] Waiting for all cleanups to finish.
2026-04-30 06:00:48,341 [INFO] Exiting Kaleido
2026-04-30 06:00:48,341 [INFO] Closing browser.
2026-04-30 06:00:48,343 [INFO] Closing browser.
2026-04-30 06:00:48,344 [INFO] TemporaryDirectory.cleanup() worked.
2026-04-30 06:00:48,345 [INFO] shutil.rmtree worked.
2026-04-30 06:00:48,346 [INFO] Cancelling tasks.
2026-04-30 06:00:48,346 [INFO] Exiting Kaleido/Choreo
2026-04-30 06:00:48,712 [INFO] TemporaryDirectory.cleanup() worked.
2026-04-30 06:00:48,712 [INFO] shutil.rmtree worked.
2026-04-30 06:00:48,712 [INFO] TemporaryDirectory.cleanup() worked.
2026-04-30 06:00:48,712 [INFO] shutil.rmtree worked.
2026-04-30 06:00:48,712 [INFO] Cancelling tasks.
2026-04-30 06:00:48,713 [INFO] Exiting Kaleido/Choreo
2026-04-30 06:00:48,716 [INFO]   → PNG: /Users/bilalmac2/git_repo/warn/docs/charts/9_industry_breakdown.png
2026-04-30 06:00:48,717 [INFO]   → HTML div: /Users/bilalmac2/git_repo/warn/docs/charts/9_industry_breakdown.html
2026-04-30 06:00:48,720 [INFO] Chart 10: Lead time histogram …
2026-04-30 06:00:48,813 [INFO] TemporaryDirectory.cleanup() worked.
2026-04-30 06:00:48,814 [INFO] shutil.rmtree worked.
2026-04-30 06:00:48,815 [INFO] Chromium init'ed with kwargs {}
2026-04-30 06:00:48,816 [INFO] Found chromium path: /Applications/Google Chrome.app/Contents/MacOS/Google Chrome
2026-04-30 06:00:48,817 [INFO] Temp directory created: /var/folders/2l/_mqykd2n143bpj9ts872cs5m0000gn/T/tmpakrdiv1q.
2026-04-30 06:00:48,818 [INFO] Opening browser.
2026-04-30 06:00:48,820 [INFO] Temp directory created: /var/folders/2l/_mqykd2n143bpj9ts872cs5m0000gn/T/tmpul17dwv1.
2026-04-30 06:00:48,820 [INFO] Temporary directory at: /var/folders/2l/_mqykd2n143bpj9ts872cs5m0000gn/T/tmpul17dwv1
2026-04-30 06:00:50,441 [INFO] Conforming 1 to file:///var/folders/2l/_mqykd2n143bpj9ts872cs5m0000gn/T/tmpakrdiv1q/index.html
2026-04-30 06:00:50,451 [INFO] Waiting on all navigates
2026-04-30 06:00:52,419 [INFO] All navigates done, putting them all in queue.
2026-04-30 06:00:52,422 [INFO] Getting tab from queue (has 1)
2026-04-30 06:00:52,422 [INFO] Got 22BC
2026-04-30 06:00:52,422 [INFO] Processing bNotice_Lead_Time_Distribution__74_Filed_60_Days_in_Advanceb.png
2026-04-30 06:00:52,423 [INFO] Sending big command for bNotice_Lead_Time_Distribution__74_Filed_60_Days_in_Advanceb.png.
2026-04-30 06:00:52,583 [INFO] Sent big command for bNotice_Lead_Time_Distribution__74_Filed_60_Days_in_Advanceb.png.
2026-04-30 06:00:52,585 [INFO] Reloading tab 22BC before return.
2026-04-30 06:00:52,770 [INFO] Putting tab 22BC back (queue size: 0).
2026-04-30 06:00:52,771 [INFO] Waiting for all cleanups to finish.
2026-04-30 06:00:52,771 [INFO] Exiting Kaleido
2026-04-30 06:00:52,771 [INFO] Closing browser.
2026-04-30 06:00:52,778 [INFO] Closing browser.
2026-04-30 06:00:52,779 [INFO] TemporaryDirectory.cleanup() worked.
2026-04-30 06:00:52,780 [INFO] shutil.rmtree worked.
2026-04-30 06:00:52,780 [INFO] Cancelling tasks.
2026-04-30 06:00:52,781 [INFO] Exiting Kaleido/Choreo
2026-04-30 06:00:53,076 [INFO] TemporaryDirectory.cleanup() worked.
2026-04-30 06:00:53,076 [INFO] shutil.rmtree worked.
2026-04-30 06:00:53,077 [INFO] TemporaryDirectory.cleanup() worked.
2026-04-30 06:00:53,077 [INFO] shutil.rmtree worked.
2026-04-30 06:00:53,077 [INFO] Cancelling tasks.
2026-04-30 06:00:53,077 [INFO] Exiting Kaleido/Choreo
2026-04-30 06:00:53,079 [INFO]   → PNG: /Users/bilalmac2/git_repo/warn/docs/charts/10_lead_time.png
2026-04-30 06:00:53,079 [INFO]   → HTML div: /Users/bilalmac2/git_repo/warn/docs/charts/10_lead_time.html
2026-04-30 06:00:53,080 [INFO] Chart 11: County bar …
2026-04-30 06:00:53,121 [INFO] Chromium init'ed with kwargs {}
2026-04-30 06:00:53,123 [INFO] Found chromium path: /Applications/Google Chrome.app/Contents/MacOS/Google Chrome
2026-04-30 06:00:53,124 [INFO] Temp directory created: /var/folders/2l/_mqykd2n143bpj9ts872cs5m0000gn/T/tmp_0_b9odr.
2026-04-30 06:00:53,124 [INFO] Opening browser.
2026-04-30 06:00:53,125 [INFO] Temp directory created: /var/folders/2l/_mqykd2n143bpj9ts872cs5m0000gn/T/tmpfebri79s.
2026-04-30 06:00:53,125 [INFO] Temporary directory at: /var/folders/2l/_mqykd2n143bpj9ts872cs5m0000gn/T/tmpfebri79s
2026-04-30 06:00:54,793 [INFO] Conforming 1 to file:///var/folders/2l/_mqykd2n143bpj9ts872cs5m0000gn/T/tmp_0_b9odr/index.html
2026-04-30 06:00:54,811 [INFO] Waiting on all navigates
2026-04-30 06:00:56,906 [INFO] All navigates done, putting them all in queue.
2026-04-30 06:00:56,909 [INFO] Getting tab from queue (has 1)
2026-04-30 06:00:56,910 [INFO] Got F56E
2026-04-30 06:00:56,910 [INFO] Processing bTop_10_Counties_by_Employees_Affectedb.png
2026-04-30 06:00:56,910 [INFO] Sending big command for bTop_10_Counties_by_Employees_Affectedb.png.
2026-04-30 06:00:57,087 [INFO] Sent big command for bTop_10_Counties_by_Employees_Affectedb.png.
2026-04-30 06:00:57,089 [INFO] Reloading tab F56E before return.
2026-04-30 06:00:57,230 [INFO] Putting tab F56E back (queue size: 0).
2026-04-30 06:00:57,230 [INFO] Waiting for all cleanups to finish.
2026-04-30 06:00:57,230 [INFO] Exiting Kaleido
2026-04-30 06:00:57,230 [INFO] Closing browser.
2026-04-30 06:00:57,233 [INFO] Closing browser.
2026-04-30 06:00:57,234 [INFO] TemporaryDirectory.cleanup() worked.
2026-04-30 06:00:57,235 [INFO] shutil.rmtree worked.
2026-04-30 06:00:57,235 [INFO] Cancelling tasks.
2026-04-30 06:00:57,235 [INFO] Exiting Kaleido/Choreo
2026-04-30 06:00:57,557 [INFO] TemporaryDirectory.cleanup() worked.
2026-04-30 06:00:57,558 [INFO] shutil.rmtree worked.
2026-04-30 06:00:57,558 [INFO] TemporaryDirectory.cleanup() worked.
2026-04-30 06:00:57,558 [INFO] shutil.rmtree worked.
2026-04-30 06:00:57,558 [INFO] Cancelling tasks.
2026-04-30 06:00:57,559 [INFO] Exiting Kaleido/Choreo
2026-04-30 06:00:57,561 [INFO]   → PNG: /Users/bilalmac2/git_repo/warn/docs/charts/11_county_bar.png
2026-04-30 06:00:57,561 [INFO]   → HTML div: /Users/bilalmac2/git_repo/warn/docs/charts/11_county_bar.html
2026-04-30 06:00:57,562 [INFO] Charts complete.
2026-04-30 06:00:57,565 [INFO] Step 5/5: Building site …
2026-04-30 06:00:57,565 [INFO] Building index.html …
2026-04-30 06:00:57,642 [INFO] Site built → /Users/bilalmac2/git_repo/warn/docs/index.html
2026-04-30 06:00:57,642 [INFO] Git push …
2026-04-30 06:00:57,643 [INFO] Staging changes …
2026-04-30 06:00:57,858 [INFO] Committing: auto: WARN update 2026-04-30 13:00 UTC
2026-04-30 06:00:57,987 [INFO] Pushing to origin/main …
2026-04-30 06:00:58,642 [WARNING] git push origin main stderr: To https://github.com/bilalahamad0/warn.git
 ! [rejected]        main -> main (fetch first)
error: failed to push some refs to 'https://github.com/bilalahamad0/warn.git'
hint: Updates were rejected because the remote contains work that you do not
hint: have locally. This is usually caused by another repository pushing to
hint: the same ref. If you want to integrate the remote changes, use
hint: 'git pull' before pushing again.
hint: See the 'Note about fast-forwards' in 'git push --help' for details.
2026-04-30 06:00:58,690 [ERROR] ✗ Push failed — check GITHUB_TOKEN and repo permissions.
2026-04-30 06:00:58,690 [INFO] ✓ Publisher complete.
2026-04-30 06:00:58,777 [INFO] TemporaryDirectory.cleanup() worked.
2026-04-30 06:00:58,778 [INFO] shutil.rmtree worked.
2026-04-30 06:00:58,778 [INFO] TemporaryDirectory.cleanup() worked.
2026-04-30 06:00:58,778 [INFO] shutil.rmtree worked.
2026-04-30 06:00:58,778 [INFO] TemporaryDirectory.cleanup() worked.
2026-04-30 06:00:58,778 [INFO] shutil.rmtree worked.
2026-04-30 06:00:58,778 [INFO] TemporaryDirectory.cleanup() worked.
2026-04-30 06:00:58,778 [INFO] shutil.rmtree worked.
/Users/bilalmac2/Library/Python/3.9/lib/python/site-packages/urllib3/__init__.py:34: NotOpenSSLWarning: urllib3 v2.0 only supports OpenSSL 1.1.1+, currently the 'ssl' module is compiled with 'LibreSSL 2.8.3'. See: https://github.com/urllib3/urllib3/issues/3020
  warnings.warn(
2026-04-30 18:00:02,384 [INFO] ======================================================================
2026-04-30 18:00:02,385 [INFO] WARN Publisher — 2026-05-01T01:00:02.384869+00:00Z
2026-04-30 18:00:02,385 [INFO] ======================================================================
2026-04-30 18:00:02,385 [INFO] Step 1/5: Running monitor …
2026-04-30 18:00:02,385 [INFO] ============================================================
2026-04-30 18:00:02,385 [INFO] WARN Monitor — 2026-05-01T01:00:02.385421+00:00Z
2026-04-30 18:00:02,385 [INFO] ============================================================
2026-04-30 18:00:02,386 [INFO] Requesting WARN XLSX from EDD …
2026-04-30 18:00:02,634 [INFO] File changed (hash: 9218ffbe → d1a07562)
2026-04-30 18:00:02,635 [INFO] Parsing /Users/bilalmac2/git_repo/warn/file.xlsx …
2026-04-30 18:00:02,936 [INFO] Available sheets: ['Index', 'WARN Report Summary', 'Detailed WARN Report ', 'Call Center Relocations Summary', 'Call Center Relocations Report', 'Industry List']
2026-04-30 18:00:02,936 [INFO] Using sheet: 'Detailed WARN Report '
/Users/bilalmac2/Library/Python/3.9/lib/python/site-packages/openpyxl/worksheet/_reader.py:329: UserWarning: Data Validation extension is not supported and will be removed
  warn(msg)
2026-04-30 18:00:03,140 [INFO] Detailed sheet columns: ['County/Parish', 'Notice\nDate', 'Processed\nDate', 'Effective \nDate', 'Company', 'Layoff/\nClosure', 'No. Of\nEmployees', 'Address', 'Related Industry']
2026-04-30 18:00:03,365 [INFO] Parsed 1224 WARN records spanning 2025-01-05 → 2026-12-30
2026-04-30 18:00:03,380 [INFO] Changes: +84 new, -0 removed records
2026-04-30 18:00:03,407 [INFO] Saved 1224 records to /Users/bilalmac2/git_repo/warn/data/warn_latest.json
2026-04-30 18:00:03,407 [INFO] Monitor run complete.
2026-04-30 18:00:03,408 [INFO] Step 2/5: Generating diff report …
2026-04-30 18:00:03,586 [INFO] Step 3/5: Updating historical data …
2026-04-30 18:00:03,586 [INFO] Year 2014: already parsed — skipping (use --force to re-parse)
2026-04-30 18:00:03,586 [INFO] Year 2015: already parsed — skipping (use --force to re-parse)
2026-04-30 18:00:03,587 [INFO] Year 2016: already parsed — skipping (use --force to re-parse)
2026-04-30 18:00:03,587 [INFO] Year 2017: already parsed — skipping (use --force to re-parse)
2026-04-30 18:00:03,587 [INFO] Year 2018: already parsed — skipping (use --force to re-parse)
2026-04-30 18:00:03,587 [INFO] Year 2019: already parsed — skipping (use --force to re-parse)
2026-04-30 18:00:03,587 [INFO] Year 2020: already parsed — skipping (use --force to re-parse)
2026-04-30 18:00:03,587 [INFO] Year 2021: already parsed — skipping (use --force to re-parse)
2026-04-30 18:00:03,587 [INFO] Year 2022: already parsed — skipping (use --force to re-parse)
2026-04-30 18:00:03,587 [INFO] Year 2023: already parsed — skipping (use --force to re-parse)
2026-04-30 18:00:03,587 [INFO] Year 2024: already parsed — skipping (use --force to re-parse)
2026-04-30 18:00:03,624 [INFO] Combined dataset: 1,525 records across 12 years
2026-04-30 18:00:03,625 [INFO] Step 4/5: Generating charts …
2026-04-30 18:00:03,653 [INFO] Loaded 1224 records for charting.
2026-04-30 18:00:03,659 [INFO] Historical data: 1,525 records across 12 years
2026-04-30 18:00:03,659 [INFO] Chart 1: Timeline scatter …
2026-04-30 18:00:04,850 [INFO] Chromium init'ed with kwargs {}
2026-04-30 18:00:04,866 [INFO] Found chromium path: /Applications/Google Chrome.app/Contents/MacOS/Google Chrome
2026-04-30 18:00:04,870 [INFO] Temp directory created: /var/folders/2l/_mqykd2n143bpj9ts872cs5m0000gn/T/tmpc7xce5_d.
2026-04-30 18:00:04,870 [INFO] Opening browser.
2026-04-30 18:00:04,872 [INFO] Temp directory created: /var/folders/2l/_mqykd2n143bpj9ts872cs5m0000gn/T/tmp0qchb__v.
2026-04-30 18:00:04,872 [INFO] Temporary directory at: /var/folders/2l/_mqykd2n143bpj9ts872cs5m0000gn/T/tmp0qchb__v
2026-04-30 18:00:06,516 [INFO] Conforming 1 to file:///var/folders/2l/_mqykd2n143bpj9ts872cs5m0000gn/T/tmpc7xce5_d/index.html
2026-04-30 18:00:06,551 [INFO] Waiting on all navigates
2026-04-30 18:00:08,358 [INFO] All navigates done, putting them all in queue.
2026-04-30 18:00:08,359 [INFO] Getting tab from queue (has 1)
2026-04-30 18:00:08,359 [INFO] Got 3AE8
2026-04-30 18:00:08,360 [INFO] Processing bWARN_Notices__Employees_by_Effective_Dateb.png
2026-04-30 18:00:08,360 [INFO] Sending big command for bWARN_Notices__Employees_by_Effective_Dateb.png.
2026-04-30 18:00:10,265 [INFO] Sent big command for bWARN_Notices__Employees_by_Effective_Dateb.png.
2026-04-30 18:00:10,273 [INFO] Reloading tab 3AE8 before return.
2026-04-30 18:00:10,444 [INFO] Putting tab 3AE8 back (queue size: 0).
2026-04-30 18:00:10,444 [INFO] Waiting for all cleanups to finish.
2026-04-30 18:00:10,444 [INFO] Exiting Kaleido
2026-04-30 18:00:10,444 [INFO] Closing browser.
2026-04-30 18:00:10,447 [INFO] Closing browser.
2026-04-30 18:00:10,448 [INFO] TemporaryDirectory.cleanup() worked.
2026-04-30 18:00:10,448 [INFO] shutil.rmtree worked.
2026-04-30 18:00:10,448 [INFO] Cancelling tasks.
2026-04-30 18:00:10,448 [INFO] Exiting Kaleido/Choreo
2026-04-30 18:00:10,766 [INFO] TemporaryDirectory.cleanup() worked.
2026-04-30 18:00:10,766 [INFO] shutil.rmtree worked.
2026-04-30 18:00:10,766 [INFO] TemporaryDirectory.cleanup() worked.
2026-04-30 18:00:10,766 [INFO] shutil.rmtree worked.
2026-04-30 18:00:10,766 [INFO] Cancelling tasks.
2026-04-30 18:00:10,766 [INFO] Exiting Kaleido/Choreo
2026-04-30 18:00:10,768 [INFO]   → PNG: /Users/bilalmac2/git_repo/warn/docs/charts/1_timeline_scatter.png
2026-04-30 18:00:10,768 [INFO]   → HTML div: /Users/bilalmac2/git_repo/warn/docs/charts/1_timeline_scatter.html
2026-04-30 18:00:10,768 [INFO] Chart 2: Monthly bar chart …
2026-04-30 18:00:10,785 [INFO] TemporaryDirectory.cleanup() worked.
2026-04-30 18:00:10,785 [INFO] shutil.rmtree worked.
2026-04-30 18:00:10,804 [INFO] Chromium init'ed with kwargs {}
2026-04-30 18:00:10,805 [INFO] Found chromium path: /Applications/Google Chrome.app/Contents/MacOS/Google Chrome
2026-04-30 18:00:10,805 [INFO] Temp directory created: /var/folders/2l/_mqykd2n143bpj9ts872cs5m0000gn/T/tmpjpwtrgqn.
2026-04-30 18:00:10,806 [INFO] Opening browser.
2026-04-30 18:00:10,806 [INFO] Temp directory created: /var/folders/2l/_mqykd2n143bpj9ts872cs5m0000gn/T/tmpjh55xiyf.
2026-04-30 18:00:10,806 [INFO] Temporary directory at: /var/folders/2l/_mqykd2n143bpj9ts872cs5m0000gn/T/tmpjh55xiyf
2026-04-30 18:00:12,103 [INFO] Conforming 1 to file:///var/folders/2l/_mqykd2n143bpj9ts872cs5m0000gn/T/tmpjpwtrgqn/index.html
2026-04-30 18:00:12,136 [INFO] Waiting on all navigates
2026-04-30 18:00:13,891 [INFO] All navigates done, putting them all in queue.
2026-04-30 18:00:13,893 [INFO] Getting tab from queue (has 1)
2026-04-30 18:00:13,893 [INFO] Got 88D1
2026-04-30 18:00:13,893 [INFO] Processing bMonthly_Layoffs__Total_Employees_Affectedb.png
2026-04-30 18:00:13,893 [INFO] Sending big command for bMonthly_Layoffs__Total_Employees_Affectedb.png.
2026-04-30 18:00:14,057 [INFO] Sent big command for bMonthly_Layoffs__Total_Employees_Affectedb.png.
2026-04-30 18:00:14,060 [INFO] Reloading tab 88D1 before return.
2026-04-30 18:00:14,162 [INFO] Putting tab 88D1 back (queue size: 0).
2026-04-30 18:00:14,162 [INFO] Waiting for all cleanups to finish.
2026-04-30 18:00:14,162 [INFO] Exiting Kaleido
2026-04-30 18:00:14,162 [INFO] Closing browser.
2026-04-30 18:00:14,165 [INFO] Closing browser.
2026-04-30 18:00:14,166 [INFO] TemporaryDirectory.cleanup() worked.
2026-04-30 18:00:14,166 [INFO] shutil.rmtree worked.
2026-04-30 18:00:14,166 [INFO] Cancelling tasks.
2026-04-30 18:00:14,166 [INFO] Exiting Kaleido/Choreo
2026-04-30 18:00:14,399 [INFO] TemporaryDirectory.cleanup() worked.
2026-04-30 18:00:14,399 [INFO] shutil.rmtree worked.
2026-04-30 18:00:14,399 [INFO] TemporaryDirectory.cleanup() worked.
2026-04-30 18:00:14,399 [INFO] shutil.rmtree worked.
2026-04-30 18:00:14,400 [INFO] Cancelling tasks.
2026-04-30 18:00:14,400 [INFO] Exiting Kaleido/Choreo
2026-04-30 18:00:14,401 [INFO]   → PNG: /Users/bilalmac2/git_repo/warn/docs/charts/2_monthly_bar.png
2026-04-30 18:00:14,401 [INFO]   → HTML div: /Users/bilalmac2/git_repo/warn/docs/charts/2_monthly_bar.html
2026-04-30 18:00:14,402 [INFO] Chart 3: Rolling trend …
2026-04-30 18:00:14,453 [INFO] Chromium init'ed with kwargs {}
2026-04-30 18:00:14,453 [INFO] Found chromium path: /Applications/Google Chrome.app/Contents/MacOS/Google Chrome
2026-04-30 18:00:14,453 [INFO] Temp directory created: /var/folders/2l/_mqykd2n143bpj9ts872cs5m0000gn/T/tmps2p79qb7.
2026-04-30 18:00:14,454 [INFO] Opening browser.
2026-04-30 18:00:14,454 [INFO] Temp directory created: /var/folders/2l/_mqykd2n143bpj9ts872cs5m0000gn/T/tmp42_oa15f.
2026-04-30 18:00:14,454 [INFO] Temporary directory at: /var/folders/2l/_mqykd2n143bpj9ts872cs5m0000gn/T/tmp42_oa15f
2026-04-30 18:00:15,675 [INFO] Conforming 1 to file:///var/folders/2l/_mqykd2n143bpj9ts872cs5m0000gn/T/tmps2p79qb7/index.html
2026-04-30 18:00:15,700 [INFO] Waiting on all navigates
2026-04-30 18:00:17,326 [INFO] All navigates done, putting them all in queue.
2026-04-30 18:00:17,327 [INFO] Getting tab from queue (has 1)
2026-04-30 18:00:17,327 [INFO] Got 8B89
2026-04-30 18:00:17,327 [INFO] Processing bLayoff_Trend__Daily_30_Day_Average__Cumulativeb.png
2026-04-30 18:00:17,328 [INFO] Sending big command for bLayoff_Trend__Daily_30_Day_Average__Cumulativeb.png.
2026-04-30 18:00:17,568 [INFO] Sent big command for bLayoff_Trend__Daily_30_Day_Average__Cumulativeb.png.
2026-04-30 18:00:17,571 [INFO] Reloading tab 8B89 before return.
2026-04-30 18:00:17,675 [INFO] Putting tab 8B89 back (queue size: 0).
2026-04-30 18:00:17,675 [INFO] Waiting for all cleanups to finish.
2026-04-30 18:00:17,675 [INFO] Exiting Kaleido
2026-04-30 18:00:17,675 [INFO] Closing browser.
2026-04-30 18:00:17,677 [INFO] Closing browser.
2026-04-30 18:00:17,679 [INFO] TemporaryDirectory.cleanup() worked.
2026-04-30 18:00:17,679 [INFO] shutil.rmtree worked.
2026-04-30 18:00:17,679 [INFO] Cancelling tasks.
2026-04-30 18:00:17,679 [INFO] Exiting Kaleido/Choreo
2026-04-30 18:00:17,927 [INFO] TemporaryDirectory.cleanup() worked.
2026-04-30 18:00:17,927 [INFO] shutil.rmtree worked.
2026-04-30 18:00:17,928 [INFO] TemporaryDirectory.cleanup() worked.
2026-04-30 18:00:17,928 [INFO] shutil.rmtree worked.
2026-04-30 18:00:17,928 [INFO] Cancelling tasks.
2026-04-30 18:00:17,928 [INFO] Exiting Kaleido/Choreo
2026-04-30 18:00:17,930 [INFO]   → PNG: /Users/bilalmac2/git_repo/warn/docs/charts/3_rolling_trend.png
2026-04-30 18:00:17,930 [INFO]   → HTML div: /Users/bilalmac2/git_repo/warn/docs/charts/3_rolling_trend.html
2026-04-30 18:00:17,931 [INFO] Chart 4: Top-25 companies …
2026-04-30 18:00:17,956 [INFO] TemporaryDirectory.cleanup() worked.
2026-04-30 18:00:17,956 [INFO] shutil.rmtree worked.
2026-04-30 18:00:17,956 [INFO] TemporaryDirectory.cleanup() worked.
2026-04-30 18:00:17,956 [INFO] shutil.rmtree worked.
2026-04-30 18:00:17,961 [INFO] Chromium init'ed with kwargs {}
2026-04-30 18:00:17,962 [INFO] Found chromium path: /Applications/Google Chrome.app/Contents/MacOS/Google Chrome
2026-04-30 18:00:17,962 [INFO] Temp directory created: /var/folders/2l/_mqykd2n143bpj9ts872cs5m0000gn/T/tmp01jzg2_i.
2026-04-30 18:00:17,963 [INFO] Opening browser.
2026-04-30 18:00:17,963 [INFO] Temp directory created: /var/folders/2l/_mqykd2n143bpj9ts872cs5m0000gn/T/tmpqiu1v9v5.
2026-04-30 18:00:17,963 [INFO] Temporary directory at: /var/folders/2l/_mqykd2n143bpj9ts872cs5m0000gn/T/tmpqiu1v9v5
2026-04-30 18:00:19,264 [INFO] Conforming 1 to file:///var/folders/2l/_mqykd2n143bpj9ts872cs5m0000gn/T/tmp01jzg2_i/index.html
2026-04-30 18:00:19,293 [INFO] Waiting on all navigates
2026-04-30 18:00:20,972 [INFO] All navigates done, putting them all in queue.
2026-04-30 18:00:20,973 [INFO] Getting tab from queue (has 1)
2026-04-30 18:00:20,973 [INFO] Got 1CB6
2026-04-30 18:00:20,973 [INFO] Processing bTop_25_Filtered_Companies_by_Total_Employees_Affectedb.png
2026-04-30 18:00:20,973 [INFO] Sending big command for bTop_25_Filtered_Companies_by_Total_Employees_Affectedb.png.
2026-04-30 18:00:21,149 [INFO] Sent big command for bTop_25_Filtered_Companies_by_Total_Employees_Affectedb.png.
2026-04-30 18:00:21,153 [INFO] Reloading tab 1CB6 before return.
2026-04-30 18:00:21,258 [INFO] Putting tab 1CB6 back (queue size: 0).
2026-04-30 18:00:21,258 [INFO] Waiting for all cleanups to finish.
2026-04-30 18:00:21,258 [INFO] Exiting Kaleido
2026-04-30 18:00:21,258 [INFO] Closing browser.
2026-04-30 18:00:21,261 [INFO] Closing browser.
2026-04-30 18:00:21,261 [INFO] TemporaryDirectory.cleanup() worked.
2026-04-30 18:00:21,262 [INFO] shutil.rmtree worked.
2026-04-30 18:00:21,262 [INFO] Cancelling tasks.
2026-04-30 18:00:21,262 [INFO] Exiting Kaleido/Choreo
2026-04-30 18:00:21,567 [INFO] TemporaryDirectory.cleanup() worked.
2026-04-30 18:00:21,567 [INFO] shutil.rmtree worked.
2026-04-30 18:00:21,567 [INFO] TemporaryDirectory.cleanup() worked.
2026-04-30 18:00:21,568 [INFO] shutil.rmtree worked.
2026-04-30 18:00:21,568 [INFO] Cancelling tasks.
2026-04-30 18:00:21,568 [INFO] Exiting Kaleido/Choreo
2026-04-30 18:00:21,569 [INFO]   → PNG: /Users/bilalmac2/git_repo/warn/docs/charts/4_top_companies.png
2026-04-30 18:00:21,569 [INFO]   → HTML div: /Users/bilalmac2/git_repo/warn/docs/charts/4_top_companies.html
2026-04-30 18:00:21,569 [INFO] Chart 5: County heatmap …
2026-04-30 18:00:21,610 [INFO] Chromium init'ed with kwargs {}
2026-04-30 18:00:21,611 [INFO] Found chromium path: /Applications/Google Chrome.app/Contents/MacOS/Google Chrome
2026-04-30 18:00:21,611 [INFO] Temp directory created: /var/folders/2l/_mqykd2n143bpj9ts872cs5m0000gn/T/tmpsvei8ize.
2026-04-30 18:00:21,611 [INFO] Opening browser.
2026-04-30 18:00:21,612 [INFO] Temp directory created: /var/folders/2l/_mqykd2n143bpj9ts872cs5m0000gn/T/tmpl3trhwvd.
2026-04-30 18:00:21,612 [INFO] Temporary directory at: /var/folders/2l/_mqykd2n143bpj9ts872cs5m0000gn/T/tmpl3trhwvd
2026-04-30 18:00:22,910 [INFO] Conforming 1 to file:///var/folders/2l/_mqykd2n143bpj9ts872cs5m0000gn/T/tmpsvei8ize/index.html
2026-04-30 18:00:22,911 [INFO] Waiting on all navigates
2026-04-30 18:00:24,705 [INFO] All navigates done, putting them all in queue.
2026-04-30 18:00:24,707 [INFO] Getting tab from queue (has 1)
2026-04-30 18:00:24,707 [INFO] Got F259
2026-04-30 18:00:24,707 [INFO] Processing bCounty__Month_Heatmap__Employees_Affectedb.png
2026-04-30 18:00:24,707 [INFO] Sending big command for bCounty__Month_Heatmap__Employees_Affectedb.png.
2026-04-30 18:00:24,920 [INFO] Sent big command for bCounty__Month_Heatmap__Employees_Affectedb.png.
2026-04-30 18:00:24,923 [INFO] Reloading tab F259 before return.
2026-04-30 18:00:25,027 [INFO] Putting tab F259 back (queue size: 0).
2026-04-30 18:00:25,027 [INFO] Waiting for all cleanups to finish.
2026-04-30 18:00:25,027 [INFO] Exiting Kaleido
2026-04-30 18:00:25,027 [INFO] Closing browser.
2026-04-30 18:00:25,029 [INFO] Closing browser.
2026-04-30 18:00:25,031 [INFO] TemporaryDirectory.cleanup() worked.
2026-04-30 18:00:25,031 [INFO] shutil.rmtree worked.
2026-04-30 18:00:25,031 [INFO] Cancelling tasks.
2026-04-30 18:00:25,031 [INFO] Exiting Kaleido/Choreo
2026-04-30 18:00:25,280 [INFO] TemporaryDirectory.cleanup() worked.
2026-04-30 18:00:25,280 [INFO] shutil.rmtree worked.
2026-04-30 18:00:25,280 [INFO] TemporaryDirectory.cleanup() worked.
2026-04-30 18:00:25,280 [INFO] shutil.rmtree worked.
2026-04-30 18:00:25,280 [INFO] Cancelling tasks.
2026-04-30 18:00:25,280 [INFO] Exiting Kaleido/Choreo
2026-04-30 18:00:25,282 [INFO]   → PNG: /Users/bilalmac2/git_repo/warn/docs/charts/5_county_heatmap.png
2026-04-30 18:00:25,282 [INFO]   → HTML div: /Users/bilalmac2/git_repo/warn/docs/charts/5_county_heatmap.html
2026-04-30 18:00:25,283 [INFO] Chart 6: Treemap …
2026-04-30 18:00:25,299 [INFO] TemporaryDirectory.cleanup() worked.
2026-04-30 18:00:25,299 [INFO] shutil.rmtree worked.
2026-04-30 18:00:25,372 [INFO] TemporaryDirectory.cleanup() worked.
2026-04-30 18:00:25,372 [INFO] shutil.rmtree worked.
2026-04-30 18:00:25,419 [INFO] Chromium init'ed with kwargs {}
2026-04-30 18:00:25,419 [INFO] Found chromium path: /Applications/Google Chrome.app/Contents/MacOS/Google Chrome
2026-04-30 18:00:25,420 [INFO] Temp directory created: /var/folders/2l/_mqykd2n143bpj9ts872cs5m0000gn/T/tmpcq7eg7f9.
2026-04-30 18:00:25,420 [INFO] Opening browser.
2026-04-30 18:00:25,421 [INFO] Temp directory created: /var/folders/2l/_mqykd2n143bpj9ts872cs5m0000gn/T/tmpgc2n_pk5.
2026-04-30 18:00:25,421 [INFO] Temporary directory at: /var/folders/2l/_mqykd2n143bpj9ts872cs5m0000gn/T/tmpgc2n_pk5
2026-04-30 18:00:26,709 [INFO] Conforming 1 to file:///var/folders/2l/_mqykd2n143bpj9ts872cs5m0000gn/T/tmpcq7eg7f9/index.html
2026-04-30 18:00:26,723 [INFO] Waiting on all navigates
2026-04-30 18:00:28,449 [INFO] All navigates done, putting them all in queue.
2026-04-30 18:00:28,451 [INFO] Getting tab from queue (has 1)
2026-04-30 18:00:28,451 [INFO] Got 4C95
2026-04-30 18:00:28,451 [INFO] Processing bLayoff_Treemap__Company_Size_by_Employees_Affectedb.png
2026-04-30 18:00:28,451 [INFO] Sending big command for bLayoff_Treemap__Company_Size_by_Employees_Affectedb.png.
2026-04-30 18:00:28,806 [INFO] Sent big command for bLayoff_Treemap__Company_Size_by_Employees_Affectedb.png.
2026-04-30 18:00:28,811 [INFO] Reloading tab 4C95 before return.
2026-04-30 18:00:28,912 [INFO] Putting tab 4C95 back (queue size: 0).
2026-04-30 18:00:28,912 [INFO] Waiting for all cleanups to finish.
2026-04-30 18:00:28,912 [INFO] Exiting Kaleido
2026-04-30 18:00:28,912 [INFO] Closing browser.
2026-04-30 18:00:28,914 [INFO] Closing browser.
2026-04-30 18:00:28,915 [INFO] TemporaryDirectory.cleanup() worked.
2026-04-30 18:00:28,915 [INFO] shutil.rmtree worked.
2026-04-30 18:00:28,916 [INFO] Cancelling tasks.
2026-04-30 18:00:28,916 [INFO] Exiting Kaleido/Choreo
2026-04-30 18:00:29,182 [INFO] TemporaryDirectory.cleanup() worked.
2026-04-30 18:00:29,182 [INFO] shutil.rmtree worked.
2026-04-30 18:00:29,183 [INFO] TemporaryDirectory.cleanup() worked.
2026-04-30 18:00:29,183 [INFO] shutil.rmtree worked.
2026-04-30 18:00:29,183 [INFO] Cancelling tasks.
2026-04-30 18:00:29,183 [INFO] Exiting Kaleido/Choreo
2026-04-30 18:00:29,185 [INFO]   → PNG: /Users/bilalmac2/git_repo/warn/docs/charts/6_treemap.png
2026-04-30 18:00:29,185 [INFO]   → HTML div: /Users/bilalmac2/git_repo/warn/docs/charts/6_treemap.html
2026-04-30 18:00:29,185 [INFO] Chart 7: Year-over-year bar …
2026-04-30 18:00:29,229 [INFO] Chromium init'ed with kwargs {}
2026-04-30 18:00:29,229 [INFO] Found chromium path: /Applications/Google Chrome.app/Contents/MacOS/Google Chrome
2026-04-30 18:00:29,229 [INFO] Temp directory created: /var/folders/2l/_mqykd2n143bpj9ts872cs5m0000gn/T/tmp68yrfcis.
2026-04-30 18:00:29,230 [INFO] Opening browser.
2026-04-30 18:00:29,230 [INFO] Temp directory created: /var/folders/2l/_mqykd2n143bpj9ts872cs5m0000gn/T/tmpx_pypti3.
2026-04-30 18:00:29,230 [INFO] Temporary directory at: /var/folders/2l/_mqykd2n143bpj9ts872cs5m0000gn/T/tmpx_pypti3
2026-04-30 18:00:30,521 [INFO] Conforming 1 to file:///var/folders/2l/_mqykd2n143bpj9ts872cs5m0000gn/T/tmp68yrfcis/index.html
2026-04-30 18:00:30,536 [INFO] Waiting on all navigates
2026-04-30 18:00:32,254 [INFO] All navigates done, putting them all in queue.
2026-04-30 18:00:32,255 [INFO] Getting tab from queue (has 1)
2026-04-30 18:00:32,256 [INFO] Got EF30
2026-04-30 18:00:32,256 [INFO] Processing bYear_over_Year__Employees_Affected__Notice_Count_2014Presentb.png
2026-04-30 18:00:32,256 [INFO] Sending big command for bYear_over_Year__Employees_Affected__Notice_Count_2014Presentb.png.
2026-04-30 18:00:32,451 [INFO] Sent big command for bYear_over_Year__Employees_Affected__Notice_Count_2014Presentb.png.
2026-04-30 18:00:32,454 [INFO] Reloading tab EF30 before return.
2026-04-30 18:00:32,558 [INFO] Putting tab EF30 back (queue size: 0).
2026-04-30 18:00:32,558 [INFO] Waiting for all cleanups to finish.
2026-04-30 18:00:32,558 [INFO] Exiting Kaleido
2026-04-30 18:00:32,558 [INFO] Closing browser.
2026-04-30 18:00:32,560 [INFO] Closing browser.
2026-04-30 18:00:32,562 [INFO] TemporaryDirectory.cleanup() worked.
2026-04-30 18:00:32,562 [INFO] shutil.rmtree worked.
2026-04-30 18:00:32,562 [INFO] Cancelling tasks.
2026-04-30 18:00:32,562 [INFO] Exiting Kaleido/Choreo
2026-04-30 18:00:32,851 [INFO] TemporaryDirectory.cleanup() worked.
2026-04-30 18:00:32,852 [INFO] shutil.rmtree worked.
2026-04-30 18:00:32,852 [INFO] TemporaryDirectory.cleanup() worked.
2026-04-30 18:00:32,852 [INFO] shutil.rmtree worked.
2026-04-30 18:00:32,852 [INFO] Cancelling tasks.
2026-04-30 18:00:32,852 [INFO] Exiting Kaleido/Choreo
2026-04-30 18:00:32,854 [INFO]   → PNG: /Users/bilalmac2/git_repo/warn/docs/charts/7_yoy_bar.png
2026-04-30 18:00:32,854 [INFO]   → HTML div: /Users/bilalmac2/git_repo/warn/docs/charts/7_yoy_bar.html
2026-04-30 18:00:32,854 [INFO] Chart 8: Multi-year trend …
/Users/bilalmac2/git_repo/warn/warn_charts.py:593: UserWarning: Could not infer format, so each element will be parsed individually, falling back to `dateutil`. To ensure parsing is consistent and as-expected, please specify a format.
  df_all["effective_date"] = pd.to_datetime(df_all["effective_date"], errors="coerce")
2026-04-30 18:00:32,896 [INFO] TemporaryDirectory.cleanup() worked.
2026-04-30 18:00:32,896 [INFO] shutil.rmtree worked.
2026-04-30 18:00:32,896 [INFO] TemporaryDirectory.cleanup() worked.
2026-04-30 18:00:32,896 [INFO] shutil.rmtree worked.
2026-04-30 18:00:32,932 [INFO] Chromium init'ed with kwargs {}
2026-04-30 18:00:32,933 [INFO] Found chromium path: /Applications/Google Chrome.app/Contents/MacOS/Google Chrome
2026-04-30 18:00:32,933 [INFO] Temp directory created: /var/folders/2l/_mqykd2n143bpj9ts872cs5m0000gn/T/tmp99yc8fld.
2026-04-30 18:00:32,934 [INFO] Opening browser.
2026-04-30 18:00:32,934 [INFO] Temp directory created: /var/folders/2l/_mqykd2n143bpj9ts872cs5m0000gn/T/tmp2yepnptp.
2026-04-30 18:00:32,934 [INFO] Temporary directory at: /var/folders/2l/_mqykd2n143bpj9ts872cs5m0000gn/T/tmp2yepnptp
2026-04-30 18:00:34,226 [INFO] Conforming 1 to file:///var/folders/2l/_mqykd2n143bpj9ts872cs5m0000gn/T/tmp99yc8fld/index.html
2026-04-30 18:00:34,240 [INFO] Waiting on all navigates
2026-04-30 18:00:35,950 [INFO] All navigates done, putting them all in queue.
2026-04-30 18:00:35,951 [INFO] Getting tab from queue (has 1)
2026-04-30 18:00:35,951 [INFO] Got 924E
2026-04-30 18:00:35,951 [INFO] Processing bMulti_Year_Monthly_Comparison__Employees_Affected_by_Monthb.png
2026-04-30 18:00:35,952 [INFO] Sending big command for bMulti_Year_Monthly_Comparison__Employees_Affected_by_Monthb.png.
2026-04-30 18:00:36,137 [INFO] Sent big command for bMulti_Year_Monthly_Comparison__Employees_Affected_by_Monthb.png.
2026-04-30 18:00:36,141 [INFO] Reloading tab 924E before return.
2026-04-30 18:00:36,245 [INFO] Putting tab 924E back (queue size: 0).
2026-04-30 18:00:36,245 [INFO] Waiting for all cleanups to finish.
2026-04-30 18:00:36,245 [INFO] Exiting Kaleido
2026-04-30 18:00:36,245 [INFO] Closing browser.
2026-04-30 18:00:36,247 [INFO] Closing browser.
2026-04-30 18:00:36,248 [INFO] TemporaryDirectory.cleanup() worked.
2026-04-30 18:00:36,249 [INFO] shutil.rmtree worked.
2026-04-30 18:00:36,249 [INFO] Cancelling tasks.
2026-04-30 18:00:36,249 [INFO] Exiting Kaleido/Choreo
2026-04-30 18:00:36,529 [INFO] TemporaryDirectory.cleanup() worked.
2026-04-30 18:00:36,529 [INFO] shutil.rmtree worked.
2026-04-30 18:00:36,529 [INFO] TemporaryDirectory.cleanup() worked.
2026-04-30 18:00:36,530 [INFO] shutil.rmtree worked.
2026-04-30 18:00:36,530 [INFO] Cancelling tasks.
2026-04-30 18:00:36,530 [INFO] Exiting Kaleido/Choreo
2026-04-30 18:00:36,534 [INFO]   → PNG: /Users/bilalmac2/git_repo/warn/docs/charts/8_multiyear_trend.png
2026-04-30 18:00:36,534 [INFO]   → HTML div: /Users/bilalmac2/git_repo/warn/docs/charts/8_multiyear_trend.html
2026-04-30 18:00:36,534 [INFO] Chart 9: Industry breakdown …
2026-04-30 18:00:36,576 [INFO] Chromium init'ed with kwargs {}
2026-04-30 18:00:36,577 [INFO] Found chromium path: /Applications/Google Chrome.app/Contents/MacOS/Google Chrome
2026-04-30 18:00:36,577 [INFO] Temp directory created: /var/folders/2l/_mqykd2n143bpj9ts872cs5m0000gn/T/tmp7dl7real.
2026-04-30 18:00:36,578 [INFO] Opening browser.
2026-04-30 18:00:36,578 [INFO] Temp directory created: /var/folders/2l/_mqykd2n143bpj9ts872cs5m0000gn/T/tmp5cxt6j4l.
2026-04-30 18:00:36,578 [INFO] Temporary directory at: /var/folders/2l/_mqykd2n143bpj9ts872cs5m0000gn/T/tmp5cxt6j4l
2026-04-30 18:00:37,869 [INFO] Conforming 1 to file:///var/folders/2l/_mqykd2n143bpj9ts872cs5m0000gn/T/tmp7dl7real/index.html
2026-04-30 18:00:37,879 [INFO] Waiting on all navigates
2026-04-30 18:00:39,826 [INFO] All navigates done, putting them all in queue.
2026-04-30 18:00:39,827 [INFO] Getting tab from queue (has 1)
2026-04-30 18:00:39,828 [INFO] Got D327
2026-04-30 18:00:39,828 [INFO] Processing bEmployees_Affected_by_Industry_Sectorb.png
2026-04-30 18:00:39,828 [INFO] Sending big command for bEmployees_Affected_by_Industry_Sectorb.png.
2026-04-30 18:00:39,995 [INFO] Sent big command for bEmployees_Affected_by_Industry_Sectorb.png.
2026-04-30 18:00:39,998 [INFO] Reloading tab D327 before return.
2026-04-30 18:00:40,107 [INFO] Putting tab D327 back (queue size: 0).
2026-04-30 18:00:40,108 [INFO] Waiting for all cleanups to finish.
2026-04-30 18:00:40,108 [INFO] Exiting Kaleido
2026-04-30 18:00:40,108 [INFO] Closing browser.
2026-04-30 18:00:40,110 [INFO] Closing browser.
2026-04-30 18:00:40,111 [INFO] TemporaryDirectory.cleanup() worked.
2026-04-30 18:00:40,111 [INFO] shutil.rmtree worked.
2026-04-30 18:00:40,111 [INFO] Cancelling tasks.
2026-04-30 18:00:40,111 [INFO] Exiting Kaleido/Choreo
2026-04-30 18:00:40,383 [INFO] TemporaryDirectory.cleanup() worked.
2026-04-30 18:00:40,383 [INFO] shutil.rmtree worked.
2026-04-30 18:00:40,384 [INFO] TemporaryDirectory.cleanup() worked.
2026-04-30 18:00:40,384 [INFO] shutil.rmtree worked.
2026-04-30 18:00:40,384 [INFO] Cancelling tasks.
2026-04-30 18:00:40,384 [INFO] Exiting Kaleido/Choreo
2026-04-30 18:00:40,386 [INFO]   → PNG: /Users/bilalmac2/git_repo/warn/docs/charts/9_industry_breakdown.png
2026-04-30 18:00:40,386 [INFO]   → HTML div: /Users/bilalmac2/git_repo/warn/docs/charts/9_industry_breakdown.html
2026-04-30 18:00:40,386 [INFO] Chart 10: Lead time histogram …
2026-04-30 18:00:40,408 [INFO] TemporaryDirectory.cleanup() worked.
2026-04-30 18:00:40,408 [INFO] shutil.rmtree worked.
2026-04-30 18:00:40,408 [INFO] TemporaryDirectory.cleanup() worked.
2026-04-30 18:00:40,408 [INFO] shutil.rmtree worked.
2026-04-30 18:00:40,433 [INFO] Chromium init'ed with kwargs {}
2026-04-30 18:00:40,434 [INFO] Found chromium path: /Applications/Google Chrome.app/Contents/MacOS/Google Chrome
2026-04-30 18:00:40,434 [INFO] Temp directory created: /var/folders/2l/_mqykd2n143bpj9ts872cs5m0000gn/T/tmph7tpedr4.
2026-04-30 18:00:40,434 [INFO] Opening browser.
2026-04-30 18:00:40,435 [INFO] Temp directory created: /var/folders/2l/_mqykd2n143bpj9ts872cs5m0000gn/T/tmps7vft61i.
2026-04-30 18:00:40,435 [INFO] Temporary directory at: /var/folders/2l/_mqykd2n143bpj9ts872cs5m0000gn/T/tmps7vft61i
2026-04-30 18:00:41,721 [INFO] Conforming 1 to file:///var/folders/2l/_mqykd2n143bpj9ts872cs5m0000gn/T/tmph7tpedr4/index.html
2026-04-30 18:00:41,734 [INFO] Waiting on all navigates
2026-04-30 18:00:43,777 [INFO] All navigates done, putting them all in queue.
2026-04-30 18:00:43,779 [INFO] Getting tab from queue (has 1)
2026-04-30 18:00:43,779 [INFO] Got 7822
2026-04-30 18:00:43,779 [INFO] Processing bNotice_Lead_Time_Distribution__73_Filed_60_Days_in_Advanceb.png
2026-04-30 18:00:43,780 [INFO] Sending big command for bNotice_Lead_Time_Distribution__73_Filed_60_Days_in_Advanceb.png.
2026-04-30 18:00:43,939 [INFO] Sent big command for bNotice_Lead_Time_Distribution__73_Filed_60_Days_in_Advanceb.png.
2026-04-30 18:00:43,941 [INFO] Reloading tab 7822 before return.
2026-04-30 18:00:44,085 [INFO] Putting tab 7822 back (queue size: 0).
2026-04-30 18:00:44,085 [INFO] Waiting for all cleanups to finish.
2026-04-30 18:00:44,085 [INFO] Exiting Kaleido
2026-04-30 18:00:44,086 [INFO] Closing browser.
2026-04-30 18:00:44,091 [INFO] Closing browser.
2026-04-30 18:00:44,092 [INFO] TemporaryDirectory.cleanup() worked.
2026-04-30 18:00:44,092 [INFO] shutil.rmtree worked.
2026-04-30 18:00:44,092 [INFO] Cancelling tasks.
2026-04-30 18:00:44,092 [INFO] Exiting Kaleido/Choreo
2026-04-30 18:00:44,436 [INFO] TemporaryDirectory.cleanup() worked.
2026-04-30 18:00:44,436 [INFO] shutil.rmtree worked.
2026-04-30 18:00:44,436 [INFO] TemporaryDirectory.cleanup() worked.
2026-04-30 18:00:44,437 [INFO] shutil.rmtree worked.
2026-04-30 18:00:44,437 [INFO] Cancelling tasks.
2026-04-30 18:00:44,437 [INFO] Exiting Kaleido/Choreo
2026-04-30 18:00:44,438 [INFO]   → PNG: /Users/bilalmac2/git_repo/warn/docs/charts/10_lead_time.png
2026-04-30 18:00:44,438 [INFO]   → HTML div: /Users/bilalmac2/git_repo/warn/docs/charts/10_lead_time.html
2026-04-30 18:00:44,439 [INFO] Chart 11: County bar …
2026-04-30 18:00:44,479 [INFO] Chromium init'ed with kwargs {}
2026-04-30 18:00:44,480 [INFO] Found chromium path: /Applications/Google Chrome.app/Contents/MacOS/Google Chrome
2026-04-30 18:00:44,480 [INFO] Temp directory created: /var/folders/2l/_mqykd2n143bpj9ts872cs5m0000gn/T/tmpo3n3ea0d.
2026-04-30 18:00:44,481 [INFO] Opening browser.
2026-04-30 18:00:44,481 [INFO] Temp directory created: /var/folders/2l/_mqykd2n143bpj9ts872cs5m0000gn/T/tmp90l0_e2g.
2026-04-30 18:00:44,481 [INFO] Temporary directory at: /var/folders/2l/_mqykd2n143bpj9ts872cs5m0000gn/T/tmp90l0_e2g
2026-04-30 18:00:45,842 [INFO] Conforming 1 to file:///var/folders/2l/_mqykd2n143bpj9ts872cs5m0000gn/T/tmpo3n3ea0d/index.html
2026-04-30 18:00:45,857 [INFO] Waiting on all navigates
2026-04-30 18:00:47,751 [INFO] All navigates done, putting them all in queue.
2026-04-30 18:00:47,752 [INFO] Getting tab from queue (has 1)
2026-04-30 18:00:47,753 [INFO] Got 7D53
2026-04-30 18:00:47,753 [INFO] Processing bTop_10_Counties_by_Employees_Affectedb.png
2026-04-30 18:00:47,753 [INFO] Sending big command for bTop_10_Counties_by_Employees_Affectedb.png.
2026-04-30 18:00:47,898 [INFO] Sent big command for bTop_10_Counties_by_Employees_Affectedb.png.
2026-04-30 18:00:47,900 [INFO] Reloading tab 7D53 before return.
2026-04-30 18:00:48,000 [INFO] Putting tab 7D53 back (queue size: 0).
2026-04-30 18:00:48,000 [INFO] Waiting for all cleanups to finish.
2026-04-30 18:00:48,000 [INFO] Exiting Kaleido
2026-04-30 18:00:48,000 [INFO] Closing browser.
2026-04-30 18:00:48,001 [INFO] Closing browser.
2026-04-30 18:00:48,002 [INFO] TemporaryDirectory.cleanup() worked.
2026-04-30 18:00:48,003 [INFO] shutil.rmtree worked.
2026-04-30 18:00:48,003 [INFO] Cancelling tasks.
2026-04-30 18:00:48,003 [INFO] Exiting Kaleido/Choreo
2026-04-30 18:00:48,227 [INFO] TemporaryDirectory.cleanup() worked.
2026-04-30 18:00:48,228 [INFO] shutil.rmtree worked.
2026-04-30 18:00:48,228 [INFO] TemporaryDirectory.cleanup() worked.
2026-04-30 18:00:48,228 [INFO] shutil.rmtree worked.
2026-04-30 18:00:48,228 [INFO] Cancelling tasks.
2026-04-30 18:00:48,228 [INFO] Exiting Kaleido/Choreo
2026-04-30 18:00:48,229 [INFO]   → PNG: /Users/bilalmac2/git_repo/warn/docs/charts/11_county_bar.png
2026-04-30 18:00:48,229 [INFO]   → HTML div: /Users/bilalmac2/git_repo/warn/docs/charts/11_county_bar.html
2026-04-30 18:00:48,230 [INFO] Charts complete.
2026-04-30 18:00:48,233 [INFO] Step 5/5: Building site …
2026-04-30 18:00:48,233 [INFO] Building index.html …
2026-04-30 18:00:48,282 [INFO] Site built → /Users/bilalmac2/git_repo/warn/docs/index.html
2026-04-30 18:00:48,283 [INFO] Sending alert email to bilalahamad0@gmail.com …
2026-04-30 18:00:49,164 [ERROR] Gmail authentication failed. Make sure you're using an App Password, not your regular Gmail password. See: https://myaccount.google.com/apppasswords
2026-04-30 18:00:49,164 [INFO] Git push …
2026-04-30 18:00:49,165 [INFO] Staging changes …
2026-04-30 18:00:49,498 [INFO] Committing: auto: WARN update 2026-05-01 01:00 UTC
2026-04-30 18:00:49,681 [INFO] Pushing to origin/main …
2026-04-30 18:00:50,294 [WARNING] git push origin main stderr: To https://github.com/bilalahamad0/warn.git
 ! [rejected]        main -> main (fetch first)
error: failed to push some refs to 'https://github.com/bilalahamad0/warn.git'
hint: Updates were rejected because the remote contains work that you do not
hint: have locally. This is usually caused by another repository pushing to
hint: the same ref. If you want to integrate the remote changes, use
hint: 'git pull' before pushing again.
hint: See the 'Note about fast-forwards' in 'git push --help' for details.
2026-04-30 18:00:50,325 [ERROR] ✗ Push failed — check GITHUB_TOKEN and repo permissions.
2026-04-30 18:00:50,326 [INFO] ✓ Publisher complete.
2026-04-30 18:00:50,372 [INFO] TemporaryDirectory.cleanup() worked.
2026-04-30 18:00:50,373 [INFO] shutil.rmtree worked.
2026-04-30 18:00:50,373 [INFO] TemporaryDirectory.cleanup() worked.
2026-04-30 18:00:50,373 [INFO] shutil.rmtree worked.
/Users/bilalmac2/Library/Python/3.9/lib/python/site-packages/urllib3/__init__.py:34: NotOpenSSLWarning: urllib3 v2.0 only supports OpenSSL 1.1.1+, currently the 'ssl' module is compiled with 'LibreSSL 2.8.3'. See: https://github.com/urllib3/urllib3/issues/3020
  warnings.warn(
2026-05-01 06:00:02,004 [INFO] ======================================================================
2026-05-01 06:00:02,005 [INFO] WARN Publisher — 2026-05-01T13:00:02.004980+00:00Z
2026-05-01 06:00:02,005 [INFO] ======================================================================
2026-05-01 06:00:02,005 [INFO] Step 1/5: Running monitor …
2026-05-01 06:00:02,005 [INFO] ============================================================
2026-05-01 06:00:02,005 [INFO] WARN Monitor — 2026-05-01T13:00:02.005728+00:00Z
2026-05-01 06:00:02,005 [INFO] ============================================================
2026-05-01 06:00:02,007 [INFO] Requesting WARN XLSX from EDD …
2026-05-01 06:00:02,281 [INFO] EDD server: 304 Not Modified — data unchanged.
2026-05-01 06:00:02,282 [INFO] Parsing /Users/bilalmac2/git_repo/warn/file.xlsx …
2026-05-01 06:00:02,614 [INFO] Available sheets: ['Index', 'WARN Report Summary', 'Detailed WARN Report ', 'Call Center Relocations Summary', 'Call Center Relocations Report', 'Industry List']
2026-05-01 06:00:02,614 [INFO] Using sheet: 'Detailed WARN Report '
/Users/bilalmac2/Library/Python/3.9/lib/python/site-packages/openpyxl/worksheet/_reader.py:329: UserWarning: Data Validation extension is not supported and will be removed
  warn(msg)
2026-05-01 06:00:02,812 [INFO] Detailed sheet columns: ['County/Parish', 'Notice\nDate', 'Processed\nDate', 'Effective \nDate', 'Company', 'Layoff/\nClosure', 'No. Of\nEmployees', 'Address', 'Related Industry']
2026-05-01 06:00:03,031 [INFO] Parsed 1224 WARN records spanning 2025-01-05 → 2026-12-30
2026-05-01 06:00:03,047 [INFO] Changes: +84 new, -0 removed records
2026-05-01 06:00:03,071 [INFO] Saved 1224 records to /Users/bilalmac2/git_repo/warn/data/warn_latest.json
2026-05-01 06:00:03,071 [INFO] Monitor run complete.
2026-05-01 06:00:03,071 [INFO] Step 2/5: Generating diff report …
2026-05-01 06:00:03,267 [INFO] Step 3/5: Updating historical data …
2026-05-01 06:00:03,268 [INFO] Year 2014: already parsed — skipping (use --force to re-parse)
2026-05-01 06:00:03,268 [INFO] Year 2015: already parsed — skipping (use --force to re-parse)
2026-05-01 06:00:03,268 [INFO] Year 2016: already parsed — skipping (use --force to re-parse)
2026-05-01 06:00:03,268 [INFO] Year 2017: already parsed — skipping (use --force to re-parse)
2026-05-01 06:00:03,268 [INFO] Year 2018: already parsed — skipping (use --force to re-parse)
2026-05-01 06:00:03,268 [INFO] Year 2019: already parsed — skipping (use --force to re-parse)
2026-05-01 06:00:03,268 [INFO] Year 2020: already parsed — skipping (use --force to re-parse)
2026-05-01 06:00:03,268 [INFO] Year 2021: already parsed — skipping (use --force to re-parse)
2026-05-01 06:00:03,268 [INFO] Year 2022: already parsed — skipping (use --force to re-parse)
2026-05-01 06:00:03,268 [INFO] Year 2023: already parsed — skipping (use --force to re-parse)
2026-05-01 06:00:03,268 [INFO] Year 2024: already parsed — skipping (use --force to re-parse)
2026-05-01 06:00:03,304 [INFO] Combined dataset: 1,525 records across 12 years
2026-05-01 06:00:03,305 [INFO] Step 4/5: Generating charts …
2026-05-01 06:00:03,333 [INFO] Loaded 1224 records for charting.
2026-05-01 06:00:03,338 [INFO] Historical data: 1,525 records across 12 years
2026-05-01 06:00:03,338 [INFO] Chart 1: Timeline scatter …
2026-05-01 06:00:04,498 [INFO] Chromium init'ed with kwargs {}
2026-05-01 06:00:04,510 [INFO] Found chromium path: /Applications/Google Chrome.app/Contents/MacOS/Google Chrome
2026-05-01 06:00:04,511 [INFO] Temp directory created: /var/folders/2l/_mqykd2n143bpj9ts872cs5m0000gn/T/tmp5lrofqeg.
2026-05-01 06:00:04,512 [INFO] Opening browser.
2026-05-01 06:00:04,512 [INFO] Temp directory created: /var/folders/2l/_mqykd2n143bpj9ts872cs5m0000gn/T/tmpuhay6rwo.
2026-05-01 06:00:04,512 [INFO] Temporary directory at: /var/folders/2l/_mqykd2n143bpj9ts872cs5m0000gn/T/tmpuhay6rwo
2026-05-01 06:00:12,646 [INFO] Conforming 1 to file:///var/folders/2l/_mqykd2n143bpj9ts872cs5m0000gn/T/tmp5lrofqeg/index.html
2026-05-01 06:00:12,651 [INFO] Waiting on all navigates
2026-05-01 06:00:14,756 [INFO] All navigates done, putting them all in queue.
2026-05-01 06:00:14,758 [INFO] Getting tab from queue (has 1)
2026-05-01 06:00:14,758 [INFO] Got 9AD6
2026-05-01 06:00:14,759 [INFO] Processing bWARN_Notices__Employees_by_Effective_Dateb.png
2026-05-01 06:00:14,759 [INFO] Sending big command for bWARN_Notices__Employees_by_Effective_Dateb.png.
2026-05-01 06:00:17,227 [INFO] Sent big command for bWARN_Notices__Employees_by_Effective_Dateb.png.
2026-05-01 06:00:17,357 [INFO] Reloading tab 9AD6 before return.
2026-05-01 06:00:17,667 [INFO] Putting tab 9AD6 back (queue size: 0).
2026-05-01 06:00:17,667 [INFO] Waiting for all cleanups to finish.
2026-05-01 06:00:17,667 [INFO] Exiting Kaleido
2026-05-01 06:00:17,667 [INFO] Closing browser.
2026-05-01 06:00:17,678 [INFO] Closing browser.
2026-05-01 06:00:17,681 [INFO] TemporaryDirectory.cleanup() worked.
2026-05-01 06:00:17,682 [INFO] shutil.rmtree worked.
2026-05-01 06:00:17,683 [INFO] Cancelling tasks.
2026-05-01 06:00:17,683 [INFO] Exiting Kaleido/Choreo
2026-05-01 06:00:18,680 [INFO] TemporaryDirectory.cleanup() worked.
2026-05-01 06:00:18,680 [INFO] shutil.rmtree worked.
2026-05-01 06:00:18,680 [INFO] TemporaryDirectory.cleanup() worked.
2026-05-01 06:00:18,680 [INFO] shutil.rmtree worked.
2026-05-01 06:00:18,681 [INFO] Cancelling tasks.
2026-05-01 06:00:18,681 [INFO] Exiting Kaleido/Choreo
2026-05-01 06:00:18,686 [INFO]   → PNG: /Users/bilalmac2/git_repo/warn/docs/charts/1_timeline_scatter.png
2026-05-01 06:00:18,686 [INFO]   → HTML div: /Users/bilalmac2/git_repo/warn/docs/charts/1_timeline_scatter.html
2026-05-01 06:00:18,688 [INFO] Chart 2: Monthly bar chart …
2026-05-01 06:00:18,742 [INFO] TemporaryDirectory.cleanup() worked.
2026-05-01 06:00:18,742 [INFO] shutil.rmtree worked.
2026-05-01 06:00:18,777 [INFO] Chromium init'ed with kwargs {}
2026-05-01 06:00:18,778 [INFO] Found chromium path: /Applications/Google Chrome.app/Contents/MacOS/Google Chrome
2026-05-01 06:00:18,779 [INFO] Temp directory created: /var/folders/2l/_mqykd2n143bpj9ts872cs5m0000gn/T/tmpcj37p14p.
2026-05-01 06:00:18,780 [INFO] Opening browser.
2026-05-01 06:00:18,781 [INFO] Temp directory created: /var/folders/2l/_mqykd2n143bpj9ts872cs5m0000gn/T/tmpvsgfbvpw.
2026-05-01 06:00:18,781 [INFO] Temporary directory at: /var/folders/2l/_mqykd2n143bpj9ts872cs5m0000gn/T/tmpvsgfbvpw
2026-05-01 06:00:20,325 [INFO] Conforming 1 to file:///var/folders/2l/_mqykd2n143bpj9ts872cs5m0000gn/T/tmpcj37p14p/index.html
2026-05-01 06:00:20,341 [INFO] Waiting on all navigates
2026-05-01 06:00:22,114 [INFO] All navigates done, putting them all in queue.
2026-05-01 06:00:22,115 [INFO] Getting tab from queue (has 1)
2026-05-01 06:00:22,115 [INFO] Got 42BB
2026-05-01 06:00:22,116 [INFO] Processing bMonthly_Layoffs__Total_Employees_Affectedb.png
2026-05-01 06:00:22,116 [INFO] Sending big command for bMonthly_Layoffs__Total_Employees_Affectedb.png.
2026-05-01 06:00:22,295 [INFO] Sent big command for bMonthly_Layoffs__Total_Employees_Affectedb.png.
2026-05-01 06:00:22,346 [INFO] Reloading tab 42BB before return.
2026-05-01 06:00:22,448 [INFO] Putting tab 42BB back (queue size: 0).
2026-05-01 06:00:22,448 [INFO] Waiting for all cleanups to finish.
2026-05-01 06:00:22,448 [INFO] Exiting Kaleido
2026-05-01 06:00:22,448 [INFO] Closing browser.
2026-05-01 06:00:22,451 [INFO] Closing browser.
2026-05-01 06:00:22,452 [INFO] TemporaryDirectory.cleanup() worked.
2026-05-01 06:00:22,452 [INFO] shutil.rmtree worked.
2026-05-01 06:00:22,452 [INFO] Cancelling tasks.
2026-05-01 06:00:22,452 [INFO] Exiting Kaleido/Choreo
2026-05-01 06:00:22,748 [INFO] TemporaryDirectory.cleanup() worked.
2026-05-01 06:00:22,749 [INFO] shutil.rmtree worked.
2026-05-01 06:00:22,749 [INFO] TemporaryDirectory.cleanup() worked.
2026-05-01 06:00:22,749 [INFO] shutil.rmtree worked.
2026-05-01 06:00:22,749 [INFO] Cancelling tasks.
2026-05-01 06:00:22,749 [INFO] Exiting Kaleido/Choreo
2026-05-01 06:00:22,751 [INFO]   → PNG: /Users/bilalmac2/git_repo/warn/docs/charts/2_monthly_bar.png
2026-05-01 06:00:22,751 [INFO]   → HTML div: /Users/bilalmac2/git_repo/warn/docs/charts/2_monthly_bar.html
2026-05-01 06:00:22,751 [INFO] Chart 3: Rolling trend …
2026-05-01 06:00:22,812 [INFO] Chromium init'ed with kwargs {}
2026-05-01 06:00:22,812 [INFO] Found chromium path: /Applications/Google Chrome.app/Contents/MacOS/Google Chrome
2026-05-01 06:00:22,813 [INFO] Temp directory created: /var/folders/2l/_mqykd2n143bpj9ts872cs5m0000gn/T/tmpz_4feucs.
2026-05-01 06:00:22,813 [INFO] Opening browser.
2026-05-01 06:00:22,814 [INFO] Temp directory created: /var/folders/2l/_mqykd2n143bpj9ts872cs5m0000gn/T/tmp2z372a96.
2026-05-01 06:00:22,814 [INFO] Temporary directory at: /var/folders/2l/_mqykd2n143bpj9ts872cs5m0000gn/T/tmp2z372a96
2026-05-01 06:00:24,138 [INFO] Conforming 1 to file:///var/folders/2l/_mqykd2n143bpj9ts872cs5m0000gn/T/tmpz_4feucs/index.html
2026-05-01 06:00:24,165 [INFO] Waiting on all navigates
2026-05-01 06:00:25,972 [INFO] All navigates done, putting them all in queue.
2026-05-01 06:00:25,973 [INFO] Getting tab from queue (has 1)
2026-05-01 06:00:25,974 [INFO] Got 29A7
2026-05-01 06:00:25,974 [INFO] Processing bLayoff_Trend__Daily_30_Day_Average__Cumulativeb.png
2026-05-01 06:00:25,974 [INFO] Sending big command for bLayoff_Trend__Daily_30_Day_Average__Cumulativeb.png.
2026-05-01 06:00:26,211 [INFO] Sent big command for bLayoff_Trend__Daily_30_Day_Average__Cumulativeb.png.
2026-05-01 06:00:26,214 [INFO] Reloading tab 29A7 before return.
2026-05-01 06:00:26,312 [INFO] Putting tab 29A7 back (queue size: 0).
2026-05-01 06:00:26,312 [INFO] Waiting for all cleanups to finish.
2026-05-01 06:00:26,312 [INFO] Exiting Kaleido
2026-05-01 06:00:26,313 [INFO] Closing browser.
2026-05-01 06:00:26,315 [INFO] Closing browser.
2026-05-01 06:00:26,316 [INFO] TemporaryDirectory.cleanup() worked.
2026-05-01 06:00:26,316 [INFO] shutil.rmtree worked.
2026-05-01 06:00:26,316 [INFO] Cancelling tasks.
2026-05-01 06:00:26,316 [INFO] Exiting Kaleido/Choreo
2026-05-01 06:00:26,619 [INFO] TemporaryDirectory.cleanup() worked.
2026-05-01 06:00:26,619 [INFO] shutil.rmtree worked.
2026-05-01 06:00:26,619 [INFO] TemporaryDirectory.cleanup() worked.
2026-05-01 06:00:26,619 [INFO] shutil.rmtree worked.
2026-05-01 06:00:26,619 [INFO] Cancelling tasks.
2026-05-01 06:00:26,619 [INFO] Exiting Kaleido/Choreo
2026-05-01 06:00:26,621 [INFO]   → PNG: /Users/bilalmac2/git_repo/warn/docs/charts/3_rolling_trend.png
2026-05-01 06:00:26,621 [INFO]   → HTML div: /Users/bilalmac2/git_repo/warn/docs/charts/3_rolling_trend.html
2026-05-01 06:00:26,622 [INFO] Chart 4: Top-25 companies …
2026-05-01 06:00:26,649 [INFO] TemporaryDirectory.cleanup() worked.
2026-05-01 06:00:26,649 [INFO] shutil.rmtree worked.
2026-05-01 06:00:26,649 [INFO] TemporaryDirectory.cleanup() worked.
2026-05-01 06:00:26,649 [INFO] shutil.rmtree worked.
2026-05-01 06:00:26,653 [INFO] Chromium init'ed with kwargs {}
2026-05-01 06:00:26,653 [INFO] Found chromium path: /Applications/Google Chrome.app/Contents/MacOS/Google Chrome
2026-05-01 06:00:26,654 [INFO] Temp directory created: /var/folders/2l/_mqykd2n143bpj9ts872cs5m0000gn/T/tmpss9kq_o7.
2026-05-01 06:00:26,654 [INFO] Opening browser.
2026-05-01 06:00:26,654 [INFO] Temp directory created: /var/folders/2l/_mqykd2n143bpj9ts872cs5m0000gn/T/tmplrdtij_5.
2026-05-01 06:00:26,654 [INFO] Temporary directory at: /var/folders/2l/_mqykd2n143bpj9ts872cs5m0000gn/T/tmplrdtij_5
2026-05-01 06:00:27,976 [INFO] Conforming 1 to file:///var/folders/2l/_mqykd2n143bpj9ts872cs5m0000gn/T/tmpss9kq_o7/index.html
2026-05-01 06:00:28,005 [INFO] Waiting on all navigates
2026-05-01 06:00:29,772 [INFO] All navigates done, putting them all in queue.
2026-05-01 06:00:29,774 [INFO] Getting tab from queue (has 1)
2026-05-01 06:00:29,774 [INFO] Got C6E6
2026-05-01 06:00:29,774 [INFO] Processing bTop_25_Filtered_Companies_by_Total_Employees_Affectedb.png
2026-05-01 06:00:29,774 [INFO] Sending big command for bTop_25_Filtered_Companies_by_Total_Employees_Affectedb.png.
2026-05-01 06:00:29,948 [INFO] Sent big command for bTop_25_Filtered_Companies_by_Total_Employees_Affectedb.png.
2026-05-01 06:00:29,951 [INFO] Reloading tab C6E6 before return.
2026-05-01 06:00:30,052 [INFO] Putting tab C6E6 back (queue size: 0).
2026-05-01 06:00:30,052 [INFO] Waiting for all cleanups to finish.
2026-05-01 06:00:30,052 [INFO] Exiting Kaleido
2026-05-01 06:00:30,053 [INFO] Closing browser.
2026-05-01 06:00:30,055 [INFO] Closing browser.
2026-05-01 06:00:30,056 [INFO] TemporaryDirectory.cleanup() worked.
2026-05-01 06:00:30,056 [INFO] shutil.rmtree worked.
2026-05-01 06:00:30,056 [INFO] Cancelling tasks.
2026-05-01 06:00:30,056 [INFO] Exiting Kaleido/Choreo
2026-05-01 06:00:30,391 [INFO] TemporaryDirectory.cleanup() worked.
2026-05-01 06:00:30,391 [INFO] shutil.rmtree worked.
2026-05-01 06:00:30,391 [INFO] TemporaryDirectory.cleanup() worked.
2026-05-01 06:00:30,392 [INFO] shutil.rmtree worked.
2026-05-01 06:00:30,392 [INFO] Cancelling tasks.
2026-05-01 06:00:30,392 [INFO] Exiting Kaleido/Choreo
2026-05-01 06:00:30,393 [INFO]   → PNG: /Users/bilalmac2/git_repo/warn/docs/charts/4_top_companies.png
2026-05-01 06:00:30,393 [INFO]   → HTML div: /Users/bilalmac2/git_repo/warn/docs/charts/4_top_companies.html
2026-05-01 06:00:30,393 [INFO] Chart 5: County heatmap …
2026-05-01 06:00:30,441 [INFO] Chromium init'ed with kwargs {}
2026-05-01 06:00:30,442 [INFO] Found chromium path: /Applications/Google Chrome.app/Contents/MacOS/Google Chrome
2026-05-01 06:00:30,442 [INFO] Temp directory created: /var/folders/2l/_mqykd2n143bpj9ts872cs5m0000gn/T/tmpaqjb_nq1.
2026-05-01 06:00:30,442 [INFO] Opening browser.
2026-05-01 06:00:30,443 [INFO] Temp directory created: /var/folders/2l/_mqykd2n143bpj9ts872cs5m0000gn/T/tmpg0aqea6o.
2026-05-01 06:00:30,443 [INFO] Temporary directory at: /var/folders/2l/_mqykd2n143bpj9ts872cs5m0000gn/T/tmpg0aqea6o
2026-05-01 06:00:31,779 [INFO] Conforming 1 to file:///var/folders/2l/_mqykd2n143bpj9ts872cs5m0000gn/T/tmpaqjb_nq1/index.html
2026-05-01 06:00:31,793 [INFO] Waiting on all navigates
2026-05-01 06:00:33,681 [INFO] All navigates done, putting them all in queue.
2026-05-01 06:00:33,682 [INFO] Getting tab from queue (has 1)
2026-05-01 06:00:33,682 [INFO] Got 92E0
2026-05-01 06:00:33,683 [INFO] Processing bCounty__Month_Heatmap__Employees_Affectedb.png
2026-05-01 06:00:33,683 [INFO] Sending big command for bCounty__Month_Heatmap__Employees_Affectedb.png.
2026-05-01 06:00:33,888 [INFO] Sent big command for bCounty__Month_Heatmap__Employees_Affectedb.png.
2026-05-01 06:00:33,890 [INFO] Reloading tab 92E0 before return.
2026-05-01 06:00:33,990 [INFO] Putting tab 92E0 back (queue size: 0).
2026-05-01 06:00:33,991 [INFO] Waiting for all cleanups to finish.
2026-05-01 06:00:33,991 [INFO] Exiting Kaleido
2026-05-01 06:00:33,991 [INFO] Closing browser.
2026-05-01 06:00:33,995 [INFO] Closing browser.
2026-05-01 06:00:33,996 [INFO] TemporaryDirectory.cleanup() worked.
2026-05-01 06:00:33,996 [INFO] shutil.rmtree worked.
2026-05-01 06:00:33,996 [INFO] Cancelling tasks.
2026-05-01 06:00:33,996 [INFO] Exiting Kaleido/Choreo
2026-05-01 06:00:34,347 [INFO] TemporaryDirectory.cleanup() worked.
2026-05-01 06:00:34,347 [INFO] shutil.rmtree worked.
2026-05-01 06:00:34,348 [INFO] TemporaryDirectory.cleanup() worked.
2026-05-01 06:00:34,348 [INFO] shutil.rmtree worked.
2026-05-01 06:00:34,348 [INFO] Cancelling tasks.
2026-05-01 06:00:34,348 [INFO] Exiting Kaleido/Choreo
2026-05-01 06:00:34,350 [INFO]   → PNG: /Users/bilalmac2/git_repo/warn/docs/charts/5_county_heatmap.png
2026-05-01 06:00:34,350 [INFO]   → HTML div: /Users/bilalmac2/git_repo/warn/docs/charts/5_county_heatmap.html
2026-05-01 06:00:34,350 [INFO] Chart 6: Treemap …
2026-05-01 06:00:34,372 [INFO] TemporaryDirectory.cleanup() worked.
2026-05-01 06:00:34,372 [INFO] shutil.rmtree worked.
2026-05-01 06:00:34,463 [INFO] TemporaryDirectory.cleanup() worked.
2026-05-01 06:00:34,463 [INFO] shutil.rmtree worked.
2026-05-01 06:00:34,521 [INFO] Chromium init'ed with kwargs {}
2026-05-01 06:00:34,522 [INFO] Found chromium path: /Applications/Google Chrome.app/Contents/MacOS/Google Chrome
2026-05-01 06:00:34,522 [INFO] Temp directory created: /var/folders/2l/_mqykd2n143bpj9ts872cs5m0000gn/T/tmp9if4e67y.
2026-05-01 06:00:34,522 [INFO] Opening browser.
2026-05-01 06:00:34,523 [INFO] Temp directory created: /var/folders/2l/_mqykd2n143bpj9ts872cs5m0000gn/T/tmpn547gcev.
2026-05-01 06:00:34,523 [INFO] Temporary directory at: /var/folders/2l/_mqykd2n143bpj9ts872cs5m0000gn/T/tmpn547gcev
2026-05-01 06:00:35,694 [INFO] Conforming 1 to file:///var/folders/2l/_mqykd2n143bpj9ts872cs5m0000gn/T/tmp9if4e67y/index.html
2026-05-01 06:00:35,723 [INFO] Waiting on all navigates
2026-05-01 06:00:37,465 [INFO] All navigates done, putting them all in queue.
2026-05-01 06:00:37,466 [INFO] Getting tab from queue (has 1)
2026-05-01 06:00:37,467 [INFO] Got FD97
2026-05-01 06:00:37,467 [INFO] Processing bLayoff_Treemap__Company_Size_by_Employees_Affectedb.png
2026-05-01 06:00:37,467 [INFO] Sending big command for bLayoff_Treemap__Company_Size_by_Employees_Affectedb.png.
2026-05-01 06:00:37,802 [INFO] Sent big command for bLayoff_Treemap__Company_Size_by_Employees_Affectedb.png.
2026-05-01 06:00:37,807 [INFO] Reloading tab FD97 before return.
2026-05-01 06:00:37,910 [INFO] Putting tab FD97 back (queue size: 0).
2026-05-01 06:00:37,910 [INFO] Waiting for all cleanups to finish.
2026-05-01 06:00:37,910 [INFO] Exiting Kaleido
2026-05-01 06:00:37,910 [INFO] Closing browser.
2026-05-01 06:00:37,913 [INFO] Closing browser.
2026-05-01 06:00:37,914 [INFO] TemporaryDirectory.cleanup() worked.
2026-05-01 06:00:37,914 [INFO] shutil.rmtree worked.
2026-05-01 06:00:37,914 [INFO] Cancelling tasks.
2026-05-01 06:00:37,914 [INFO] Exiting Kaleido/Choreo
2026-05-01 06:00:38,172 [INFO] TemporaryDirectory.cleanup() worked.
2026-05-01 06:00:38,172 [INFO] shutil.rmtree worked.
2026-05-01 06:00:38,173 [INFO] TemporaryDirectory.cleanup() worked.
2026-05-01 06:00:38,173 [INFO] shutil.rmtree worked.
2026-05-01 06:00:38,173 [INFO] Cancelling tasks.
2026-05-01 06:00:38,173 [INFO] Exiting Kaleido/Choreo
2026-05-01 06:00:38,175 [INFO]   → PNG: /Users/bilalmac2/git_repo/warn/docs/charts/6_treemap.png
2026-05-01 06:00:38,175 [INFO]   → HTML div: /Users/bilalmac2/git_repo/warn/docs/charts/6_treemap.html
2026-05-01 06:00:38,175 [INFO] Chart 7: Year-over-year bar …
2026-05-01 06:00:38,220 [INFO] Chromium init'ed with kwargs {}
2026-05-01 06:00:38,220 [INFO] Found chromium path: /Applications/Google Chrome.app/Contents/MacOS/Google Chrome
2026-05-01 06:00:38,221 [INFO] Temp directory created: /var/folders/2l/_mqykd2n143bpj9ts872cs5m0000gn/T/tmpzu618x86.
2026-05-01 06:00:38,221 [INFO] Opening browser.
2026-05-01 06:00:38,221 [INFO] Temp directory created: /var/folders/2l/_mqykd2n143bpj9ts872cs5m0000gn/T/tmpqfvq84n8.
2026-05-01 06:00:38,222 [INFO] Temporary directory at: /var/folders/2l/_mqykd2n143bpj9ts872cs5m0000gn/T/tmpqfvq84n8
2026-05-01 06:00:39,540 [INFO] Conforming 1 to file:///var/folders/2l/_mqykd2n143bpj9ts872cs5m0000gn/T/tmpzu618x86/index.html
2026-05-01 06:00:39,562 [INFO] Waiting on all navigates
2026-05-01 06:00:41,342 [INFO] All navigates done, putting them all in queue.
2026-05-01 06:00:41,343 [INFO] Getting tab from queue (has 1)
2026-05-01 06:00:41,343 [INFO] Got FEDF
2026-05-01 06:00:41,343 [INFO] Processing bYear_over_Year__Employees_Affected__Notice_Count_2014Presentb.png
2026-05-01 06:00:41,343 [INFO] Sending big command for bYear_over_Year__Employees_Affected__Notice_Count_2014Presentb.png.
2026-05-01 06:00:41,527 [INFO] Sent big command for bYear_over_Year__Employees_Affected__Notice_Count_2014Presentb.png.
2026-05-01 06:00:41,529 [INFO] Reloading tab FEDF before return.
2026-05-01 06:00:41,614 [INFO] Putting tab FEDF back (queue size: 0).
2026-05-01 06:00:41,614 [INFO] Waiting for all cleanups to finish.
2026-05-01 06:00:41,614 [INFO] Exiting Kaleido
2026-05-01 06:00:41,614 [INFO] Closing browser.
2026-05-01 06:00:41,618 [INFO] Closing browser.
2026-05-01 06:00:41,619 [INFO] TemporaryDirectory.cleanup() worked.
2026-05-01 06:00:41,619 [INFO] shutil.rmtree worked.
2026-05-01 06:00:41,620 [INFO] Cancelling tasks.
2026-05-01 06:00:41,620 [INFO] Exiting Kaleido/Choreo
2026-05-01 06:00:41,880 [INFO] TemporaryDirectory.cleanup() worked.
2026-05-01 06:00:41,880 [INFO] shutil.rmtree worked.
2026-05-01 06:00:41,880 [INFO] TemporaryDirectory.cleanup() worked.
2026-05-01 06:00:41,881 [INFO] shutil.rmtree worked.
2026-05-01 06:00:41,881 [INFO] Cancelling tasks.
2026-05-01 06:00:41,881 [INFO] Exiting Kaleido/Choreo
2026-05-01 06:00:41,882 [INFO]   → PNG: /Users/bilalmac2/git_repo/warn/docs/charts/7_yoy_bar.png
2026-05-01 06:00:41,882 [INFO]   → HTML div: /Users/bilalmac2/git_repo/warn/docs/charts/7_yoy_bar.html
2026-05-01 06:00:41,882 [INFO] Chart 8: Multi-year trend …
/Users/bilalmac2/git_repo/warn/warn_charts.py:593: UserWarning: Could not infer format, so each element will be parsed individually, falling back to `dateutil`. To ensure parsing is consistent and as-expected, please specify a format.
  df_all["effective_date"] = pd.to_datetime(df_all["effective_date"], errors="coerce")
2026-05-01 06:00:41,929 [INFO] TemporaryDirectory.cleanup() worked.
2026-05-01 06:00:41,929 [INFO] shutil.rmtree worked.
2026-05-01 06:00:41,929 [INFO] TemporaryDirectory.cleanup() worked.
2026-05-01 06:00:41,929 [INFO] shutil.rmtree worked.
2026-05-01 06:00:41,966 [INFO] Chromium init'ed with kwargs {}
2026-05-01 06:00:41,967 [INFO] Found chromium path: /Applications/Google Chrome.app/Contents/MacOS/Google Chrome
2026-05-01 06:00:41,967 [INFO] Temp directory created: /var/folders/2l/_mqykd2n143bpj9ts872cs5m0000gn/T/tmpon1ri7nx.
2026-05-01 06:00:41,967 [INFO] Opening browser.
2026-05-01 06:00:41,968 [INFO] Temp directory created: /var/folders/2l/_mqykd2n143bpj9ts872cs5m0000gn/T/tmp24g3ybp4.
2026-05-01 06:00:41,968 [INFO] Temporary directory at: /var/folders/2l/_mqykd2n143bpj9ts872cs5m0000gn/T/tmp24g3ybp4
2026-05-01 06:00:43,295 [INFO] Conforming 1 to file:///var/folders/2l/_mqykd2n143bpj9ts872cs5m0000gn/T/tmpon1ri7nx/index.html
2026-05-01 06:00:43,314 [INFO] Waiting on all navigates
2026-05-01 06:00:45,157 [INFO] All navigates done, putting them all in queue.
2026-05-01 06:00:45,158 [INFO] Getting tab from queue (has 1)
2026-05-01 06:00:45,158 [INFO] Got 9D6B
2026-05-01 06:00:45,159 [INFO] Processing bMulti_Year_Monthly_Comparison__Employees_Affected_by_Monthb.png
2026-05-01 06:00:45,159 [INFO] Sending big command for bMulti_Year_Monthly_Comparison__Employees_Affected_by_Monthb.png.
2026-05-01 06:00:45,337 [INFO] Sent big command for bMulti_Year_Monthly_Comparison__Employees_Affected_by_Monthb.png.
2026-05-01 06:00:45,341 [INFO] Reloading tab 9D6B before return.
2026-05-01 06:00:45,440 [INFO] Putting tab 9D6B back (queue size: 0).
2026-05-01 06:00:45,440 [INFO] Waiting for all cleanups to finish.
2026-05-01 06:00:45,440 [INFO] Exiting Kaleido
2026-05-01 06:00:45,441 [INFO] Closing browser.
2026-05-01 06:00:45,443 [INFO] Closing browser.
2026-05-01 06:00:45,444 [INFO] TemporaryDirectory.cleanup() worked.
2026-05-01 06:00:45,444 [INFO] shutil.rmtree worked.
2026-05-01 06:00:45,445 [INFO] Cancelling tasks.
2026-05-01 06:00:45,445 [INFO] Exiting Kaleido/Choreo
2026-05-01 06:00:45,802 [INFO] TemporaryDirectory.cleanup() worked.
2026-05-01 06:00:45,802 [INFO] shutil.rmtree worked.
2026-05-01 06:00:45,802 [INFO] TemporaryDirectory.cleanup() worked.
2026-05-01 06:00:45,802 [INFO] shutil.rmtree worked.
2026-05-01 06:00:45,803 [INFO] Cancelling tasks.
2026-05-01 06:00:45,803 [INFO] Exiting Kaleido/Choreo
2026-05-01 06:00:45,804 [INFO]   → PNG: /Users/bilalmac2/git_repo/warn/docs/charts/8_multiyear_trend.png
2026-05-01 06:00:45,804 [INFO]   → HTML div: /Users/bilalmac2/git_repo/warn/docs/charts/8_multiyear_trend.html
2026-05-01 06:00:45,805 [INFO] Chart 9: Industry breakdown …
2026-05-01 06:00:45,851 [INFO] Chromium init'ed with kwargs {}
2026-05-01 06:00:45,852 [INFO] Found chromium path: /Applications/Google Chrome.app/Contents/MacOS/Google Chrome
2026-05-01 06:00:45,852 [INFO] Temp directory created: /var/folders/2l/_mqykd2n143bpj9ts872cs5m0000gn/T/tmp2zk38vsw.
2026-05-01 06:00:45,852 [INFO] Opening browser.
2026-05-01 06:00:45,853 [INFO] Temp directory created: /var/folders/2l/_mqykd2n143bpj9ts872cs5m0000gn/T/tmpzmgiwozg.
2026-05-01 06:00:45,853 [INFO] Temporary directory at: /var/folders/2l/_mqykd2n143bpj9ts872cs5m0000gn/T/tmpzmgiwozg
2026-05-01 06:00:47,050 [INFO] Conforming 1 to file:///var/folders/2l/_mqykd2n143bpj9ts872cs5m0000gn/T/tmp2zk38vsw/index.html
2026-05-01 06:00:47,063 [INFO] Waiting on all navigates
2026-05-01 06:00:49,008 [INFO] All navigates done, putting them all in queue.
2026-05-01 06:00:49,009 [INFO] Getting tab from queue (has 1)
2026-05-01 06:00:49,009 [INFO] Got 38DF
2026-05-01 06:00:49,010 [INFO] Processing bEmployees_Affected_by_Industry_Sectorb.png
2026-05-01 06:00:49,010 [INFO] Sending big command for bEmployees_Affected_by_Industry_Sectorb.png.
2026-05-01 06:00:49,171 [INFO] Sent big command for bEmployees_Affected_by_Industry_Sectorb.png.
2026-05-01 06:00:49,175 [INFO] Reloading tab 38DF before return.
2026-05-01 06:00:49,285 [INFO] Putting tab 38DF back (queue size: 0).
2026-05-01 06:00:49,285 [INFO] Waiting for all cleanups to finish.
2026-05-01 06:00:49,285 [INFO] Exiting Kaleido
2026-05-01 06:00:49,286 [INFO] Closing browser.
2026-05-01 06:00:49,289 [INFO] Closing browser.
2026-05-01 06:00:49,289 [INFO] TemporaryDirectory.cleanup() worked.
2026-05-01 06:00:49,290 [INFO] shutil.rmtree worked.
2026-05-01 06:00:49,290 [INFO] Cancelling tasks.
2026-05-01 06:00:49,290 [INFO] Exiting Kaleido/Choreo
2026-05-01 06:00:49,515 [INFO] TemporaryDirectory.cleanup() worked.
2026-05-01 06:00:49,515 [INFO] shutil.rmtree worked.
2026-05-01 06:00:49,515 [INFO] TemporaryDirectory.cleanup() worked.
2026-05-01 06:00:49,515 [INFO] shutil.rmtree worked.
2026-05-01 06:00:49,515 [INFO] Cancelling tasks.
2026-05-01 06:00:49,515 [INFO] Exiting Kaleido/Choreo
2026-05-01 06:00:49,517 [INFO]   → PNG: /Users/bilalmac2/git_repo/warn/docs/charts/9_industry_breakdown.png
2026-05-01 06:00:49,517 [INFO]   → HTML div: /Users/bilalmac2/git_repo/warn/docs/charts/9_industry_breakdown.html
2026-05-01 06:00:49,518 [INFO] Chart 10: Lead time histogram …
2026-05-01 06:00:49,541 [INFO] TemporaryDirectory.cleanup() worked.
2026-05-01 06:00:49,541 [INFO] shutil.rmtree worked.
2026-05-01 06:00:49,542 [INFO] TemporaryDirectory.cleanup() worked.
2026-05-01 06:00:49,542 [INFO] shutil.rmtree worked.
2026-05-01 06:00:49,567 [INFO] Chromium init'ed with kwargs {}
2026-05-01 06:00:49,567 [INFO] Found chromium path: /Applications/Google Chrome.app/Contents/MacOS/Google Chrome
2026-05-01 06:00:49,568 [INFO] Temp directory created: /var/folders/2l/_mqykd2n143bpj9ts872cs5m0000gn/T/tmpbobvpv9n.
2026-05-01 06:00:49,568 [INFO] Opening browser.
2026-05-01 06:00:49,569 [INFO] Temp directory created: /var/folders/2l/_mqykd2n143bpj9ts872cs5m0000gn/T/tmpvdxvgurw.
2026-05-01 06:00:49,569 [INFO] Temporary directory at: /var/folders/2l/_mqykd2n143bpj9ts872cs5m0000gn/T/tmpvdxvgurw
2026-05-01 06:00:50,764 [INFO] Conforming 1 to file:///var/folders/2l/_mqykd2n143bpj9ts872cs5m0000gn/T/tmpbobvpv9n/index.html
2026-05-01 06:00:50,779 [INFO] Waiting on all navigates
2026-05-01 06:00:52,644 [INFO] All navigates done, putting them all in queue.
2026-05-01 06:00:52,645 [INFO] Getting tab from queue (has 1)
2026-05-01 06:00:52,646 [INFO] Got 766E
2026-05-01 06:00:52,646 [INFO] Processing bNotice_Lead_Time_Distribution__73_Filed_60_Days_in_Advanceb.png
2026-05-01 06:00:52,646 [INFO] Sending big command for bNotice_Lead_Time_Distribution__73_Filed_60_Days_in_Advanceb.png.
2026-05-01 06:00:52,752 [INFO] Sent big command for bNotice_Lead_Time_Distribution__73_Filed_60_Days_in_Advanceb.png.
2026-05-01 06:00:52,754 [INFO] Reloading tab 766E before return.
2026-05-01 06:00:52,856 [INFO] Putting tab 766E back (queue size: 0).
2026-05-01 06:00:52,856 [INFO] Waiting for all cleanups to finish.
2026-05-01 06:00:52,856 [INFO] Exiting Kaleido
2026-05-01 06:00:52,856 [INFO] Closing browser.
2026-05-01 06:00:52,860 [INFO] Closing browser.
2026-05-01 06:00:52,860 [INFO] TemporaryDirectory.cleanup() worked.
2026-05-01 06:00:52,861 [INFO] shutil.rmtree worked.
2026-05-01 06:00:52,861 [INFO] Cancelling tasks.
2026-05-01 06:00:52,861 [INFO] Exiting Kaleido/Choreo
2026-05-01 06:00:53,077 [INFO] TemporaryDirectory.cleanup() worked.
2026-05-01 06:00:53,077 [INFO] shutil.rmtree worked.
2026-05-01 06:00:53,077 [INFO] TemporaryDirectory.cleanup() worked.
2026-05-01 06:00:53,077 [INFO] shutil.rmtree worked.
2026-05-01 06:00:53,078 [INFO] Cancelling tasks.
2026-05-01 06:00:53,078 [INFO] Exiting Kaleido/Choreo
2026-05-01 06:00:53,079 [INFO]   → PNG: /Users/bilalmac2/git_repo/warn/docs/charts/10_lead_time.png
2026-05-01 06:00:53,079 [INFO]   → HTML div: /Users/bilalmac2/git_repo/warn/docs/charts/10_lead_time.html
2026-05-01 06:00:53,080 [INFO] Chart 11: County bar …
2026-05-01 06:00:53,115 [INFO] Chromium init'ed with kwargs {}
2026-05-01 06:00:53,115 [INFO] Found chromium path: /Applications/Google Chrome.app/Contents/MacOS/Google Chrome
2026-05-01 06:00:53,116 [INFO] Temp directory created: /var/folders/2l/_mqykd2n143bpj9ts872cs5m0000gn/T/tmpd4d9p_5w.
2026-05-01 06:00:53,116 [INFO] Opening browser.
2026-05-01 06:00:53,117 [INFO] Temp directory created: /var/folders/2l/_mqykd2n143bpj9ts872cs5m0000gn/T/tmpvzbrgieq.
2026-05-01 06:00:53,117 [INFO] Temporary directory at: /var/folders/2l/_mqykd2n143bpj9ts872cs5m0000gn/T/tmpvzbrgieq
2026-05-01 06:00:54,465 [INFO] Conforming 1 to file:///var/folders/2l/_mqykd2n143bpj9ts872cs5m0000gn/T/tmpd4d9p_5w/index.html
2026-05-01 06:00:54,478 [INFO] Waiting on all navigates
2026-05-01 06:00:55,904 [INFO] All navigates done, putting them all in queue.
2026-05-01 06:00:55,905 [INFO] Getting tab from queue (has 1)
2026-05-01 06:00:55,905 [INFO] Got 91F5
2026-05-01 06:00:55,905 [INFO] Processing bTop_10_Counties_by_Employees_Affectedb.png
2026-05-01 06:00:55,905 [INFO] Sending big command for bTop_10_Counties_by_Employees_Affectedb.png.
2026-05-01 06:00:56,044 [INFO] Sent big command for bTop_10_Counties_by_Employees_Affectedb.png.
2026-05-01 06:00:56,046 [INFO] Reloading tab 91F5 before return.
2026-05-01 06:00:56,147 [INFO] Putting tab 91F5 back (queue size: 0).
2026-05-01 06:00:56,147 [INFO] Waiting for all cleanups to finish.
2026-05-01 06:00:56,148 [INFO] Exiting Kaleido
2026-05-01 06:00:56,148 [INFO] Closing browser.
2026-05-01 06:00:56,149 [INFO] Closing browser.
2026-05-01 06:00:56,150 [INFO] TemporaryDirectory.cleanup() worked.
2026-05-01 06:00:56,151 [INFO] shutil.rmtree worked.
2026-05-01 06:00:56,151 [INFO] Cancelling tasks.
2026-05-01 06:00:56,151 [INFO] Exiting Kaleido/Choreo
2026-05-01 06:00:56,388 [INFO] TemporaryDirectory.cleanup() worked.
2026-05-01 06:00:56,388 [INFO] shutil.rmtree worked.
2026-05-01 06:00:56,388 [INFO] TemporaryDirectory.cleanup() worked.
2026-05-01 06:00:56,388 [INFO] shutil.rmtree worked.
2026-05-01 06:00:56,388 [INFO] Cancelling tasks.
2026-05-01 06:00:56,388 [INFO] Exiting Kaleido/Choreo
2026-05-01 06:00:56,389 [INFO]   → PNG: /Users/bilalmac2/git_repo/warn/docs/charts/11_county_bar.png
2026-05-01 06:00:56,390 [INFO]   → HTML div: /Users/bilalmac2/git_repo/warn/docs/charts/11_county_bar.html
2026-05-01 06:00:56,391 [INFO] Charts complete.
2026-05-01 06:00:56,394 [INFO] Step 5/5: Building site …
2026-05-01 06:00:56,394 [INFO] Building index.html …
2026-05-01 06:00:56,441 [INFO] Site built → /Users/bilalmac2/git_repo/warn/docs/index.html
2026-05-01 06:00:56,444 [INFO] Sending alert email to bilalahamad0@gmail.com …
2026-05-01 06:00:57,311 [ERROR] Gmail authentication failed. Make sure you're using an App Password, not your regular Gmail password. See: https://myaccount.google.com/apppasswords
2026-05-01 06:00:57,312 [INFO] Git push …
2026-05-01 06:00:57,312 [INFO] Staging changes …
2026-05-01 06:00:57,513 [INFO] Committing: auto: WARN update 2026-05-01 13:00 UTC
2026-05-01 06:00:57,641 [INFO] Pushing to origin/main …
2026-05-01 06:00:58,363 [WARNING] git push origin main stderr: To https://github.com/bilalahamad0/warn.git
 ! [rejected]        main -> main (fetch first)
error: failed to push some refs to 'https://github.com/bilalahamad0/warn.git'
hint: Updates were rejected because the remote contains work that you do not
hint: have locally. This is usually caused by another repository pushing to
hint: the same ref. If you want to integrate the remote changes, use
hint: 'git pull' before pushing again.
hint: See the 'Note about fast-forwards' in 'git push --help' for details.
2026-05-01 06:00:58,390 [ERROR] ✗ Push failed — check GITHUB_TOKEN and repo permissions.
2026-05-01 06:00:58,390 [INFO] ✓ Publisher complete.
2026-05-01 06:00:58,477 [INFO] TemporaryDirectory.cleanup() worked.
2026-05-01 06:00:58,477 [INFO] shutil.rmtree worked.
2026-05-01 06:00:58,477 [INFO] TemporaryDirectory.cleanup() worked.
2026-05-01 06:00:58,477 [INFO] shutil.rmtree worked.
/Users/bilalmac2/Library/Python/3.9/lib/python/site-packages/urllib3/__init__.py:34: NotOpenSSLWarning: urllib3 v2.0 only supports OpenSSL 1.1.1+, currently the 'ssl' module is compiled with 'LibreSSL 2.8.3'. See: https://github.com/urllib3/urllib3/issues/3020
  warnings.warn(
2026-05-01 18:00:01,828 [INFO] ======================================================================
2026-05-01 18:00:01,828 [INFO] WARN Publisher — 2026-05-02T01:00:01.828207+00:00Z
2026-05-01 18:00:01,828 [INFO] ======================================================================
2026-05-01 18:00:01,828 [INFO] Step 1/5: Running monitor …
2026-05-01 18:00:01,828 [INFO] ============================================================
2026-05-01 18:00:01,828 [INFO] WARN Monitor — 2026-05-02T01:00:01.828657+00:00Z
2026-05-01 18:00:01,828 [INFO] ============================================================
2026-05-01 18:00:01,829 [INFO] Requesting WARN XLSX from EDD …
2026-05-01 18:00:02,037 [INFO] EDD server: 304 Not Modified — data unchanged.
2026-05-01 18:00:02,039 [INFO] Parsing /Users/bilalmac2/git_repo/warn/file.xlsx …
2026-05-01 18:00:02,320 [INFO] Available sheets: ['Index', 'WARN Report Summary', 'Detailed WARN Report ', 'Call Center Relocations Summary', 'Call Center Relocations Report', 'Industry List']
2026-05-01 18:00:02,321 [INFO] Using sheet: 'Detailed WARN Report '
/Users/bilalmac2/Library/Python/3.9/lib/python/site-packages/openpyxl/worksheet/_reader.py:329: UserWarning: Data Validation extension is not supported and will be removed
  warn(msg)
2026-05-01 18:00:02,502 [INFO] Detailed sheet columns: ['County/Parish', 'Notice\nDate', 'Processed\nDate', 'Effective \nDate', 'Company', 'Layoff/\nClosure', 'No. Of\nEmployees', 'Address', 'Related Industry']
2026-05-01 18:00:02,687 [INFO] Parsed 1224 WARN records spanning 2025-01-05 → 2026-12-30
2026-05-01 18:00:02,703 [INFO] No data changes detected.
2026-05-01 18:00:02,727 [INFO] Saved 1224 records to /Users/bilalmac2/git_repo/warn/data/warn_latest.json
2026-05-01 18:00:02,727 [INFO] Monitor run complete.
2026-05-01 18:00:02,728 [INFO] Step 2/5: Generating diff report …
2026-05-01 18:00:02,939 [INFO] Step 3/5: Updating historical data …
2026-05-01 18:00:02,939 [INFO] Year 2014: already parsed — skipping (use --force to re-parse)
2026-05-01 18:00:02,939 [INFO] Year 2015: already parsed — skipping (use --force to re-parse)
2026-05-01 18:00:02,939 [INFO] Year 2016: already parsed — skipping (use --force to re-parse)
2026-05-01 18:00:02,939 [INFO] Year 2017: already parsed — skipping (use --force to re-parse)
2026-05-01 18:00:02,939 [INFO] Year 2018: already parsed — skipping (use --force to re-parse)
2026-05-01 18:00:02,939 [INFO] Year 2019: already parsed — skipping (use --force to re-parse)
2026-05-01 18:00:02,939 [INFO] Year 2020: already parsed — skipping (use --force to re-parse)
2026-05-01 18:00:02,940 [INFO] Year 2021: already parsed — skipping (use --force to re-parse)
2026-05-01 18:00:02,940 [INFO] Year 2022: already parsed — skipping (use --force to re-parse)
2026-05-01 18:00:02,940 [INFO] Year 2023: already parsed — skipping (use --force to re-parse)
2026-05-01 18:00:02,940 [INFO] Year 2024: already parsed — skipping (use --force to re-parse)
2026-05-01 18:00:02,973 [INFO] Combined dataset: 1,525 records across 12 years
2026-05-01 18:00:02,974 [INFO] Step 4/5: Generating charts …
2026-05-01 18:00:03,001 [INFO] Loaded 1224 records for charting.
2026-05-01 18:00:03,006 [INFO] Historical data: 1,525 records across 12 years
2026-05-01 18:00:03,006 [INFO] Chart 1: Timeline scatter …
2026-05-01 18:00:04,035 [INFO] Chromium init'ed with kwargs {}
2026-05-01 18:00:04,047 [INFO] Found chromium path: /Applications/Google Chrome.app/Contents/MacOS/Google Chrome
2026-05-01 18:00:04,048 [INFO] Temp directory created: /var/folders/2l/_mqykd2n143bpj9ts872cs5m0000gn/T/tmp21x05lv2.
2026-05-01 18:00:04,049 [INFO] Opening browser.
2026-05-01 18:00:04,050 [INFO] Temp directory created: /var/folders/2l/_mqykd2n143bpj9ts872cs5m0000gn/T/tmpnqx6bci_.
2026-05-01 18:00:04,050 [INFO] Temporary directory at: /var/folders/2l/_mqykd2n143bpj9ts872cs5m0000gn/T/tmpnqx6bci_
2026-05-01 18:00:11,941 [INFO] Conforming 1 to file:///var/folders/2l/_mqykd2n143bpj9ts872cs5m0000gn/T/tmp21x05lv2/index.html
2026-05-01 18:00:11,971 [INFO] Waiting on all navigates
2026-05-01 18:00:13,189 [INFO] All navigates done, putting them all in queue.
2026-05-01 18:00:13,190 [INFO] Getting tab from queue (has 1)
2026-05-01 18:00:13,190 [INFO] Got 1CC9
2026-05-01 18:00:13,191 [INFO] Processing bWARN_Notices__Employees_by_Effective_Dateb.png
2026-05-01 18:00:13,191 [INFO] Sending big command for bWARN_Notices__Employees_by_Effective_Dateb.png.
2026-05-01 18:00:15,086 [INFO] Sent big command for bWARN_Notices__Employees_by_Effective_Dateb.png.
2026-05-01 18:00:15,094 [INFO] Reloading tab 1CC9 before return.
2026-05-01 18:00:15,279 [INFO] Putting tab 1CC9 back (queue size: 0).
2026-05-01 18:00:15,279 [INFO] Waiting for all cleanups to finish.
2026-05-01 18:00:15,279 [INFO] Exiting Kaleido
2026-05-01 18:00:15,279 [INFO] Closing browser.
2026-05-01 18:00:15,282 [INFO] Closing browser.
2026-05-01 18:00:15,283 [INFO] TemporaryDirectory.cleanup() worked.
2026-05-01 18:00:15,283 [INFO] shutil.rmtree worked.
2026-05-01 18:00:15,283 [INFO] Cancelling tasks.
2026-05-01 18:00:15,283 [INFO] Exiting Kaleido/Choreo
2026-05-01 18:00:15,902 [INFO] TemporaryDirectory.cleanup() worked.
2026-05-01 18:00:15,902 [INFO] shutil.rmtree worked.
2026-05-01 18:00:15,902 [INFO] TemporaryDirectory.cleanup() worked.
2026-05-01 18:00:15,902 [INFO] shutil.rmtree worked.
2026-05-01 18:00:15,903 [INFO] Cancelling tasks.
2026-05-01 18:00:15,903 [INFO] Exiting Kaleido/Choreo
2026-05-01 18:00:15,906 [INFO]   → PNG: /Users/bilalmac2/git_repo/warn/docs/charts/1_timeline_scatter.png
2026-05-01 18:00:15,906 [INFO]   → HTML div: /Users/bilalmac2/git_repo/warn/docs/charts/1_timeline_scatter.html
2026-05-01 18:00:15,906 [INFO] Chart 2: Monthly bar chart …
2026-05-01 18:00:15,950 [INFO] Chromium init'ed with kwargs {}
2026-05-01 18:00:15,951 [INFO] Found chromium path: /Applications/Google Chrome.app/Contents/MacOS/Google Chrome
2026-05-01 18:00:15,951 [INFO] Temp directory created: /var/folders/2l/_mqykd2n143bpj9ts872cs5m0000gn/T/tmpjq4v1l4k.
2026-05-01 18:00:15,952 [INFO] Opening browser.
2026-05-01 18:00:15,952 [INFO] Temp directory created: /var/folders/2l/_mqykd2n143bpj9ts872cs5m0000gn/T/tmp1tmi5e3b.
2026-05-01 18:00:15,952 [INFO] Temporary directory at: /var/folders/2l/_mqykd2n143bpj9ts872cs5m0000gn/T/tmp1tmi5e3b
2026-05-01 18:00:17,329 [INFO] Conforming 1 to file:///var/folders/2l/_mqykd2n143bpj9ts872cs5m0000gn/T/tmpjq4v1l4k/index.html
2026-05-01 18:00:17,349 [INFO] Waiting on all navigates
2026-05-01 18:00:18,906 [INFO] All navigates done, putting them all in queue.
2026-05-01 18:00:18,908 [INFO] Getting tab from queue (has 1)
2026-05-01 18:00:18,908 [INFO] Got 7C92
2026-05-01 18:00:18,909 [INFO] Processing bMonthly_Layoffs__Total_Employees_Affectedb.png
2026-05-01 18:00:18,909 [INFO] Sending big command for bMonthly_Layoffs__Total_Employees_Affectedb.png.
2026-05-01 18:00:19,147 [INFO] Sent big command for bMonthly_Layoffs__Total_Employees_Affectedb.png.
2026-05-01 18:00:19,150 [INFO] Reloading tab 7C92 before return.
2026-05-01 18:00:19,295 [INFO] Putting tab 7C92 back (queue size: 0).
2026-05-01 18:00:19,295 [INFO] Waiting for all cleanups to finish.
2026-05-01 18:00:19,295 [INFO] Exiting Kaleido
2026-05-01 18:00:19,295 [INFO] Closing browser.
2026-05-01 18:00:19,307 [INFO] Closing browser.
2026-05-01 18:00:19,309 [INFO] TemporaryDirectory.cleanup() worked.
2026-05-01 18:00:19,309 [INFO] shutil.rmtree worked.
2026-05-01 18:00:19,309 [INFO] Cancelling tasks.
2026-05-01 18:00:19,309 [INFO] Exiting Kaleido/Choreo
2026-05-01 18:00:19,579 [INFO] TemporaryDirectory.cleanup() worked.
2026-05-01 18:00:19,579 [INFO] shutil.rmtree worked.
2026-05-01 18:00:19,579 [INFO] TemporaryDirectory.cleanup() worked.
2026-05-01 18:00:19,580 [INFO] shutil.rmtree worked.
2026-05-01 18:00:19,580 [INFO] Cancelling tasks.
2026-05-01 18:00:19,580 [INFO] Exiting Kaleido/Choreo
2026-05-01 18:00:19,581 [INFO]   → PNG: /Users/bilalmac2/git_repo/warn/docs/charts/2_monthly_bar.png
2026-05-01 18:00:19,581 [INFO]   → HTML div: /Users/bilalmac2/git_repo/warn/docs/charts/2_monthly_bar.html
2026-05-01 18:00:19,582 [INFO] Chart 3: Rolling trend …
2026-05-01 18:00:19,636 [INFO] Chromium init'ed with kwargs {}
2026-05-01 18:00:19,636 [INFO] Found chromium path: /Applications/Google Chrome.app/Contents/MacOS/Google Chrome
2026-05-01 18:00:19,637 [INFO] Temp directory created: /var/folders/2l/_mqykd2n143bpj9ts872cs5m0000gn/T/tmpuvc08to1.
2026-05-01 18:00:19,637 [INFO] Opening browser.
2026-05-01 18:00:19,638 [INFO] Temp directory created: /var/folders/2l/_mqykd2n143bpj9ts872cs5m0000gn/T/tmp3djaah3n.
2026-05-01 18:00:19,638 [INFO] Temporary directory at: /var/folders/2l/_mqykd2n143bpj9ts872cs5m0000gn/T/tmp3djaah3n
2026-05-01 18:00:21,158 [INFO] Conforming 1 to file:///var/folders/2l/_mqykd2n143bpj9ts872cs5m0000gn/T/tmpuvc08to1/index.html
2026-05-01 18:00:21,178 [INFO] Waiting on all navigates
2026-05-01 18:00:22,578 [INFO] All navigates done, putting them all in queue.
2026-05-01 18:00:22,580 [INFO] Getting tab from queue (has 1)
2026-05-01 18:00:22,580 [INFO] Got 9E3B
2026-05-01 18:00:22,580 [INFO] Processing bLayoff_Trend__Daily_30_Day_Average__Cumulativeb.png
2026-05-01 18:00:22,580 [INFO] Sending big command for bLayoff_Trend__Daily_30_Day_Average__Cumulativeb.png.
2026-05-01 18:00:22,920 [INFO] Sent big command for bLayoff_Trend__Daily_30_Day_Average__Cumulativeb.png.
2026-05-01 18:00:22,924 [INFO] Reloading tab 9E3B before return.
2026-05-01 18:00:23,054 [INFO] Putting tab 9E3B back (queue size: 0).
2026-05-01 18:00:23,054 [INFO] Waiting for all cleanups to finish.
2026-05-01 18:00:23,054 [INFO] Exiting Kaleido
2026-05-01 18:00:23,054 [INFO] Closing browser.
2026-05-01 18:00:23,057 [INFO] Closing browser.
2026-05-01 18:00:23,058 [INFO] TemporaryDirectory.cleanup() worked.
2026-05-01 18:00:23,059 [INFO] shutil.rmtree worked.
2026-05-01 18:00:23,059 [INFO] Cancelling tasks.
2026-05-01 18:00:23,059 [INFO] Exiting Kaleido/Choreo
2026-05-01 18:00:23,317 [INFO] TemporaryDirectory.cleanup() worked.
2026-05-01 18:00:23,317 [INFO] shutil.rmtree worked.
2026-05-01 18:00:23,317 [INFO] TemporaryDirectory.cleanup() worked.
2026-05-01 18:00:23,318 [INFO] shutil.rmtree worked.
2026-05-01 18:00:23,318 [INFO] Cancelling tasks.
2026-05-01 18:00:23,318 [INFO] Exiting Kaleido/Choreo
2026-05-01 18:00:23,319 [INFO]   → PNG: /Users/bilalmac2/git_repo/warn/docs/charts/3_rolling_trend.png
2026-05-01 18:00:23,319 [INFO]   → HTML div: /Users/bilalmac2/git_repo/warn/docs/charts/3_rolling_trend.html
2026-05-01 18:00:23,320 [INFO] Chart 4: Top-25 companies …
2026-05-01 18:00:23,341 [INFO] TemporaryDirectory.cleanup() worked.
2026-05-01 18:00:23,341 [INFO] shutil.rmtree worked.
2026-05-01 18:00:23,341 [INFO] TemporaryDirectory.cleanup() worked.
2026-05-01 18:00:23,341 [INFO] shutil.rmtree worked.
2026-05-01 18:00:23,356 [INFO] Chromium init'ed with kwargs {}
2026-05-01 18:00:23,357 [INFO] Found chromium path: /Applications/Google Chrome.app/Contents/MacOS/Google Chrome
2026-05-01 18:00:23,357 [INFO] Temp directory created: /var/folders/2l/_mqykd2n143bpj9ts872cs5m0000gn/T/tmpr0u4rzge.
2026-05-01 18:00:23,358 [INFO] Opening browser.
2026-05-01 18:00:23,358 [INFO] Temp directory created: /var/folders/2l/_mqykd2n143bpj9ts872cs5m0000gn/T/tmpdp3ztuk2.
2026-05-01 18:00:23,358 [INFO] Temporary directory at: /var/folders/2l/_mqykd2n143bpj9ts872cs5m0000gn/T/tmpdp3ztuk2
2026-05-01 18:00:24,688 [INFO] Conforming 1 to file:///var/folders/2l/_mqykd2n143bpj9ts872cs5m0000gn/T/tmpr0u4rzge/index.html
2026-05-01 18:00:24,709 [INFO] Waiting on all navigates
2026-05-01 18:00:26,337 [INFO] All navigates done, putting them all in queue.
2026-05-01 18:00:26,338 [INFO] Getting tab from queue (has 1)
2026-05-01 18:00:26,338 [INFO] Got FACC
2026-05-01 18:00:26,339 [INFO] Processing bTop_25_Filtered_Companies_by_Total_Employees_Affectedb.png
2026-05-01 18:00:26,339 [INFO] Sending big command for bTop_25_Filtered_Companies_by_Total_Employees_Affectedb.png.
2026-05-01 18:00:26,578 [INFO] Sent big command for bTop_25_Filtered_Companies_by_Total_Employees_Affectedb.png.
2026-05-01 18:00:26,581 [INFO] Reloading tab FACC before return.
2026-05-01 18:00:26,682 [INFO] Putting tab FACC back (queue size: 0).
2026-05-01 18:00:26,682 [INFO] Waiting for all cleanups to finish.
2026-05-01 18:00:26,682 [INFO] Exiting Kaleido
2026-05-01 18:00:26,682 [INFO] Closing browser.
2026-05-01 18:00:26,685 [INFO] Closing browser.
2026-05-01 18:00:26,686 [INFO] TemporaryDirectory.cleanup() worked.
2026-05-01 18:00:26,686 [INFO] shutil.rmtree worked.
2026-05-01 18:00:26,686 [INFO] Cancelling tasks.
2026-05-01 18:00:26,686 [INFO] Exiting Kaleido/Choreo
2026-05-01 18:00:26,917 [INFO] TemporaryDirectory.cleanup() worked.
2026-05-01 18:00:26,917 [INFO] shutil.rmtree worked.
2026-05-01 18:00:26,917 [INFO] TemporaryDirectory.cleanup() worked.
2026-05-01 18:00:26,917 [INFO] shutil.rmtree worked.
2026-05-01 18:00:26,918 [INFO] Cancelling tasks.
2026-05-01 18:00:26,918 [INFO] Exiting Kaleido/Choreo
2026-05-01 18:00:26,919 [INFO]   → PNG: /Users/bilalmac2/git_repo/warn/docs/charts/4_top_companies.png
2026-05-01 18:00:26,919 [INFO]   → HTML div: /Users/bilalmac2/git_repo/warn/docs/charts/4_top_companies.html
2026-05-01 18:00:26,919 [INFO] Chart 5: County heatmap …
2026-05-01 18:00:26,961 [INFO] Chromium init'ed with kwargs {}
2026-05-01 18:00:26,961 [INFO] Found chromium path: /Applications/Google Chrome.app/Contents/MacOS/Google Chrome
2026-05-01 18:00:26,962 [INFO] Temp directory created: /var/folders/2l/_mqykd2n143bpj9ts872cs5m0000gn/T/tmpd4ld2fg0.
2026-05-01 18:00:26,962 [INFO] Opening browser.
2026-05-01 18:00:26,963 [INFO] Temp directory created: /var/folders/2l/_mqykd2n143bpj9ts872cs5m0000gn/T/tmp43k854ht.
2026-05-01 18:00:26,963 [INFO] Temporary directory at: /var/folders/2l/_mqykd2n143bpj9ts872cs5m0000gn/T/tmp43k854ht
2026-05-01 18:00:28,182 [INFO] Conforming 1 to file:///var/folders/2l/_mqykd2n143bpj9ts872cs5m0000gn/T/tmpd4ld2fg0/index.html
2026-05-01 18:00:28,208 [INFO] Waiting on all navigates
2026-05-01 18:00:29,404 [INFO] All navigates done, putting them all in queue.
2026-05-01 18:00:29,405 [INFO] Getting tab from queue (has 1)
2026-05-01 18:00:29,405 [INFO] Got 4889
2026-05-01 18:00:29,406 [INFO] Processing bCounty__Month_Heatmap__Employees_Affectedb.png
2026-05-01 18:00:29,406 [INFO] Sending big command for bCounty__Month_Heatmap__Employees_Affectedb.png.
2026-05-01 18:00:29,612 [INFO] Sent big command for bCounty__Month_Heatmap__Employees_Affectedb.png.
2026-05-01 18:00:29,615 [INFO] Reloading tab 4889 before return.
2026-05-01 18:00:29,714 [INFO] Putting tab 4889 back (queue size: 0).
2026-05-01 18:00:29,715 [INFO] Waiting for all cleanups to finish.
2026-05-01 18:00:29,715 [INFO] Exiting Kaleido
2026-05-01 18:00:29,715 [INFO] Closing browser.
2026-05-01 18:00:29,719 [INFO] Closing browser.
2026-05-01 18:00:29,720 [INFO] TemporaryDirectory.cleanup() worked.
2026-05-01 18:00:29,720 [INFO] shutil.rmtree worked.
2026-05-01 18:00:29,720 [INFO] Cancelling tasks.
2026-05-01 18:00:29,720 [INFO] Exiting Kaleido/Choreo
2026-05-01 18:00:29,955 [INFO] TemporaryDirectory.cleanup() worked.
2026-05-01 18:00:29,955 [INFO] shutil.rmtree worked.
2026-05-01 18:00:29,955 [INFO] TemporaryDirectory.cleanup() worked.
2026-05-01 18:00:29,956 [INFO] shutil.rmtree worked.
2026-05-01 18:00:29,956 [INFO] Cancelling tasks.
2026-05-01 18:00:29,956 [INFO] Exiting Kaleido/Choreo
2026-05-01 18:00:29,958 [INFO]   → PNG: /Users/bilalmac2/git_repo/warn/docs/charts/5_county_heatmap.png
2026-05-01 18:00:29,958 [INFO]   → HTML div: /Users/bilalmac2/git_repo/warn/docs/charts/5_county_heatmap.html
2026-05-01 18:00:29,958 [INFO] Chart 6: Treemap …
2026-05-01 18:00:29,976 [INFO] TemporaryDirectory.cleanup() worked.
2026-05-01 18:00:29,976 [INFO] shutil.rmtree worked.
2026-05-01 18:00:30,042 [INFO] TemporaryDirectory.cleanup() worked.
2026-05-01 18:00:30,042 [INFO] shutil.rmtree worked.
2026-05-01 18:00:30,100 [INFO] Chromium init'ed with kwargs {}
2026-05-01 18:00:30,100 [INFO] Found chromium path: /Applications/Google Chrome.app/Contents/MacOS/Google Chrome
2026-05-01 18:00:30,101 [INFO] Temp directory created: /var/folders/2l/_mqykd2n143bpj9ts872cs5m0000gn/T/tmppeiems37.
2026-05-01 18:00:30,101 [INFO] Opening browser.
2026-05-01 18:00:30,102 [INFO] Temp directory created: /var/folders/2l/_mqykd2n143bpj9ts872cs5m0000gn/T/tmpsx93cxof.
2026-05-01 18:00:30,102 [INFO] Temporary directory at: /var/folders/2l/_mqykd2n143bpj9ts872cs5m0000gn/T/tmpsx93cxof
2026-05-01 18:00:31,458 [INFO] Conforming 1 to file:///var/folders/2l/_mqykd2n143bpj9ts872cs5m0000gn/T/tmppeiems37/index.html
2026-05-01 18:00:31,475 [INFO] Waiting on all navigates
2026-05-01 18:00:32,667 [INFO] All navigates done, putting them all in queue.
2026-05-01 18:00:32,668 [INFO] Getting tab from queue (has 1)
2026-05-01 18:00:32,669 [INFO] Got AAAB
2026-05-01 18:00:32,669 [INFO] Processing bLayoff_Treemap__Company_Size_by_Employees_Affectedb.png
2026-05-01 18:00:32,669 [INFO] Sending big command for bLayoff_Treemap__Company_Size_by_Employees_Affectedb.png.
2026-05-01 18:00:33,014 [INFO] Sent big command for bLayoff_Treemap__Company_Size_by_Employees_Affectedb.png.
2026-05-01 18:00:33,019 [INFO] Reloading tab AAAB before return.
2026-05-01 18:00:33,119 [INFO] Putting tab AAAB back (queue size: 0).
2026-05-01 18:00:33,119 [INFO] Waiting for all cleanups to finish.
2026-05-01 18:00:33,119 [INFO] Exiting Kaleido
2026-05-01 18:00:33,119 [INFO] Closing browser.
2026-05-01 18:00:33,121 [INFO] Closing browser.
2026-05-01 18:00:33,122 [INFO] TemporaryDirectory.cleanup() worked.
2026-05-01 18:00:33,122 [INFO] shutil.rmtree worked.
2026-05-01 18:00:33,122 [INFO] Cancelling tasks.
2026-05-01 18:00:33,122 [INFO] Exiting Kaleido/Choreo
2026-05-01 18:00:33,445 [INFO] TemporaryDirectory.cleanup() worked.
2026-05-01 18:00:33,446 [INFO] shutil.rmtree worked.
2026-05-01 18:00:33,446 [INFO] TemporaryDirectory.cleanup() worked.
2026-05-01 18:00:33,446 [INFO] shutil.rmtree worked.
2026-05-01 18:00:33,446 [INFO] Cancelling tasks.
2026-05-01 18:00:33,446 [INFO] Exiting Kaleido/Choreo
2026-05-01 18:00:33,447 [INFO]   → PNG: /Users/bilalmac2/git_repo/warn/docs/charts/6_treemap.png
2026-05-01 18:00:33,447 [INFO]   → HTML div: /Users/bilalmac2/git_repo/warn/docs/charts/6_treemap.html
2026-05-01 18:00:33,448 [INFO] Chart 7: Year-over-year bar …
2026-05-01 18:00:33,491 [INFO] Chromium init'ed with kwargs {}
2026-05-01 18:00:33,492 [INFO] Found chromium path: /Applications/Google Chrome.app/Contents/MacOS/Google Chrome
2026-05-01 18:00:33,492 [INFO] Temp directory created: /var/folders/2l/_mqykd2n143bpj9ts872cs5m0000gn/T/tmpmbyntptz.
2026-05-01 18:00:33,492 [INFO] Opening browser.
2026-05-01 18:00:33,493 [INFO] Temp directory created: /var/folders/2l/_mqykd2n143bpj9ts872cs5m0000gn/T/tmpyesgeyrb.
2026-05-01 18:00:33,493 [INFO] Temporary directory at: /var/folders/2l/_mqykd2n143bpj9ts872cs5m0000gn/T/tmpyesgeyrb
2026-05-01 18:00:33,499 [INFO] TemporaryDirectory.cleanup() worked.
2026-05-01 18:00:33,500 [INFO] shutil.rmtree worked.
2026-05-01 18:00:34,716 [INFO] Conforming 1 to file:///var/folders/2l/_mqykd2n143bpj9ts872cs5m0000gn/T/tmpmbyntptz/index.html
2026-05-01 18:00:34,727 [INFO] Waiting on all navigates
2026-05-01 18:00:35,921 [INFO] All navigates done, putting them all in queue.
2026-05-01 18:00:35,922 [INFO] Getting tab from queue (has 1)
2026-05-01 18:00:35,923 [INFO] Got 3635
2026-05-01 18:00:35,923 [INFO] Processing bYear_over_Year__Employees_Affected__Notice_Count_2014Presentb.png
2026-05-01 18:00:35,923 [INFO] Sending big command for bYear_over_Year__Employees_Affected__Notice_Count_2014Presentb.png.
2026-05-01 18:00:36,112 [INFO] Sent big command for bYear_over_Year__Employees_Affected__Notice_Count_2014Presentb.png.
2026-05-01 18:00:36,115 [INFO] Reloading tab 3635 before return.
2026-05-01 18:00:36,216 [INFO] Putting tab 3635 back (queue size: 0).
2026-05-01 18:00:36,216 [INFO] Waiting for all cleanups to finish.
2026-05-01 18:00:36,216 [INFO] Exiting Kaleido
2026-05-01 18:00:36,216 [INFO] Closing browser.
2026-05-01 18:00:36,219 [INFO] Closing browser.
2026-05-01 18:00:36,219 [INFO] TemporaryDirectory.cleanup() worked.
2026-05-01 18:00:36,220 [INFO] shutil.rmtree worked.
2026-05-01 18:00:36,220 [INFO] Cancelling tasks.
2026-05-01 18:00:36,220 [INFO] Exiting Kaleido/Choreo
2026-05-01 18:00:36,439 [INFO] TemporaryDirectory.cleanup() worked.
2026-05-01 18:00:36,439 [INFO] shutil.rmtree worked.
2026-05-01 18:00:36,439 [INFO] TemporaryDirectory.cleanup() worked.
2026-05-01 18:00:36,440 [INFO] shutil.rmtree worked.
2026-05-01 18:00:36,440 [INFO] Cancelling tasks.
2026-05-01 18:00:36,440 [INFO] Exiting Kaleido/Choreo
2026-05-01 18:00:36,441 [INFO]   → PNG: /Users/bilalmac2/git_repo/warn/docs/charts/7_yoy_bar.png
2026-05-01 18:00:36,441 [INFO]   → HTML div: /Users/bilalmac2/git_repo/warn/docs/charts/7_yoy_bar.html
2026-05-01 18:00:36,441 [INFO] Chart 8: Multi-year trend …
/Users/bilalmac2/git_repo/warn/warn_charts.py:593: UserWarning: Could not infer format, so each element will be parsed individually, falling back to `dateutil`. To ensure parsing is consistent and as-expected, please specify a format.
  df_all["effective_date"] = pd.to_datetime(df_all["effective_date"], errors="coerce")
2026-05-01 18:00:36,523 [INFO] Chromium init'ed with kwargs {}
2026-05-01 18:00:36,524 [INFO] Found chromium path: /Applications/Google Chrome.app/Contents/MacOS/Google Chrome
2026-05-01 18:00:36,524 [INFO] Temp directory created: /var/folders/2l/_mqykd2n143bpj9ts872cs5m0000gn/T/tmp2gvubk61.
2026-05-01 18:00:36,525 [INFO] Opening browser.
2026-05-01 18:00:36,525 [INFO] Temp directory created: /var/folders/2l/_mqykd2n143bpj9ts872cs5m0000gn/T/tmpldaifgw3.
2026-05-01 18:00:36,525 [INFO] Temporary directory at: /var/folders/2l/_mqykd2n143bpj9ts872cs5m0000gn/T/tmpldaifgw3
2026-05-01 18:00:37,881 [INFO] Conforming 1 to file:///var/folders/2l/_mqykd2n143bpj9ts872cs5m0000gn/T/tmp2gvubk61/index.html
2026-05-01 18:00:37,891 [INFO] Waiting on all navigates
2026-05-01 18:00:39,093 [INFO] All navigates done, putting them all in queue.
2026-05-01 18:00:39,094 [INFO] Getting tab from queue (has 1)
2026-05-01 18:00:39,094 [INFO] Got 06FC
2026-05-01 18:00:39,095 [INFO] Processing bMulti_Year_Monthly_Comparison__Employees_Affected_by_Monthb.png
2026-05-01 18:00:39,095 [INFO] Sending big command for bMulti_Year_Monthly_Comparison__Employees_Affected_by_Monthb.png.
2026-05-01 18:00:39,276 [INFO] Sent big command for bMulti_Year_Monthly_Comparison__Employees_Affected_by_Monthb.png.
2026-05-01 18:00:39,280 [INFO] Reloading tab 06FC before return.
2026-05-01 18:00:39,380 [INFO] Putting tab 06FC back (queue size: 0).
2026-05-01 18:00:39,380 [INFO] Waiting for all cleanups to finish.
2026-05-01 18:00:39,381 [INFO] Exiting Kaleido
2026-05-01 18:00:39,381 [INFO] Closing browser.
2026-05-01 18:00:39,382 [INFO] Closing browser.
2026-05-01 18:00:39,383 [INFO] TemporaryDirectory.cleanup() worked.
2026-05-01 18:00:39,384 [INFO] shutil.rmtree worked.
2026-05-01 18:00:39,384 [INFO] Cancelling tasks.
2026-05-01 18:00:39,384 [INFO] Exiting Kaleido/Choreo
2026-05-01 18:00:39,574 [INFO] TemporaryDirectory.cleanup() worked.
2026-05-01 18:00:39,574 [INFO] shutil.rmtree worked.
2026-05-01 18:00:39,574 [INFO] TemporaryDirectory.cleanup() worked.
2026-05-01 18:00:39,574 [INFO] shutil.rmtree worked.
2026-05-01 18:00:39,574 [INFO] Cancelling tasks.
2026-05-01 18:00:39,575 [INFO] Exiting Kaleido/Choreo
2026-05-01 18:00:39,576 [INFO]   → PNG: /Users/bilalmac2/git_repo/warn/docs/charts/8_multiyear_trend.png
2026-05-01 18:00:39,576 [INFO]   → HTML div: /Users/bilalmac2/git_repo/warn/docs/charts/8_multiyear_trend.html
2026-05-01 18:00:39,576 [INFO] Chart 9: Industry breakdown …
2026-05-01 18:00:39,620 [INFO] Chromium init'ed with kwargs {}
2026-05-01 18:00:39,621 [INFO] Found chromium path: /Applications/Google Chrome.app/Contents/MacOS/Google Chrome
2026-05-01 18:00:39,621 [INFO] Temp directory created: /var/folders/2l/_mqykd2n143bpj9ts872cs5m0000gn/T/tmpg54vkrnq.
2026-05-01 18:00:39,621 [INFO] Opening browser.
2026-05-01 18:00:39,622 [INFO] Temp directory created: /var/folders/2l/_mqykd2n143bpj9ts872cs5m0000gn/T/tmp5k5jz9yt.
2026-05-01 18:00:39,622 [INFO] Temporary directory at: /var/folders/2l/_mqykd2n143bpj9ts872cs5m0000gn/T/tmp5k5jz9yt
2026-05-01 18:00:40,838 [INFO] Conforming 1 to file:///var/folders/2l/_mqykd2n143bpj9ts872cs5m0000gn/T/tmpg54vkrnq/index.html
2026-05-01 18:00:40,857 [INFO] Waiting on all navigates
2026-05-01 18:00:42,040 [INFO] All navigates done, putting them all in queue.
2026-05-01 18:00:42,042 [INFO] Getting tab from queue (has 1)
2026-05-01 18:00:42,042 [INFO] Got D0A3
2026-05-01 18:00:42,042 [INFO] Processing bEmployees_Affected_by_Industry_Sectorb.png
2026-05-01 18:00:42,042 [INFO] Sending big command for bEmployees_Affected_by_Industry_Sectorb.png.
2026-05-01 18:00:42,203 [INFO] Sent big command for bEmployees_Affected_by_Industry_Sectorb.png.
2026-05-01 18:00:42,206 [INFO] Reloading tab D0A3 before return.
2026-05-01 18:00:42,308 [INFO] Putting tab D0A3 back (queue size: 0).
2026-05-01 18:00:42,308 [INFO] Waiting for all cleanups to finish.
2026-05-01 18:00:42,308 [INFO] Exiting Kaleido
2026-05-01 18:00:42,309 [INFO] Closing browser.
2026-05-01 18:00:42,311 [INFO] Closing browser.
2026-05-01 18:00:42,312 [INFO] TemporaryDirectory.cleanup() worked.
2026-05-01 18:00:42,312 [INFO] shutil.rmtree worked.
2026-05-01 18:00:42,312 [INFO] Cancelling tasks.
2026-05-01 18:00:42,312 [INFO] Exiting Kaleido/Choreo
2026-05-01 18:00:42,580 [INFO] TemporaryDirectory.cleanup() worked.
2026-05-01 18:00:42,580 [INFO] shutil.rmtree worked.
2026-05-01 18:00:42,580 [INFO] TemporaryDirectory.cleanup() worked.
2026-05-01 18:00:42,580 [INFO] shutil.rmtree worked.
2026-05-01 18:00:42,580 [INFO] Cancelling tasks.
2026-05-01 18:00:42,580 [INFO] Exiting Kaleido/Choreo
2026-05-01 18:00:42,582 [INFO]   → PNG: /Users/bilalmac2/git_repo/warn/docs/charts/9_industry_breakdown.png
2026-05-01 18:00:42,582 [INFO]   → HTML div: /Users/bilalmac2/git_repo/warn/docs/charts/9_industry_breakdown.html
2026-05-01 18:00:42,583 [INFO] Chart 10: Lead time histogram …
2026-05-01 18:00:42,596 [INFO] TemporaryDirectory.cleanup() worked.
2026-05-01 18:00:42,596 [INFO] shutil.rmtree worked.
2026-05-01 18:00:42,597 [INFO] TemporaryDirectory.cleanup() worked.
2026-05-01 18:00:42,597 [INFO] shutil.rmtree worked.
2026-05-01 18:00:42,632 [INFO] Chromium init'ed with kwargs {}
2026-05-01 18:00:42,633 [INFO] Found chromium path: /Applications/Google Chrome.app/Contents/MacOS/Google Chrome
2026-05-01 18:00:42,633 [INFO] Temp directory created: /var/folders/2l/_mqykd2n143bpj9ts872cs5m0000gn/T/tmpb6_uzl22.
2026-05-01 18:00:42,634 [INFO] Opening browser.
2026-05-01 18:00:42,634 [INFO] Temp directory created: /var/folders/2l/_mqykd2n143bpj9ts872cs5m0000gn/T/tmpwjvgm60c.
2026-05-01 18:00:42,634 [INFO] Temporary directory at: /var/folders/2l/_mqykd2n143bpj9ts872cs5m0000gn/T/tmpwjvgm60c
2026-05-01 18:00:43,990 [INFO] Conforming 1 to file:///var/folders/2l/_mqykd2n143bpj9ts872cs5m0000gn/T/tmpb6_uzl22/index.html
2026-05-01 18:00:44,012 [INFO] Waiting on all navigates
2026-05-01 18:00:45,191 [INFO] All navigates done, putting them all in queue.
2026-05-01 18:00:45,192 [INFO] Getting tab from queue (has 1)
2026-05-01 18:00:45,192 [INFO] Got AFAB
2026-05-01 18:00:45,193 [INFO] Processing bNotice_Lead_Time_Distribution__73_Filed_60_Days_in_Advanceb.png
2026-05-01 18:00:45,193 [INFO] Sending big command for bNotice_Lead_Time_Distribution__73_Filed_60_Days_in_Advanceb.png.
2026-05-01 18:00:45,324 [INFO] Sent big command for bNotice_Lead_Time_Distribution__73_Filed_60_Days_in_Advanceb.png.
2026-05-01 18:00:45,326 [INFO] Reloading tab AFAB before return.
2026-05-01 18:00:45,428 [INFO] Putting tab AFAB back (queue size: 0).
2026-05-01 18:00:45,428 [INFO] Waiting for all cleanups to finish.
2026-05-01 18:00:45,428 [INFO] Exiting Kaleido
2026-05-01 18:00:45,428 [INFO] Closing browser.
2026-05-01 18:00:45,432 [INFO] Closing browser.
2026-05-01 18:00:45,433 [INFO] TemporaryDirectory.cleanup() worked.
2026-05-01 18:00:45,433 [INFO] shutil.rmtree worked.
2026-05-01 18:00:45,433 [INFO] Cancelling tasks.
2026-05-01 18:00:45,433 [INFO] Exiting Kaleido/Choreo
2026-05-01 18:00:45,651 [INFO] TemporaryDirectory.cleanup() worked.
2026-05-01 18:00:45,651 [INFO] shutil.rmtree worked.
2026-05-01 18:00:45,651 [INFO] TemporaryDirectory.cleanup() worked.
2026-05-01 18:00:45,651 [INFO] shutil.rmtree worked.
2026-05-01 18:00:45,652 [INFO] Cancelling tasks.
2026-05-01 18:00:45,652 [INFO] Exiting Kaleido/Choreo
2026-05-01 18:00:45,653 [INFO]   → PNG: /Users/bilalmac2/git_repo/warn/docs/charts/10_lead_time.png
2026-05-01 18:00:45,653 [INFO]   → HTML div: /Users/bilalmac2/git_repo/warn/docs/charts/10_lead_time.html
2026-05-01 18:00:45,654 [INFO] Chart 11: County bar …
2026-05-01 18:00:45,691 [INFO] Chromium init'ed with kwargs {}
2026-05-01 18:00:45,691 [INFO] Found chromium path: /Applications/Google Chrome.app/Contents/MacOS/Google Chrome
2026-05-01 18:00:45,692 [INFO] Temp directory created: /var/folders/2l/_mqykd2n143bpj9ts872cs5m0000gn/T/tmp6tmaaz8j.
2026-05-01 18:00:45,692 [INFO] Opening browser.
2026-05-01 18:00:45,693 [INFO] Temp directory created: /var/folders/2l/_mqykd2n143bpj9ts872cs5m0000gn/T/tmp2ufaqrb9.
2026-05-01 18:00:45,693 [INFO] Temporary directory at: /var/folders/2l/_mqykd2n143bpj9ts872cs5m0000gn/T/tmp2ufaqrb9
2026-05-01 18:00:47,024 [INFO] Conforming 1 to file:///var/folders/2l/_mqykd2n143bpj9ts872cs5m0000gn/T/tmp6tmaaz8j/index.html
2026-05-01 18:00:47,046 [INFO] Waiting on all navigates
2026-05-01 18:00:48,209 [INFO] All navigates done, putting them all in queue.
2026-05-01 18:00:48,210 [INFO] Getting tab from queue (has 1)
2026-05-01 18:00:48,210 [INFO] Got C4D3
2026-05-01 18:00:48,210 [INFO] Processing bTop_10_Counties_by_Employees_Affectedb.png
2026-05-01 18:00:48,210 [INFO] Sending big command for bTop_10_Counties_by_Employees_Affectedb.png.
2026-05-01 18:00:48,350 [INFO] Sent big command for bTop_10_Counties_by_Employees_Affectedb.png.
2026-05-01 18:00:48,352 [INFO] Reloading tab C4D3 before return.
2026-05-01 18:00:48,456 [INFO] Putting tab C4D3 back (queue size: 0).
2026-05-01 18:00:48,456 [INFO] Waiting for all cleanups to finish.
2026-05-01 18:00:48,456 [INFO] Exiting Kaleido
2026-05-01 18:00:48,456 [INFO] Closing browser.
2026-05-01 18:00:48,459 [INFO] Closing browser.
2026-05-01 18:00:48,459 [INFO] TemporaryDirectory.cleanup() worked.
2026-05-01 18:00:48,460 [INFO] shutil.rmtree worked.
2026-05-01 18:00:48,460 [INFO] Cancelling tasks.
2026-05-01 18:00:48,460 [INFO] Exiting Kaleido/Choreo
2026-05-01 18:00:48,670 [INFO] TemporaryDirectory.cleanup() worked.
2026-05-01 18:00:48,671 [INFO] shutil.rmtree worked.
2026-05-01 18:00:48,671 [INFO] TemporaryDirectory.cleanup() worked.
2026-05-01 18:00:48,671 [INFO] shutil.rmtree worked.
2026-05-01 18:00:48,671 [INFO] Cancelling tasks.
2026-05-01 18:00:48,671 [INFO] Exiting Kaleido/Choreo
2026-05-01 18:00:48,673 [INFO]   → PNG: /Users/bilalmac2/git_repo/warn/docs/charts/11_county_bar.png
2026-05-01 18:00:48,673 [INFO]   → HTML div: /Users/bilalmac2/git_repo/warn/docs/charts/11_county_bar.html
2026-05-01 18:00:48,674 [INFO] Charts complete.
2026-05-01 18:00:48,677 [INFO] Step 5/5: Building site …
2026-05-01 18:00:48,677 [INFO] Building index.html …
2026-05-01 18:00:48,726 [INFO] Site built → /Users/bilalmac2/git_repo/warn/docs/index.html
2026-05-01 18:00:48,726 [INFO] Git push …
2026-05-01 18:00:48,727 [INFO] Staging changes …
2026-05-01 18:00:48,896 [INFO] Committing: auto: WARN update 2026-05-02 01:00 UTC
2026-05-01 18:00:49,025 [INFO] Pushing to origin/main …
2026-05-01 18:00:49,613 [WARNING] git push origin main stderr: To https://github.com/bilalahamad0/warn.git
 ! [rejected]        main -> main (fetch first)
error: failed to push some refs to 'https://github.com/bilalahamad0/warn.git'
hint: Updates were rejected because the remote contains work that you do not
hint: have locally. This is usually caused by another repository pushing to
hint: the same ref. If you want to integrate the remote changes, use
hint: 'git pull' before pushing again.
hint: See the 'Note about fast-forwards' in 'git push --help' for details.
2026-05-01 18:00:49,643 [ERROR] ✗ Push failed — check GITHUB_TOKEN and repo permissions.
2026-05-01 18:00:49,644 [INFO] ✓ Publisher complete.
2026-05-01 18:00:49,689 [INFO] TemporaryDirectory.cleanup() worked.
2026-05-01 18:00:49,689 [INFO] shutil.rmtree worked.
2026-05-01 18:00:49,689 [INFO] TemporaryDirectory.cleanup() worked.
2026-05-01 18:00:49,690 [INFO] shutil.rmtree worked.
2026-05-01 18:00:49,690 [INFO] TemporaryDirectory.cleanup() worked.
2026-05-01 18:00:49,690 [INFO] shutil.rmtree worked.
2026-05-01 18:00:49,690 [INFO] TemporaryDirectory.cleanup() worked.
2026-05-01 18:00:49,690 [INFO] shutil.rmtree worked.
/Users/bilalmac2/Library/Python/3.9/lib/python/site-packages/urllib3/__init__.py:34: NotOpenSSLWarning: urllib3 v2.0 only supports OpenSSL 1.1.1+, currently the 'ssl' module is compiled with 'LibreSSL 2.8.3'. See: https://github.com/urllib3/urllib3/issues/3020
  warnings.warn(
2026-05-02 06:00:03,497 [INFO] ======================================================================
2026-05-02 06:00:03,497 [INFO] WARN Publisher — 2026-05-02T13:00:03.497232+00:00Z
2026-05-02 06:00:03,497 [INFO] ======================================================================
2026-05-02 06:00:03,497 [INFO] Step 1/5: Running monitor …
2026-05-02 06:00:03,497 [INFO] ============================================================
2026-05-02 06:00:03,497 [INFO] WARN Monitor — 2026-05-02T13:00:03.497790+00:00Z
2026-05-02 06:00:03,497 [INFO] ============================================================
2026-05-02 06:00:03,498 [INFO] Requesting WARN XLSX from EDD …
2026-05-02 06:00:03,909 [INFO] EDD server: 304 Not Modified — data unchanged.
2026-05-02 06:00:03,911 [INFO] Parsing /Users/bilalmac2/git_repo/warn/file.xlsx …
2026-05-02 06:00:04,197 [INFO] Available sheets: ['Index', 'WARN Report Summary', 'Detailed WARN Report ', 'Call Center Relocations Summary', 'Call Center Relocations Report', 'Industry List']
2026-05-02 06:00:04,197 [INFO] Using sheet: 'Detailed WARN Report '
/Users/bilalmac2/Library/Python/3.9/lib/python/site-packages/openpyxl/worksheet/_reader.py:329: UserWarning: Data Validation extension is not supported and will be removed
  warn(msg)
2026-05-02 06:00:04,399 [INFO] Detailed sheet columns: ['County/Parish', 'Notice\nDate', 'Processed\nDate', 'Effective \nDate', 'Company', 'Layoff/\nClosure', 'No. Of\nEmployees', 'Address', 'Related Industry']
2026-05-02 06:00:04,609 [INFO] Parsed 1224 WARN records spanning 2025-01-05 → 2026-12-30
2026-05-02 06:00:04,624 [INFO] No data changes detected.
2026-05-02 06:00:04,649 [INFO] Saved 1224 records to /Users/bilalmac2/git_repo/warn/data/warn_latest.json
2026-05-02 06:00:04,650 [INFO] Monitor run complete.
2026-05-02 06:00:04,650 [INFO] Step 2/5: Generating diff report …
2026-05-02 06:00:04,866 [INFO] Step 3/5: Updating historical data …
2026-05-02 06:00:04,867 [INFO] Year 2014: already parsed — skipping (use --force to re-parse)
2026-05-02 06:00:04,867 [INFO] Year 2015: already parsed — skipping (use --force to re-parse)
2026-05-02 06:00:04,867 [INFO] Year 2016: already parsed — skipping (use --force to re-parse)
2026-05-02 06:00:04,867 [INFO] Year 2017: already parsed — skipping (use --force to re-parse)
2026-05-02 06:00:04,867 [INFO] Year 2018: already parsed — skipping (use --force to re-parse)
2026-05-02 06:00:04,867 [INFO] Year 2019: already parsed — skipping (use --force to re-parse)
2026-05-02 06:00:04,867 [INFO] Year 2020: already parsed — skipping (use --force to re-parse)
2026-05-02 06:00:04,867 [INFO] Year 2021: already parsed — skipping (use --force to re-parse)
2026-05-02 06:00:04,867 [INFO] Year 2022: already parsed — skipping (use --force to re-parse)
2026-05-02 06:00:04,867 [INFO] Year 2023: already parsed — skipping (use --force to re-parse)
2026-05-02 06:00:04,867 [INFO] Year 2024: already parsed — skipping (use --force to re-parse)
2026-05-02 06:00:04,899 [INFO] Combined dataset: 1,525 records across 12 years
2026-05-02 06:00:04,900 [INFO] Step 4/5: Generating charts …
2026-05-02 06:00:04,923 [INFO] Loaded 1224 records for charting.
2026-05-02 06:00:04,929 [INFO] Historical data: 1,525 records across 12 years
2026-05-02 06:00:04,929 [INFO] Chart 1: Timeline scatter …
2026-05-02 06:00:05,985 [INFO] Chromium init'ed with kwargs {}
2026-05-02 06:00:05,997 [INFO] Found chromium path: /Applications/Google Chrome.app/Contents/MacOS/Google Chrome
2026-05-02 06:00:05,999 [INFO] Temp directory created: /var/folders/2l/_mqykd2n143bpj9ts872cs5m0000gn/T/tmp7y5twvns.
2026-05-02 06:00:05,999 [INFO] Opening browser.
2026-05-02 06:00:06,000 [INFO] Temp directory created: /var/folders/2l/_mqykd2n143bpj9ts872cs5m0000gn/T/tmp6jvr9uir.
2026-05-02 06:00:06,000 [INFO] Temporary directory at: /var/folders/2l/_mqykd2n143bpj9ts872cs5m0000gn/T/tmp6jvr9uir
2026-05-02 06:00:14,130 [INFO] Conforming 1 to file:///var/folders/2l/_mqykd2n143bpj9ts872cs5m0000gn/T/tmp7y5twvns/index.html
2026-05-02 06:00:14,145 [INFO] Waiting on all navigates
2026-05-02 06:00:16,042 [INFO] All navigates done, putting them all in queue.
2026-05-02 06:00:16,043 [INFO] Getting tab from queue (has 1)
2026-05-02 06:00:16,043 [INFO] Got 0B09
2026-05-02 06:00:16,044 [INFO] Processing bWARN_Notices__Employees_by_Effective_Dateb.png
2026-05-02 06:00:16,044 [INFO] Sending big command for bWARN_Notices__Employees_by_Effective_Dateb.png.
2026-05-02 06:00:18,364 [INFO] Sent big command for bWARN_Notices__Employees_by_Effective_Dateb.png.
2026-05-02 06:00:18,370 [INFO] Reloading tab 0B09 before return.
2026-05-02 06:00:18,587 [INFO] Putting tab 0B09 back (queue size: 0).
2026-05-02 06:00:18,687 [INFO] Waiting for all cleanups to finish.
2026-05-02 06:00:18,687 [INFO] Exiting Kaleido
2026-05-02 06:00:18,688 [INFO] Closing browser.
2026-05-02 06:00:18,693 [INFO] Closing browser.
2026-05-02 06:00:18,743 [INFO] TemporaryDirectory.cleanup() worked.
2026-05-02 06:00:18,830 [INFO] shutil.rmtree worked.
2026-05-02 06:00:18,832 [INFO] Cancelling tasks.
2026-05-02 06:00:18,832 [INFO] Exiting Kaleido/Choreo
2026-05-02 06:00:19,202 [INFO] TemporaryDirectory.cleanup() worked.
2026-05-02 06:00:19,202 [INFO] shutil.rmtree worked.
2026-05-02 06:00:19,202 [INFO] TemporaryDirectory.cleanup() worked.
2026-05-02 06:00:19,203 [INFO] shutil.rmtree worked.
2026-05-02 06:00:19,203 [INFO] Cancelling tasks.
2026-05-02 06:00:19,203 [INFO] Exiting Kaleido/Choreo
2026-05-02 06:00:19,207 [INFO]   → PNG: /Users/bilalmac2/git_repo/warn/docs/charts/1_timeline_scatter.png
2026-05-02 06:00:19,207 [INFO]   → HTML div: /Users/bilalmac2/git_repo/warn/docs/charts/1_timeline_scatter.html
2026-05-02 06:00:19,208 [INFO] Chart 2: Monthly bar chart …
2026-05-02 06:00:19,277 [INFO] Chromium init'ed with kwargs {}
2026-05-02 06:00:19,278 [INFO] Found chromium path: /Applications/Google Chrome.app/Contents/MacOS/Google Chrome
2026-05-02 06:00:19,278 [INFO] Temp directory created: /var/folders/2l/_mqykd2n143bpj9ts872cs5m0000gn/T/tmp29qyopbu.
2026-05-02 06:00:19,279 [INFO] Opening browser.
2026-05-02 06:00:19,279 [INFO] Temp directory created: /var/folders/2l/_mqykd2n143bpj9ts872cs5m0000gn/T/tmpsknma_wp.
2026-05-02 06:00:19,279 [INFO] Temporary directory at: /var/folders/2l/_mqykd2n143bpj9ts872cs5m0000gn/T/tmpsknma_wp
2026-05-02 06:00:20,691 [INFO] Conforming 1 to file:///var/folders/2l/_mqykd2n143bpj9ts872cs5m0000gn/T/tmp29qyopbu/index.html
2026-05-02 06:00:20,703 [INFO] Waiting on all navigates
2026-05-02 06:00:22,678 [INFO] All navigates done, putting them all in queue.
2026-05-02 06:00:22,680 [INFO] Getting tab from queue (has 1)
2026-05-02 06:00:22,680 [INFO] Got 1485
2026-05-02 06:00:22,680 [INFO] Processing bMonthly_Layoffs__Total_Employees_Affectedb.png
2026-05-02 06:00:22,680 [INFO] Sending big command for bMonthly_Layoffs__Total_Employees_Affectedb.png.
2026-05-02 06:00:22,834 [INFO] Sent big command for bMonthly_Layoffs__Total_Employees_Affectedb.png.
2026-05-02 06:00:22,838 [INFO] Reloading tab 1485 before return.
2026-05-02 06:00:22,966 [INFO] Putting tab 1485 back (queue size: 0).
2026-05-02 06:00:22,966 [INFO] Waiting for all cleanups to finish.
2026-05-02 06:00:22,966 [INFO] Exiting Kaleido
2026-05-02 06:00:22,966 [INFO] Closing browser.
2026-05-02 06:00:22,968 [INFO] Closing browser.
2026-05-02 06:00:22,969 [INFO] TemporaryDirectory.cleanup() worked.
2026-05-02 06:00:22,970 [INFO] shutil.rmtree worked.
2026-05-02 06:00:22,970 [INFO] Cancelling tasks.
2026-05-02 06:00:22,970 [INFO] Exiting Kaleido/Choreo
2026-05-02 06:00:23,291 [INFO] TemporaryDirectory.cleanup() worked.
2026-05-02 06:00:23,291 [INFO] shutil.rmtree worked.
2026-05-02 06:00:23,291 [INFO] TemporaryDirectory.cleanup() worked.
2026-05-02 06:00:23,291 [INFO] shutil.rmtree worked.
2026-05-02 06:00:23,291 [INFO] Cancelling tasks.
2026-05-02 06:00:23,291 [INFO] Exiting Kaleido/Choreo
2026-05-02 06:00:23,293 [INFO]   → PNG: /Users/bilalmac2/git_repo/warn/docs/charts/2_monthly_bar.png
2026-05-02 06:00:23,294 [INFO]   → HTML div: /Users/bilalmac2/git_repo/warn/docs/charts/2_monthly_bar.html
2026-05-02 06:00:23,294 [INFO] Chart 3: Rolling trend …
2026-05-02 06:00:23,379 [INFO] Chromium init'ed with kwargs {}
2026-05-02 06:00:23,380 [INFO] Found chromium path: /Applications/Google Chrome.app/Contents/MacOS/Google Chrome
2026-05-02 06:00:23,381 [INFO] Temp directory created: /var/folders/2l/_mqykd2n143bpj9ts872cs5m0000gn/T/tmp92qsxg6h.
2026-05-02 06:00:23,381 [INFO] Opening browser.
2026-05-02 06:00:23,382 [INFO] Temp directory created: /var/folders/2l/_mqykd2n143bpj9ts872cs5m0000gn/T/tmp5xg3wviz.
2026-05-02 06:00:23,382 [INFO] Temporary directory at: /var/folders/2l/_mqykd2n143bpj9ts872cs5m0000gn/T/tmp5xg3wviz
2026-05-02 06:00:24,841 [INFO] Conforming 1 to file:///var/folders/2l/_mqykd2n143bpj9ts872cs5m0000gn/T/tmp92qsxg6h/index.html
2026-05-02 06:00:24,849 [INFO] Waiting on all navigates
2026-05-02 06:00:27,030 [INFO] All navigates done, putting them all in queue.
2026-05-02 06:00:27,032 [INFO] Getting tab from queue (has 1)
2026-05-02 06:00:27,032 [INFO] Got 53ED
2026-05-02 06:00:27,032 [INFO] Processing bLayoff_Trend__Daily_30_Day_Average__Cumulativeb.png
2026-05-02 06:00:27,032 [INFO] Sending big command for bLayoff_Trend__Daily_30_Day_Average__Cumulativeb.png.
2026-05-02 06:00:27,369 [INFO] Sent big command for bLayoff_Trend__Daily_30_Day_Average__Cumulativeb.png.
2026-05-02 06:00:27,373 [INFO] Reloading tab 53ED before return.
2026-05-02 06:00:27,493 [INFO] Putting tab 53ED back (queue size: 0).
2026-05-02 06:00:27,493 [INFO] Waiting for all cleanups to finish.
2026-05-02 06:00:27,493 [INFO] Exiting Kaleido
2026-05-02 06:00:27,493 [INFO] Closing browser.
2026-05-02 06:00:27,496 [INFO] Closing browser.
2026-05-02 06:00:27,497 [INFO] TemporaryDirectory.cleanup() worked.
2026-05-02 06:00:27,498 [INFO] shutil.rmtree worked.
2026-05-02 06:00:27,498 [INFO] Cancelling tasks.
2026-05-02 06:00:27,498 [INFO] Exiting Kaleido/Choreo
2026-05-02 06:00:27,784 [INFO] TemporaryDirectory.cleanup() worked.
2026-05-02 06:00:27,785 [INFO] shutil.rmtree worked.
2026-05-02 06:00:27,785 [INFO] TemporaryDirectory.cleanup() worked.
2026-05-02 06:00:27,785 [INFO] shutil.rmtree worked.
2026-05-02 06:00:27,785 [INFO] Cancelling tasks.
2026-05-02 06:00:27,785 [INFO] Exiting Kaleido/Choreo
2026-05-02 06:00:27,788 [INFO]   → PNG: /Users/bilalmac2/git_repo/warn/docs/charts/3_rolling_trend.png
2026-05-02 06:00:27,788 [INFO]   → HTML div: /Users/bilalmac2/git_repo/warn/docs/charts/3_rolling_trend.html
2026-05-02 06:00:27,789 [INFO] Chart 4: Top-25 companies …
2026-05-02 06:00:27,811 [INFO] TemporaryDirectory.cleanup() worked.
2026-05-02 06:00:27,811 [INFO] shutil.rmtree worked.
2026-05-02 06:00:27,811 [INFO] TemporaryDirectory.cleanup() worked.
2026-05-02 06:00:27,811 [INFO] shutil.rmtree worked.
2026-05-02 06:00:27,828 [INFO] Chromium init'ed with kwargs {}
2026-05-02 06:00:27,829 [INFO] Found chromium path: /Applications/Google Chrome.app/Contents/MacOS/Google Chrome
2026-05-02 06:00:27,829 [INFO] Temp directory created: /var/folders/2l/_mqykd2n143bpj9ts872cs5m0000gn/T/tmpu8likol2.
2026-05-02 06:00:27,830 [INFO] Opening browser.
2026-05-02 06:00:27,830 [INFO] Temp directory created: /var/folders/2l/_mqykd2n143bpj9ts872cs5m0000gn/T/tmp34slrh37.
2026-05-02 06:00:27,830 [INFO] Temporary directory at: /var/folders/2l/_mqykd2n143bpj9ts872cs5m0000gn/T/tmp34slrh37
2026-05-02 06:00:29,157 [INFO] Conforming 1 to file:///var/folders/2l/_mqykd2n143bpj9ts872cs5m0000gn/T/tmpu8likol2/index.html
2026-05-02 06:00:29,166 [INFO] Waiting on all navigates
2026-05-02 06:00:31,298 [INFO] All navigates done, putting them all in queue.
2026-05-02 06:00:31,300 [INFO] Getting tab from queue (has 1)
2026-05-02 06:00:31,300 [INFO] Got 85C0
2026-05-02 06:00:31,300 [INFO] Processing bTop_25_Filtered_Companies_by_Total_Employees_Affectedb.png
2026-05-02 06:00:31,300 [INFO] Sending big command for bTop_25_Filtered_Companies_by_Total_Employees_Affectedb.png.
2026-05-02 06:00:31,477 [INFO] Sent big command for bTop_25_Filtered_Companies_by_Total_Employees_Affectedb.png.
2026-05-02 06:00:31,481 [INFO] Reloading tab 85C0 before return.
2026-05-02 06:00:31,583 [INFO] Putting tab 85C0 back (queue size: 0).
2026-05-02 06:00:31,583 [INFO] Waiting for all cleanups to finish.
2026-05-02 06:00:31,583 [INFO] Exiting Kaleido
2026-05-02 06:00:31,583 [INFO] Closing browser.
2026-05-02 06:00:31,585 [INFO] Closing browser.
2026-05-02 06:00:31,586 [INFO] TemporaryDirectory.cleanup() worked.
2026-05-02 06:00:31,586 [INFO] shutil.rmtree worked.
2026-05-02 06:00:31,586 [INFO] Cancelling tasks.
2026-05-02 06:00:31,587 [INFO] Exiting Kaleido/Choreo
2026-05-02 06:00:31,946 [INFO] TemporaryDirectory.cleanup() worked.
2026-05-02 06:00:31,946 [INFO] shutil.rmtree worked.
2026-05-02 06:00:31,946 [INFO] TemporaryDirectory.cleanup() worked.
2026-05-02 06:00:31,946 [INFO] shutil.rmtree worked.
2026-05-02 06:00:31,946 [INFO] Cancelling tasks.
2026-05-02 06:00:31,946 [INFO] Exiting Kaleido/Choreo
2026-05-02 06:00:31,948 [INFO]   → PNG: /Users/bilalmac2/git_repo/warn/docs/charts/4_top_companies.png
2026-05-02 06:00:31,948 [INFO]   → HTML div: /Users/bilalmac2/git_repo/warn/docs/charts/4_top_companies.html
2026-05-02 06:00:31,948 [INFO] Chart 5: County heatmap …
2026-05-02 06:00:32,001 [INFO] Chromium init'ed with kwargs {}
2026-05-02 06:00:32,002 [INFO] Found chromium path: /Applications/Google Chrome.app/Contents/MacOS/Google Chrome
2026-05-02 06:00:32,002 [INFO] Temp directory created: /var/folders/2l/_mqykd2n143bpj9ts872cs5m0000gn/T/tmpc5mid684.
2026-05-02 06:00:32,002 [INFO] Opening browser.
2026-05-02 06:00:32,003 [INFO] Temp directory created: /var/folders/2l/_mqykd2n143bpj9ts872cs5m0000gn/T/tmp5bswonnt.
2026-05-02 06:00:32,003 [INFO] Temporary directory at: /var/folders/2l/_mqykd2n143bpj9ts872cs5m0000gn/T/tmp5bswonnt
2026-05-02 06:00:33,359 [INFO] Conforming 1 to file:///var/folders/2l/_mqykd2n143bpj9ts872cs5m0000gn/T/tmpc5mid684/index.html
2026-05-02 06:00:33,387 [INFO] Waiting on all navigates
2026-05-02 06:00:35,220 [INFO] All navigates done, putting them all in queue.
2026-05-02 06:00:35,221 [INFO] Getting tab from queue (has 1)
2026-05-02 06:00:35,221 [INFO] Got FABA
2026-05-02 06:00:35,221 [INFO] Processing bCounty__Month_Heatmap__Employees_Affectedb.png
2026-05-02 06:00:35,221 [INFO] Sending big command for bCounty__Month_Heatmap__Employees_Affectedb.png.
2026-05-02 06:00:35,430 [INFO] Sent big command for bCounty__Month_Heatmap__Employees_Affectedb.png.
2026-05-02 06:00:35,433 [INFO] Reloading tab FABA before return.
2026-05-02 06:00:35,535 [INFO] Putting tab FABA back (queue size: 0).
2026-05-02 06:00:35,536 [INFO] Waiting for all cleanups to finish.
2026-05-02 06:00:35,536 [INFO] Exiting Kaleido
2026-05-02 06:00:35,536 [INFO] Closing browser.
2026-05-02 06:00:35,538 [INFO] Closing browser.
2026-05-02 06:00:35,539 [INFO] TemporaryDirectory.cleanup() worked.
2026-05-02 06:00:35,540 [INFO] shutil.rmtree worked.
2026-05-02 06:00:35,540 [INFO] Cancelling tasks.
2026-05-02 06:00:35,540 [INFO] Exiting Kaleido/Choreo
2026-05-02 06:00:35,906 [INFO] TemporaryDirectory.cleanup() worked.
2026-05-02 06:00:35,906 [INFO] shutil.rmtree worked.
2026-05-02 06:00:35,906 [INFO] TemporaryDirectory.cleanup() worked.
2026-05-02 06:00:35,907 [INFO] shutil.rmtree worked.
2026-05-02 06:00:35,907 [INFO] Cancelling tasks.
2026-05-02 06:00:35,907 [INFO] Exiting Kaleido/Choreo
2026-05-02 06:00:35,909 [INFO]   → PNG: /Users/bilalmac2/git_repo/warn/docs/charts/5_county_heatmap.png
2026-05-02 06:00:35,909 [INFO]   → HTML div: /Users/bilalmac2/git_repo/warn/docs/charts/5_county_heatmap.html
2026-05-02 06:00:35,910 [INFO] Chart 6: Treemap …
2026-05-02 06:00:36,012 [INFO] TemporaryDirectory.cleanup() worked.
2026-05-02 06:00:36,012 [INFO] shutil.rmtree worked.
2026-05-02 06:00:36,012 [INFO] TemporaryDirectory.cleanup() worked.
2026-05-02 06:00:36,013 [INFO] shutil.rmtree worked.
2026-05-02 06:00:36,084 [INFO] Chromium init'ed with kwargs {}
2026-05-02 06:00:36,085 [INFO] Found chromium path: /Applications/Google Chrome.app/Contents/MacOS/Google Chrome
2026-05-02 06:00:36,085 [INFO] Temp directory created: /var/folders/2l/_mqykd2n143bpj9ts872cs5m0000gn/T/tmpg763kxes.
2026-05-02 06:00:36,086 [INFO] Opening browser.
2026-05-02 06:00:36,086 [INFO] Temp directory created: /var/folders/2l/_mqykd2n143bpj9ts872cs5m0000gn/T/tmpcdf3ehmo.
2026-05-02 06:00:36,086 [INFO] Temporary directory at: /var/folders/2l/_mqykd2n143bpj9ts872cs5m0000gn/T/tmpcdf3ehmo
2026-05-02 06:00:37,446 [INFO] Conforming 1 to file:///var/folders/2l/_mqykd2n143bpj9ts872cs5m0000gn/T/tmpg763kxes/index.html
2026-05-02 06:00:37,470 [INFO] Waiting on all navigates
2026-05-02 06:00:39,252 [INFO] All navigates done, putting them all in queue.
2026-05-02 06:00:39,253 [INFO] Getting tab from queue (has 1)
2026-05-02 06:00:39,253 [INFO] Got 06A6
2026-05-02 06:00:39,253 [INFO] Processing bLayoff_Treemap__Company_Size_by_Employees_Affectedb.png
2026-05-02 06:00:39,253 [INFO] Sending big command for bLayoff_Treemap__Company_Size_by_Employees_Affectedb.png.
2026-05-02 06:00:39,608 [INFO] Sent big command for bLayoff_Treemap__Company_Size_by_Employees_Affectedb.png.
2026-05-02 06:00:39,614 [INFO] Reloading tab 06A6 before return.
2026-05-02 06:00:39,714 [INFO] Putting tab 06A6 back (queue size: 0).
2026-05-02 06:00:39,714 [INFO] Waiting for all cleanups to finish.
2026-05-02 06:00:39,714 [INFO] Exiting Kaleido
2026-05-02 06:00:39,715 [INFO] Closing browser.
2026-05-02 06:00:39,717 [INFO] Closing browser.
2026-05-02 06:00:39,718 [INFO] TemporaryDirectory.cleanup() worked.
2026-05-02 06:00:39,718 [INFO] shutil.rmtree worked.
2026-05-02 06:00:39,718 [INFO] Cancelling tasks.
2026-05-02 06:00:39,718 [INFO] Exiting Kaleido/Choreo
2026-05-02 06:00:40,045 [INFO] TemporaryDirectory.cleanup() worked.
2026-05-02 06:00:40,045 [INFO] shutil.rmtree worked.
2026-05-02 06:00:40,045 [INFO] TemporaryDirectory.cleanup() worked.
2026-05-02 06:00:40,046 [INFO] shutil.rmtree worked.
2026-05-02 06:00:40,046 [INFO] Cancelling tasks.
2026-05-02 06:00:40,046 [INFO] Exiting Kaleido/Choreo
2026-05-02 06:00:40,048 [INFO]   → PNG: /Users/bilalmac2/git_repo/warn/docs/charts/6_treemap.png
2026-05-02 06:00:40,048 [INFO]   → HTML div: /Users/bilalmac2/git_repo/warn/docs/charts/6_treemap.html
2026-05-02 06:00:40,049 [INFO] Chart 7: Year-over-year bar …
2026-05-02 06:00:40,094 [INFO] Chromium init'ed with kwargs {}
2026-05-02 06:00:40,095 [INFO] Found chromium path: /Applications/Google Chrome.app/Contents/MacOS/Google Chrome
2026-05-02 06:00:40,095 [INFO] Temp directory created: /var/folders/2l/_mqykd2n143bpj9ts872cs5m0000gn/T/tmpijgwcotj.
2026-05-02 06:00:40,096 [INFO] Opening browser.
2026-05-02 06:00:40,096 [INFO] Temp directory created: /var/folders/2l/_mqykd2n143bpj9ts872cs5m0000gn/T/tmpdkxf4nna.
2026-05-02 06:00:40,096 [INFO] Temporary directory at: /var/folders/2l/_mqykd2n143bpj9ts872cs5m0000gn/T/tmpdkxf4nna
2026-05-02 06:00:40,097 [INFO] TemporaryDirectory.cleanup() worked.
2026-05-02 06:00:40,097 [INFO] shutil.rmtree worked.
2026-05-02 06:00:41,353 [INFO] Conforming 1 to file:///var/folders/2l/_mqykd2n143bpj9ts872cs5m0000gn/T/tmpijgwcotj/index.html
2026-05-02 06:00:41,369 [INFO] Waiting on all navigates
2026-05-02 06:00:43,251 [INFO] All navigates done, putting them all in queue.
2026-05-02 06:00:43,253 [INFO] Getting tab from queue (has 1)
2026-05-02 06:00:43,253 [INFO] Got 4B61
2026-05-02 06:00:43,253 [INFO] Processing bYear_over_Year__Employees_Affected__Notice_Count_2014Presentb.png
2026-05-02 06:00:43,253 [INFO] Sending big command for bYear_over_Year__Employees_Affected__Notice_Count_2014Presentb.png.
2026-05-02 06:00:43,445 [INFO] Sent big command for bYear_over_Year__Employees_Affected__Notice_Count_2014Presentb.png.
2026-05-02 06:00:43,448 [INFO] Reloading tab 4B61 before return.
2026-05-02 06:00:43,547 [INFO] Putting tab 4B61 back (queue size: 0).
2026-05-02 06:00:43,547 [INFO] Waiting for all cleanups to finish.
2026-05-02 06:00:43,547 [INFO] Exiting Kaleido
2026-05-02 06:00:43,547 [INFO] Closing browser.
2026-05-02 06:00:43,549 [INFO] Closing browser.
2026-05-02 06:00:43,550 [INFO] TemporaryDirectory.cleanup() worked.
2026-05-02 06:00:43,550 [INFO] shutil.rmtree worked.
2026-05-02 06:00:43,550 [INFO] Cancelling tasks.
2026-05-02 06:00:43,551 [INFO] Exiting Kaleido/Choreo
2026-05-02 06:00:43,848 [INFO] TemporaryDirectory.cleanup() worked.
2026-05-02 06:00:43,848 [INFO] shutil.rmtree worked.
2026-05-02 06:00:43,848 [INFO] TemporaryDirectory.cleanup() worked.
2026-05-02 06:00:43,849 [INFO] shutil.rmtree worked.
2026-05-02 06:00:43,849 [INFO] Cancelling tasks.
2026-05-02 06:00:43,849 [INFO] Exiting Kaleido/Choreo
2026-05-02 06:00:43,851 [INFO]   → PNG: /Users/bilalmac2/git_repo/warn/docs/charts/7_yoy_bar.png
2026-05-02 06:00:43,851 [INFO]   → HTML div: /Users/bilalmac2/git_repo/warn/docs/charts/7_yoy_bar.html
2026-05-02 06:00:43,851 [INFO] Chart 8: Multi-year trend …
/Users/bilalmac2/git_repo/warn/warn_charts.py:593: UserWarning: Could not infer format, so each element will be parsed individually, falling back to `dateutil`. To ensure parsing is consistent and as-expected, please specify a format.
  df_all["effective_date"] = pd.to_datetime(df_all["effective_date"], errors="coerce")
2026-05-02 06:00:43,950 [INFO] Chromium init'ed with kwargs {}
2026-05-02 06:00:43,951 [INFO] Found chromium path: /Applications/Google Chrome.app/Contents/MacOS/Google Chrome
2026-05-02 06:00:43,951 [INFO] Temp directory created: /var/folders/2l/_mqykd2n143bpj9ts872cs5m0000gn/T/tmpcwbhftwt.
2026-05-02 06:00:43,952 [INFO] Opening browser.
2026-05-02 06:00:43,952 [INFO] Temp directory created: /var/folders/2l/_mqykd2n143bpj9ts872cs5m0000gn/T/tmps95o16_d.
2026-05-02 06:00:43,953 [INFO] Temporary directory at: /var/folders/2l/_mqykd2n143bpj9ts872cs5m0000gn/T/tmps95o16_d
2026-05-02 06:00:45,268 [INFO] Conforming 1 to file:///var/folders/2l/_mqykd2n143bpj9ts872cs5m0000gn/T/tmpcwbhftwt/index.html
2026-05-02 06:00:45,284 [INFO] Waiting on all navigates
2026-05-02 06:00:47,169 [INFO] All navigates done, putting them all in queue.
2026-05-02 06:00:47,171 [INFO] Getting tab from queue (has 1)
2026-05-02 06:00:47,171 [INFO] Got FE36
2026-05-02 06:00:47,171 [INFO] Processing bMulti_Year_Monthly_Comparison__Employees_Affected_by_Monthb.png
2026-05-02 06:00:47,171 [INFO] Sending big command for bMulti_Year_Monthly_Comparison__Employees_Affected_by_Monthb.png.
2026-05-02 06:00:47,352 [INFO] Sent big command for bMulti_Year_Monthly_Comparison__Employees_Affected_by_Monthb.png.
2026-05-02 06:00:47,356 [INFO] Reloading tab FE36 before return.
2026-05-02 06:00:47,456 [INFO] Putting tab FE36 back (queue size: 0).
2026-05-02 06:00:47,456 [INFO] Waiting for all cleanups to finish.
2026-05-02 06:00:47,456 [INFO] Exiting Kaleido
2026-05-02 06:00:47,456 [INFO] Closing browser.
2026-05-02 06:00:47,458 [INFO] Closing browser.
2026-05-02 06:00:47,459 [INFO] TemporaryDirectory.cleanup() worked.
2026-05-02 06:00:47,459 [INFO] shutil.rmtree worked.
2026-05-02 06:00:47,459 [INFO] Cancelling tasks.
2026-05-02 06:00:47,459 [INFO] Exiting Kaleido/Choreo
2026-05-02 06:00:47,667 [INFO] TemporaryDirectory.cleanup() worked.
2026-05-02 06:00:47,668 [INFO] shutil.rmtree worked.
2026-05-02 06:00:47,668 [INFO] TemporaryDirectory.cleanup() worked.
2026-05-02 06:00:47,668 [INFO] shutil.rmtree worked.
2026-05-02 06:00:47,668 [INFO] Cancelling tasks.
2026-05-02 06:00:47,668 [INFO] Exiting Kaleido/Choreo
2026-05-02 06:00:47,671 [INFO]   → PNG: /Users/bilalmac2/git_repo/warn/docs/charts/8_multiyear_trend.png
2026-05-02 06:00:47,671 [INFO]   → HTML div: /Users/bilalmac2/git_repo/warn/docs/charts/8_multiyear_trend.html
2026-05-02 06:00:47,671 [INFO] Chart 9: Industry breakdown …
2026-05-02 06:00:47,715 [INFO] Chromium init'ed with kwargs {}
2026-05-02 06:00:47,716 [INFO] Found chromium path: /Applications/Google Chrome.app/Contents/MacOS/Google Chrome
2026-05-02 06:00:47,716 [INFO] Temp directory created: /var/folders/2l/_mqykd2n143bpj9ts872cs5m0000gn/T/tmpee7ol3lr.
2026-05-02 06:00:47,717 [INFO] Opening browser.
2026-05-02 06:00:47,717 [INFO] Temp directory created: /var/folders/2l/_mqykd2n143bpj9ts872cs5m0000gn/T/tmpv8qwnpv6.
2026-05-02 06:00:47,717 [INFO] Temporary directory at: /var/folders/2l/_mqykd2n143bpj9ts872cs5m0000gn/T/tmpv8qwnpv6
2026-05-02 06:00:48,934 [INFO] Conforming 1 to file:///var/folders/2l/_mqykd2n143bpj9ts872cs5m0000gn/T/tmpee7ol3lr/index.html
2026-05-02 06:00:48,950 [INFO] Waiting on all navigates
2026-05-02 06:00:50,829 [INFO] All navigates done, putting them all in queue.
2026-05-02 06:00:50,830 [INFO] Getting tab from queue (has 1)
2026-05-02 06:00:50,830 [INFO] Got 70BD
2026-05-02 06:00:50,831 [INFO] Processing bEmployees_Affected_by_Industry_Sectorb.png
2026-05-02 06:00:50,831 [INFO] Sending big command for bEmployees_Affected_by_Industry_Sectorb.png.
2026-05-02 06:00:50,996 [INFO] Sent big command for bEmployees_Affected_by_Industry_Sectorb.png.
2026-05-02 06:00:50,999 [INFO] Reloading tab 70BD before return.
2026-05-02 06:00:51,112 [INFO] Putting tab 70BD back (queue size: 0).
2026-05-02 06:00:51,112 [INFO] Waiting for all cleanups to finish.
2026-05-02 06:00:51,112 [INFO] Exiting Kaleido
2026-05-02 06:00:51,112 [INFO] Closing browser.
2026-05-02 06:00:51,116 [INFO] Closing browser.
2026-05-02 06:00:51,117 [INFO] TemporaryDirectory.cleanup() worked.
2026-05-02 06:00:51,117 [INFO] shutil.rmtree worked.
2026-05-02 06:00:51,117 [INFO] Cancelling tasks.
2026-05-02 06:00:51,117 [INFO] Exiting Kaleido/Choreo
2026-05-02 06:00:51,368 [INFO] TemporaryDirectory.cleanup() worked.
2026-05-02 06:00:51,368 [INFO] shutil.rmtree worked.
2026-05-02 06:00:51,368 [INFO] TemporaryDirectory.cleanup() worked.
2026-05-02 06:00:51,368 [INFO] shutil.rmtree worked.
2026-05-02 06:00:51,368 [INFO] Cancelling tasks.
2026-05-02 06:00:51,368 [INFO] Exiting Kaleido/Choreo
2026-05-02 06:00:51,370 [INFO]   → PNG: /Users/bilalmac2/git_repo/warn/docs/charts/9_industry_breakdown.png
2026-05-02 06:00:51,370 [INFO]   → HTML div: /Users/bilalmac2/git_repo/warn/docs/charts/9_industry_breakdown.html
2026-05-02 06:00:51,371 [INFO] Chart 10: Lead time histogram …
2026-05-02 06:00:51,386 [INFO] TemporaryDirectory.cleanup() worked.
2026-05-02 06:00:51,386 [INFO] shutil.rmtree worked.
2026-05-02 06:00:51,386 [INFO] TemporaryDirectory.cleanup() worked.
2026-05-02 06:00:51,387 [INFO] shutil.rmtree worked.
2026-05-02 06:00:51,420 [INFO] Chromium init'ed with kwargs {}
2026-05-02 06:00:51,421 [INFO] Found chromium path: /Applications/Google Chrome.app/Contents/MacOS/Google Chrome
2026-05-02 06:00:51,421 [INFO] Temp directory created: /var/folders/2l/_mqykd2n143bpj9ts872cs5m0000gn/T/tmps7jshys0.
2026-05-02 06:00:51,421 [INFO] Opening browser.
2026-05-02 06:00:51,422 [INFO] Temp directory created: /var/folders/2l/_mqykd2n143bpj9ts872cs5m0000gn/T/tmpgdrvictd.
2026-05-02 06:00:51,422 [INFO] Temporary directory at: /var/folders/2l/_mqykd2n143bpj9ts872cs5m0000gn/T/tmpgdrvictd
2026-05-02 06:00:52,751 [INFO] Conforming 1 to file:///var/folders/2l/_mqykd2n143bpj9ts872cs5m0000gn/T/tmps7jshys0/index.html
2026-05-02 06:00:52,768 [INFO] Waiting on all navigates
2026-05-02 06:00:54,390 [INFO] All navigates done, putting them all in queue.
2026-05-02 06:00:54,391 [INFO] Getting tab from queue (has 1)
2026-05-02 06:00:54,391 [INFO] Got FF40
2026-05-02 06:00:54,391 [INFO] Processing bNotice_Lead_Time_Distribution__73_Filed_60_Days_in_Advanceb.png
2026-05-02 06:00:54,392 [INFO] Sending big command for bNotice_Lead_Time_Distribution__73_Filed_60_Days_in_Advanceb.png.
2026-05-02 06:00:54,524 [INFO] Sent big command for bNotice_Lead_Time_Distribution__73_Filed_60_Days_in_Advanceb.png.
2026-05-02 06:00:54,526 [INFO] Reloading tab FF40 before return.
2026-05-02 06:00:54,628 [INFO] Putting tab FF40 back (queue size: 0).
2026-05-02 06:00:54,632 [INFO] Waiting for all cleanups to finish.
2026-05-02 06:00:54,633 [INFO] Exiting Kaleido
2026-05-02 06:00:54,633 [INFO] Closing browser.
2026-05-02 06:00:54,636 [INFO] Closing browser.
2026-05-02 06:00:54,652 [INFO] TemporaryDirectory.cleanup() worked.
2026-05-02 06:00:54,652 [INFO] shutil.rmtree worked.
2026-05-02 06:00:54,652 [INFO] Cancelling tasks.
2026-05-02 06:00:54,652 [INFO] Exiting Kaleido/Choreo
2026-05-02 06:00:54,895 [INFO] TemporaryDirectory.cleanup() worked.
2026-05-02 06:00:54,895 [INFO] shutil.rmtree worked.
2026-05-02 06:00:54,895 [INFO] TemporaryDirectory.cleanup() worked.
2026-05-02 06:00:54,896 [INFO] shutil.rmtree worked.
2026-05-02 06:00:54,896 [INFO] Cancelling tasks.
2026-05-02 06:00:54,896 [INFO] Exiting Kaleido/Choreo
2026-05-02 06:00:54,898 [INFO]   → PNG: /Users/bilalmac2/git_repo/warn/docs/charts/10_lead_time.png
2026-05-02 06:00:54,898 [INFO]   → HTML div: /Users/bilalmac2/git_repo/warn/docs/charts/10_lead_time.html
2026-05-02 06:00:54,899 [INFO] Chart 11: County bar …
2026-05-02 06:00:54,936 [INFO] Chromium init'ed with kwargs {}
2026-05-02 06:00:54,937 [INFO] Found chromium path: /Applications/Google Chrome.app/Contents/MacOS/Google Chrome
2026-05-02 06:00:54,937 [INFO] Temp directory created: /var/folders/2l/_mqykd2n143bpj9ts872cs5m0000gn/T/tmp_r071sc2.
2026-05-02 06:00:54,937 [INFO] Opening browser.
2026-05-02 06:00:54,938 [INFO] Temp directory created: /var/folders/2l/_mqykd2n143bpj9ts872cs5m0000gn/T/tmpqhbbwq7f.
2026-05-02 06:00:54,938 [INFO] Temporary directory at: /var/folders/2l/_mqykd2n143bpj9ts872cs5m0000gn/T/tmpqhbbwq7f
2026-05-02 06:00:56,312 [INFO] Conforming 1 to file:///var/folders/2l/_mqykd2n143bpj9ts872cs5m0000gn/T/tmp_r071sc2/index.html
2026-05-02 06:00:56,334 [INFO] Waiting on all navigates
2026-05-02 06:00:58,071 [INFO] All navigates done, putting them all in queue.
2026-05-02 06:00:58,072 [INFO] Getting tab from queue (has 1)
2026-05-02 06:00:58,072 [INFO] Got 40E7
2026-05-02 06:00:58,072 [INFO] Processing bTop_10_Counties_by_Employees_Affectedb.png
2026-05-02 06:00:58,072 [INFO] Sending big command for bTop_10_Counties_by_Employees_Affectedb.png.
2026-05-02 06:00:58,187 [INFO] Sent big command for bTop_10_Counties_by_Employees_Affectedb.png.
2026-05-02 06:00:58,188 [INFO] Reloading tab 40E7 before return.
2026-05-02 06:00:58,283 [INFO] Putting tab 40E7 back (queue size: 0).
2026-05-02 06:00:58,283 [INFO] Waiting for all cleanups to finish.
2026-05-02 06:00:58,283 [INFO] Exiting Kaleido
2026-05-02 06:00:58,283 [INFO] Closing browser.
2026-05-02 06:00:58,286 [INFO] Closing browser.
2026-05-02 06:00:58,287 [INFO] TemporaryDirectory.cleanup() worked.
2026-05-02 06:00:58,287 [INFO] shutil.rmtree worked.
2026-05-02 06:00:58,287 [INFO] Cancelling tasks.
2026-05-02 06:00:58,287 [INFO] Exiting Kaleido/Choreo
2026-05-02 06:00:58,477 [INFO] TemporaryDirectory.cleanup() worked.
2026-05-02 06:00:58,477 [INFO] shutil.rmtree worked.
2026-05-02 06:00:58,477 [INFO] TemporaryDirectory.cleanup() worked.
2026-05-02 06:00:58,478 [INFO] shutil.rmtree worked.
2026-05-02 06:00:58,478 [INFO] Cancelling tasks.
2026-05-02 06:00:58,478 [INFO] Exiting Kaleido/Choreo
2026-05-02 06:00:58,480 [INFO]   → PNG: /Users/bilalmac2/git_repo/warn/docs/charts/11_county_bar.png
2026-05-02 06:00:58,480 [INFO]   → HTML div: /Users/bilalmac2/git_repo/warn/docs/charts/11_county_bar.html
2026-05-02 06:00:58,480 [INFO] Charts complete.
2026-05-02 06:00:58,483 [INFO] Step 5/5: Building site …
2026-05-02 06:00:58,483 [INFO] Building index.html …
2026-05-02 06:00:58,534 [INFO] Site built → /Users/bilalmac2/git_repo/warn/docs/index.html
2026-05-02 06:00:58,534 [INFO] Git push …
2026-05-02 06:00:58,534 [INFO] Staging changes …
2026-05-02 06:00:58,753 [INFO] Committing: auto: WARN update 2026-05-02 13:00 UTC
2026-05-02 06:00:58,871 [INFO] Pushing to origin/main …
2026-05-02 06:00:59,492 [WARNING] git push origin main stderr: To https://github.com/bilalahamad0/warn.git
 ! [rejected]        main -> main (fetch first)
error: failed to push some refs to 'https://github.com/bilalahamad0/warn.git'
hint: Updates were rejected because the remote contains work that you do not
hint: have locally. This is usually caused by another repository pushing to
hint: the same ref. If you want to integrate the remote changes, use
hint: 'git pull' before pushing again.
hint: See the 'Note about fast-forwards' in 'git push --help' for details.
2026-05-02 06:00:59,523 [ERROR] ✗ Push failed — check GITHUB_TOKEN and repo permissions.
2026-05-02 06:00:59,523 [INFO] ✓ Publisher complete.
2026-05-02 06:00:59,622 [INFO] TemporaryDirectory.cleanup() worked.
2026-05-02 06:00:59,622 [INFO] shutil.rmtree worked.
2026-05-02 06:00:59,622 [INFO] TemporaryDirectory.cleanup() worked.
2026-05-02 06:00:59,622 [INFO] shutil.rmtree worked.
2026-05-02 06:00:59,622 [INFO] TemporaryDirectory.cleanup() worked.
2026-05-02 06:00:59,623 [INFO] shutil.rmtree worked.
2026-05-02 06:00:59,623 [INFO] TemporaryDirectory.cleanup() worked.
2026-05-02 06:00:59,623 [INFO] shutil.rmtree worked.
/Users/bilalmac2/Library/Python/3.9/lib/python/site-packages/urllib3/__init__.py:34: NotOpenSSLWarning: urllib3 v2.0 only supports OpenSSL 1.1.1+, currently the 'ssl' module is compiled with 'LibreSSL 2.8.3'. See: https://github.com/urllib3/urllib3/issues/3020
  warnings.warn(
2026-05-02 18:00:01,710 [INFO] ======================================================================
2026-05-02 18:00:01,711 [INFO] WARN Publisher — 2026-05-03T01:00:01.710798+00:00Z
2026-05-02 18:00:01,711 [INFO] ======================================================================
2026-05-02 18:00:01,711 [INFO] Step 1/5: Running monitor …
2026-05-02 18:00:01,711 [INFO] ============================================================
2026-05-02 18:00:01,711 [INFO] WARN Monitor — 2026-05-03T01:00:01.711556+00:00Z
2026-05-02 18:00:01,711 [INFO] ============================================================
2026-05-02 18:00:01,712 [INFO] Requesting WARN XLSX from EDD …
2026-05-02 18:00:01,931 [INFO] EDD server: 304 Not Modified — data unchanged.
2026-05-02 18:00:01,933 [INFO] Parsing /Users/bilalmac2/git_repo/warn/file.xlsx …
2026-05-02 18:00:02,222 [INFO] Available sheets: ['Index', 'WARN Report Summary', 'Detailed WARN Report ', 'Call Center Relocations Summary', 'Call Center Relocations Report', 'Industry List']
2026-05-02 18:00:02,222 [INFO] Using sheet: 'Detailed WARN Report '
/Users/bilalmac2/Library/Python/3.9/lib/python/site-packages/openpyxl/worksheet/_reader.py:329: UserWarning: Data Validation extension is not supported and will be removed
  warn(msg)
2026-05-02 18:00:02,418 [INFO] Detailed sheet columns: ['County/Parish', 'Notice\nDate', 'Processed\nDate', 'Effective \nDate', 'Company', 'Layoff/\nClosure', 'No. Of\nEmployees', 'Address', 'Related Industry']
2026-05-02 18:00:02,635 [INFO] Parsed 1224 WARN records spanning 2025-01-05 → 2026-12-30
2026-05-02 18:00:02,650 [INFO] No data changes detected.
2026-05-02 18:00:02,676 [INFO] Saved 1224 records to /Users/bilalmac2/git_repo/warn/data/warn_latest.json
2026-05-02 18:00:02,676 [INFO] Monitor run complete.
2026-05-02 18:00:02,676 [INFO] Step 2/5: Generating diff report …
2026-05-02 18:00:02,902 [INFO] Step 3/5: Updating historical data …
2026-05-02 18:00:02,902 [INFO] Year 2014: already parsed — skipping (use --force to re-parse)
2026-05-02 18:00:02,902 [INFO] Year 2015: already parsed — skipping (use --force to re-parse)
2026-05-02 18:00:02,902 [INFO] Year 2016: already parsed — skipping (use --force to re-parse)
2026-05-02 18:00:02,902 [INFO] Year 2017: already parsed — skipping (use --force to re-parse)
2026-05-02 18:00:02,903 [INFO] Year 2018: already parsed — skipping (use --force to re-parse)
2026-05-02 18:00:02,903 [INFO] Year 2019: already parsed — skipping (use --force to re-parse)
2026-05-02 18:00:02,903 [INFO] Year 2020: already parsed — skipping (use --force to re-parse)
2026-05-02 18:00:02,903 [INFO] Year 2021: already parsed — skipping (use --force to re-parse)
2026-05-02 18:00:02,903 [INFO] Year 2022: already parsed — skipping (use --force to re-parse)
2026-05-02 18:00:02,903 [INFO] Year 2023: already parsed — skipping (use --force to re-parse)
2026-05-02 18:00:02,903 [INFO] Year 2024: already parsed — skipping (use --force to re-parse)
2026-05-02 18:00:02,938 [INFO] Combined dataset: 1,525 records across 12 years
2026-05-02 18:00:02,939 [INFO] Step 4/5: Generating charts …
2026-05-02 18:00:02,963 [INFO] Loaded 1224 records for charting.
2026-05-02 18:00:02,969 [INFO] Historical data: 1,525 records across 12 years
2026-05-02 18:00:02,969 [INFO] Chart 1: Timeline scatter …
2026-05-02 18:00:04,059 [INFO] Chromium init'ed with kwargs {}
2026-05-02 18:00:04,074 [INFO] Found chromium path: /Applications/Google Chrome.app/Contents/MacOS/Google Chrome
2026-05-02 18:00:04,076 [INFO] Temp directory created: /var/folders/2l/_mqykd2n143bpj9ts872cs5m0000gn/T/tmprrx3r87i.
2026-05-02 18:00:04,076 [INFO] Opening browser.
2026-05-02 18:00:04,077 [INFO] Temp directory created: /var/folders/2l/_mqykd2n143bpj9ts872cs5m0000gn/T/tmpy9u82eud.
2026-05-02 18:00:04,077 [INFO] Temporary directory at: /var/folders/2l/_mqykd2n143bpj9ts872cs5m0000gn/T/tmpy9u82eud
2026-05-02 18:00:11,843 [INFO] Conforming 1 to file:///var/folders/2l/_mqykd2n143bpj9ts872cs5m0000gn/T/tmprrx3r87i/index.html
2026-05-02 18:00:11,854 [INFO] Waiting on all navigates
2026-05-02 18:00:13,829 [INFO] All navigates done, putting them all in queue.
2026-05-02 18:00:13,830 [INFO] Getting tab from queue (has 1)
2026-05-02 18:00:13,830 [INFO] Got D652
2026-05-02 18:00:13,830 [INFO] Processing bWARN_Notices__Employees_by_Effective_Dateb.png
2026-05-02 18:00:13,831 [INFO] Sending big command for bWARN_Notices__Employees_by_Effective_Dateb.png.
2026-05-02 18:00:16,353 [INFO] Sent big command for bWARN_Notices__Employees_by_Effective_Dateb.png.
2026-05-02 18:00:16,360 [INFO] Reloading tab D652 before return.
2026-05-02 18:00:16,551 [INFO] Putting tab D652 back (queue size: 0).
2026-05-02 18:00:16,551 [INFO] Waiting for all cleanups to finish.
2026-05-02 18:00:16,551 [INFO] Exiting Kaleido
2026-05-02 18:00:16,551 [INFO] Closing browser.
2026-05-02 18:00:16,553 [INFO] Closing browser.
2026-05-02 18:00:16,554 [INFO] TemporaryDirectory.cleanup() worked.
2026-05-02 18:00:16,554 [INFO] shutil.rmtree worked.
2026-05-02 18:00:16,554 [INFO] Cancelling tasks.
2026-05-02 18:00:16,555 [INFO] Exiting Kaleido/Choreo
2026-05-02 18:00:16,897 [INFO] TemporaryDirectory.cleanup() worked.
2026-05-02 18:00:16,898 [INFO] shutil.rmtree worked.
2026-05-02 18:00:16,898 [INFO] TemporaryDirectory.cleanup() worked.
2026-05-02 18:00:16,898 [INFO] shutil.rmtree worked.
2026-05-02 18:00:16,898 [INFO] Cancelling tasks.
2026-05-02 18:00:16,898 [INFO] Exiting Kaleido/Choreo
2026-05-02 18:00:16,901 [INFO]   → PNG: /Users/bilalmac2/git_repo/warn/docs/charts/1_timeline_scatter.png
2026-05-02 18:00:16,901 [INFO]   → HTML div: /Users/bilalmac2/git_repo/warn/docs/charts/1_timeline_scatter.html
2026-05-02 18:00:16,902 [INFO] Chart 2: Monthly bar chart …
2026-05-02 18:00:16,942 [INFO] Chromium init'ed with kwargs {}
2026-05-02 18:00:16,943 [INFO] Found chromium path: /Applications/Google Chrome.app/Contents/MacOS/Google Chrome
2026-05-02 18:00:16,943 [INFO] Temp directory created: /var/folders/2l/_mqykd2n143bpj9ts872cs5m0000gn/T/tmpxgmvm27e.
2026-05-02 18:00:16,943 [INFO] Opening browser.
2026-05-02 18:00:16,944 [INFO] Temp directory created: /var/folders/2l/_mqykd2n143bpj9ts872cs5m0000gn/T/tmpn_tfbs62.
2026-05-02 18:00:16,944 [INFO] Temporary directory at: /var/folders/2l/_mqykd2n143bpj9ts872cs5m0000gn/T/tmpn_tfbs62
2026-05-02 18:00:18,272 [INFO] Conforming 1 to file:///var/folders/2l/_mqykd2n143bpj9ts872cs5m0000gn/T/tmpxgmvm27e/index.html
2026-05-02 18:00:18,285 [INFO] Waiting on all navigates
2026-05-02 18:00:20,484 [INFO] All navigates done, putting them all in queue.
2026-05-02 18:00:20,485 [INFO] Getting tab from queue (has 1)
2026-05-02 18:00:20,485 [INFO] Got 4235
2026-05-02 18:00:20,486 [INFO] Processing bMonthly_Layoffs__Total_Employees_Affectedb.png
2026-05-02 18:00:20,486 [INFO] Sending big command for bMonthly_Layoffs__Total_Employees_Affectedb.png.
2026-05-02 18:00:20,651 [INFO] Sent big command for bMonthly_Layoffs__Total_Employees_Affectedb.png.
2026-05-02 18:00:20,654 [INFO] Reloading tab 4235 before return.
2026-05-02 18:00:20,772 [INFO] Putting tab 4235 back (queue size: 0).
2026-05-02 18:00:20,772 [INFO] Waiting for all cleanups to finish.
2026-05-02 18:00:20,772 [INFO] Exiting Kaleido
2026-05-02 18:00:20,772 [INFO] Closing browser.
2026-05-02 18:00:20,774 [INFO] Closing browser.
2026-05-02 18:00:20,775 [INFO] TemporaryDirectory.cleanup() worked.
2026-05-02 18:00:20,776 [INFO] shutil.rmtree worked.
2026-05-02 18:00:20,776 [INFO] Cancelling tasks.
2026-05-02 18:00:20,776 [INFO] Exiting Kaleido/Choreo
2026-05-02 18:00:21,107 [INFO] TemporaryDirectory.cleanup() worked.
2026-05-02 18:00:21,107 [INFO] shutil.rmtree worked.
2026-05-02 18:00:21,108 [INFO] TemporaryDirectory.cleanup() worked.
2026-05-02 18:00:21,108 [INFO] shutil.rmtree worked.
2026-05-02 18:00:21,108 [INFO] Cancelling tasks.
2026-05-02 18:00:21,108 [INFO] Exiting Kaleido/Choreo
2026-05-02 18:00:21,110 [INFO]   → PNG: /Users/bilalmac2/git_repo/warn/docs/charts/2_monthly_bar.png
2026-05-02 18:00:21,110 [INFO]   → HTML div: /Users/bilalmac2/git_repo/warn/docs/charts/2_monthly_bar.html
2026-05-02 18:00:21,111 [INFO] Chart 3: Rolling trend …
2026-05-02 18:00:21,168 [INFO] Chromium init'ed with kwargs {}
2026-05-02 18:00:21,169 [INFO] Found chromium path: /Applications/Google Chrome.app/Contents/MacOS/Google Chrome
2026-05-02 18:00:21,169 [INFO] Temp directory created: /var/folders/2l/_mqykd2n143bpj9ts872cs5m0000gn/T/tmpw8w1vll0.
2026-05-02 18:00:21,170 [INFO] Opening browser.
2026-05-02 18:00:21,170 [INFO] Temp directory created: /var/folders/2l/_mqykd2n143bpj9ts872cs5m0000gn/T/tmpno6eji7w.
2026-05-02 18:00:21,170 [INFO] Temporary directory at: /var/folders/2l/_mqykd2n143bpj9ts872cs5m0000gn/T/tmpno6eji7w
2026-05-02 18:00:22,385 [INFO] Conforming 1 to file:///var/folders/2l/_mqykd2n143bpj9ts872cs5m0000gn/T/tmpw8w1vll0/index.html
2026-05-02 18:00:22,401 [INFO] Waiting on all navigates
2026-05-02 18:00:24,403 [INFO] All navigates done, putting them all in queue.
2026-05-02 18:00:24,404 [INFO] Getting tab from queue (has 1)
2026-05-02 18:00:24,404 [INFO] Got D428
2026-05-02 18:00:24,405 [INFO] Processing bLayoff_Trend__Daily_30_Day_Average__Cumulativeb.png
2026-05-02 18:00:24,405 [INFO] Sending big command for bLayoff_Trend__Daily_30_Day_Average__Cumulativeb.png.
2026-05-02 18:00:24,653 [INFO] Sent big command for bLayoff_Trend__Daily_30_Day_Average__Cumulativeb.png.
2026-05-02 18:00:24,656 [INFO] Reloading tab D428 before return.
2026-05-02 18:00:24,773 [INFO] Putting tab D428 back (queue size: 0).
2026-05-02 18:00:24,773 [INFO] Waiting for all cleanups to finish.
2026-05-02 18:00:24,773 [INFO] Exiting Kaleido
2026-05-02 18:00:24,773 [INFO] Closing browser.
2026-05-02 18:00:24,776 [INFO] Closing browser.
2026-05-02 18:00:24,778 [INFO] TemporaryDirectory.cleanup() worked.
2026-05-02 18:00:24,778 [INFO] shutil.rmtree worked.
2026-05-02 18:00:24,778 [INFO] Cancelling tasks.
2026-05-02 18:00:24,779 [INFO] Exiting Kaleido/Choreo
2026-05-02 18:00:25,050 [INFO] TemporaryDirectory.cleanup() worked.
2026-05-02 18:00:25,050 [INFO] shutil.rmtree worked.
2026-05-02 18:00:25,050 [INFO] TemporaryDirectory.cleanup() worked.
2026-05-02 18:00:25,051 [INFO] shutil.rmtree worked.
2026-05-02 18:00:25,051 [INFO] Cancelling tasks.
2026-05-02 18:00:25,051 [INFO] Exiting Kaleido/Choreo
2026-05-02 18:00:25,054 [INFO]   → PNG: /Users/bilalmac2/git_repo/warn/docs/charts/3_rolling_trend.png
2026-05-02 18:00:25,054 [INFO]   → HTML div: /Users/bilalmac2/git_repo/warn/docs/charts/3_rolling_trend.html
2026-05-02 18:00:25,055 [INFO] Chart 4: Top-25 companies …
2026-05-02 18:00:25,071 [INFO] TemporaryDirectory.cleanup() worked.
2026-05-02 18:00:25,072 [INFO] shutil.rmtree worked.
2026-05-02 18:00:25,072 [INFO] TemporaryDirectory.cleanup() worked.
2026-05-02 18:00:25,072 [INFO] shutil.rmtree worked.
2026-05-02 18:00:25,084 [INFO] Chromium init'ed with kwargs {}
2026-05-02 18:00:25,084 [INFO] Found chromium path: /Applications/Google Chrome.app/Contents/MacOS/Google Chrome
2026-05-02 18:00:25,085 [INFO] Temp directory created: /var/folders/2l/_mqykd2n143bpj9ts872cs5m0000gn/T/tmpppmxs805.
2026-05-02 18:00:25,085 [INFO] Opening browser.
2026-05-02 18:00:25,086 [INFO] Temp directory created: /var/folders/2l/_mqykd2n143bpj9ts872cs5m0000gn/T/tmpg6rvgy5h.
2026-05-02 18:00:25,086 [INFO] Temporary directory at: /var/folders/2l/_mqykd2n143bpj9ts872cs5m0000gn/T/tmpg6rvgy5h
2026-05-02 18:00:26,278 [INFO] Conforming 1 to file:///var/folders/2l/_mqykd2n143bpj9ts872cs5m0000gn/T/tmpppmxs805/index.html
2026-05-02 18:00:26,302 [INFO] Waiting on all navigates
2026-05-02 18:00:27,725 [INFO] All navigates done, putting them all in queue.
2026-05-02 18:00:27,727 [INFO] Getting tab from queue (has 1)
2026-05-02 18:00:27,727 [INFO] Got 8165
2026-05-02 18:00:27,727 [INFO] Processing bTop_25_Filtered_Companies_by_Total_Employees_Affectedb.png
2026-05-02 18:00:27,727 [INFO] Sending big command for bTop_25_Filtered_Companies_by_Total_Employees_Affectedb.png.
2026-05-02 18:00:27,901 [INFO] Sent big command for bTop_25_Filtered_Companies_by_Total_Employees_Affectedb.png.
2026-05-02 18:00:27,905 [INFO] Reloading tab 8165 before return.
2026-05-02 18:00:28,004 [INFO] Putting tab 8165 back (queue size: 0).
2026-05-02 18:00:28,004 [INFO] Waiting for all cleanups to finish.
2026-05-02 18:00:28,004 [INFO] Exiting Kaleido
2026-05-02 18:00:28,004 [INFO] Closing browser.
2026-05-02 18:00:28,007 [INFO] Closing browser.
2026-05-02 18:00:28,007 [INFO] TemporaryDirectory.cleanup() worked.
2026-05-02 18:00:28,008 [INFO] shutil.rmtree worked.
2026-05-02 18:00:28,008 [INFO] Cancelling tasks.
2026-05-02 18:00:28,008 [INFO] Exiting Kaleido/Choreo
2026-05-02 18:00:28,212 [INFO] TemporaryDirectory.cleanup() worked.
2026-05-02 18:00:28,212 [INFO] shutil.rmtree worked.
2026-05-02 18:00:28,213 [INFO] TemporaryDirectory.cleanup() worked.
2026-05-02 18:00:28,213 [INFO] shutil.rmtree worked.
2026-05-02 18:00:28,213 [INFO] Cancelling tasks.
2026-05-02 18:00:28,213 [INFO] Exiting Kaleido/Choreo
2026-05-02 18:00:28,215 [INFO]   → PNG: /Users/bilalmac2/git_repo/warn/docs/charts/4_top_companies.png
2026-05-02 18:00:28,215 [INFO]   → HTML div: /Users/bilalmac2/git_repo/warn/docs/charts/4_top_companies.html
2026-05-02 18:00:28,215 [INFO] Chart 5: County heatmap …
2026-05-02 18:00:28,259 [INFO] Chromium init'ed with kwargs {}
2026-05-02 18:00:28,259 [INFO] Found chromium path: /Applications/Google Chrome.app/Contents/MacOS/Google Chrome
2026-05-02 18:00:28,260 [INFO] Temp directory created: /var/folders/2l/_mqykd2n143bpj9ts872cs5m0000gn/T/tmpl1sm642g.
2026-05-02 18:00:28,260 [INFO] Opening browser.
2026-05-02 18:00:28,260 [INFO] Temp directory created: /var/folders/2l/_mqykd2n143bpj9ts872cs5m0000gn/T/tmpp8upwbsl.
2026-05-02 18:00:28,261 [INFO] Temporary directory at: /var/folders/2l/_mqykd2n143bpj9ts872cs5m0000gn/T/tmpp8upwbsl
2026-05-02 18:00:29,570 [INFO] Conforming 1 to file:///var/folders/2l/_mqykd2n143bpj9ts872cs5m0000gn/T/tmpl1sm642g/index.html
2026-05-02 18:00:29,598 [INFO] Waiting on all navigates
2026-05-02 18:00:31,239 [INFO] All navigates done, putting them all in queue.
2026-05-02 18:00:31,240 [INFO] Getting tab from queue (has 1)
2026-05-02 18:00:31,240 [INFO] Got E8CE
2026-05-02 18:00:31,240 [INFO] Processing bCounty__Month_Heatmap__Employees_Affectedb.png
2026-05-02 18:00:31,240 [INFO] Sending big command for bCounty__Month_Heatmap__Employees_Affectedb.png.
2026-05-02 18:00:31,441 [INFO] Sent big command for bCounty__Month_Heatmap__Employees_Affectedb.png.
2026-05-02 18:00:31,444 [INFO] Reloading tab E8CE before return.
2026-05-02 18:00:31,544 [INFO] Putting tab E8CE back (queue size: 0).
2026-05-02 18:00:31,545 [INFO] Waiting for all cleanups to finish.
2026-05-02 18:00:31,545 [INFO] Exiting Kaleido
2026-05-02 18:00:31,545 [INFO] Closing browser.
2026-05-02 18:00:31,550 [INFO] Closing browser.
2026-05-02 18:00:31,550 [INFO] TemporaryDirectory.cleanup() worked.
2026-05-02 18:00:31,550 [INFO] shutil.rmtree worked.
2026-05-02 18:00:31,550 [INFO] Cancelling tasks.
2026-05-02 18:00:31,550 [INFO] Exiting Kaleido/Choreo
2026-05-02 18:00:31,801 [INFO] TemporaryDirectory.cleanup() worked.
2026-05-02 18:00:31,801 [INFO] shutil.rmtree worked.
2026-05-02 18:00:31,801 [INFO] TemporaryDirectory.cleanup() worked.
2026-05-02 18:00:31,801 [INFO] shutil.rmtree worked.
2026-05-02 18:00:31,801 [INFO] Cancelling tasks.
2026-05-02 18:00:31,801 [INFO] Exiting Kaleido/Choreo
2026-05-02 18:00:31,804 [INFO]   → PNG: /Users/bilalmac2/git_repo/warn/docs/charts/5_county_heatmap.png
2026-05-02 18:00:31,804 [INFO]   → HTML div: /Users/bilalmac2/git_repo/warn/docs/charts/5_county_heatmap.html
2026-05-02 18:00:31,804 [INFO] Chart 6: Treemap …
2026-05-02 18:00:31,822 [INFO] TemporaryDirectory.cleanup() worked.
2026-05-02 18:00:31,822 [INFO] shutil.rmtree worked.
2026-05-02 18:00:31,886 [INFO] TemporaryDirectory.cleanup() worked.
2026-05-02 18:00:31,886 [INFO] shutil.rmtree worked.
2026-05-02 18:00:31,944 [INFO] Chromium init'ed with kwargs {}
2026-05-02 18:00:31,944 [INFO] Found chromium path: /Applications/Google Chrome.app/Contents/MacOS/Google Chrome
2026-05-02 18:00:31,945 [INFO] Temp directory created: /var/folders/2l/_mqykd2n143bpj9ts872cs5m0000gn/T/tmpmmjvesmr.
2026-05-02 18:00:31,945 [INFO] Opening browser.
2026-05-02 18:00:31,945 [INFO] Temp directory created: /var/folders/2l/_mqykd2n143bpj9ts872cs5m0000gn/T/tmpvhbeja7g.
2026-05-02 18:00:31,945 [INFO] Temporary directory at: /var/folders/2l/_mqykd2n143bpj9ts872cs5m0000gn/T/tmpvhbeja7g
2026-05-02 18:00:33,214 [INFO] Conforming 1 to file:///var/folders/2l/_mqykd2n143bpj9ts872cs5m0000gn/T/tmpmmjvesmr/index.html
2026-05-02 18:00:33,223 [INFO] Waiting on all navigates
2026-05-02 18:00:34,966 [INFO] All navigates done, putting them all in queue.
2026-05-02 18:00:34,967 [INFO] Getting tab from queue (has 1)
2026-05-02 18:00:34,967 [INFO] Got 4CA1
2026-05-02 18:00:34,967 [INFO] Processing bLayoff_Treemap__Company_Size_by_Employees_Affectedb.png
2026-05-02 18:00:34,968 [INFO] Sending big command for bLayoff_Treemap__Company_Size_by_Employees_Affectedb.png.
2026-05-02 18:00:35,310 [INFO] Sent big command for bLayoff_Treemap__Company_Size_by_Employees_Affectedb.png.
2026-05-02 18:00:35,315 [INFO] Reloading tab 4CA1 before return.
2026-05-02 18:00:35,411 [INFO] Putting tab 4CA1 back (queue size: 0).
2026-05-02 18:00:35,412 [INFO] Waiting for all cleanups to finish.
2026-05-02 18:00:35,412 [INFO] Exiting Kaleido
2026-05-02 18:00:35,412 [INFO] Closing browser.
2026-05-02 18:00:35,414 [INFO] Closing browser.
2026-05-02 18:00:35,415 [INFO] TemporaryDirectory.cleanup() worked.
2026-05-02 18:00:35,415 [INFO] shutil.rmtree worked.
2026-05-02 18:00:35,415 [INFO] Cancelling tasks.
2026-05-02 18:00:35,415 [INFO] Exiting Kaleido/Choreo
2026-05-02 18:00:35,673 [INFO] TemporaryDirectory.cleanup() worked.
2026-05-02 18:00:35,673 [INFO] shutil.rmtree worked.
2026-05-02 18:00:35,673 [INFO] TemporaryDirectory.cleanup() worked.
2026-05-02 18:00:35,674 [INFO] shutil.rmtree worked.
2026-05-02 18:00:35,674 [INFO] Cancelling tasks.
2026-05-02 18:00:35,674 [INFO] Exiting Kaleido/Choreo
2026-05-02 18:00:35,676 [INFO]   → PNG: /Users/bilalmac2/git_repo/warn/docs/charts/6_treemap.png
2026-05-02 18:00:35,676 [INFO]   → HTML div: /Users/bilalmac2/git_repo/warn/docs/charts/6_treemap.html
2026-05-02 18:00:35,676 [INFO] Chart 7: Year-over-year bar …
2026-05-02 18:00:35,722 [INFO] Chromium init'ed with kwargs {}
2026-05-02 18:00:35,723 [INFO] Found chromium path: /Applications/Google Chrome.app/Contents/MacOS/Google Chrome
2026-05-02 18:00:35,723 [INFO] Temp directory created: /var/folders/2l/_mqykd2n143bpj9ts872cs5m0000gn/T/tmp97_2ujh8.
2026-05-02 18:00:35,723 [INFO] Opening browser.
2026-05-02 18:00:35,724 [INFO] Temp directory created: /var/folders/2l/_mqykd2n143bpj9ts872cs5m0000gn/T/tmp_w8c8h1m.
2026-05-02 18:00:35,724 [INFO] Temporary directory at: /var/folders/2l/_mqykd2n143bpj9ts872cs5m0000gn/T/tmp_w8c8h1m
2026-05-02 18:00:35,724 [INFO] TemporaryDirectory.cleanup() worked.
2026-05-02 18:00:35,724 [INFO] shutil.rmtree worked.
2026-05-02 18:00:36,932 [INFO] Conforming 1 to file:///var/folders/2l/_mqykd2n143bpj9ts872cs5m0000gn/T/tmp97_2ujh8/index.html
2026-05-02 18:00:36,948 [INFO] Waiting on all navigates
2026-05-02 18:00:38,379 [INFO] All navigates done, putting them all in queue.
2026-05-02 18:00:38,380 [INFO] Getting tab from queue (has 1)
2026-05-02 18:00:38,381 [INFO] Got 50E8
2026-05-02 18:00:38,381 [INFO] Processing bYear_over_Year__Employees_Affected__Notice_Count_2014Presentb.png
2026-05-02 18:00:38,381 [INFO] Sending big command for bYear_over_Year__Employees_Affected__Notice_Count_2014Presentb.png.
2026-05-02 18:00:38,568 [INFO] Sent big command for bYear_over_Year__Employees_Affected__Notice_Count_2014Presentb.png.
2026-05-02 18:00:38,571 [INFO] Reloading tab 50E8 before return.
2026-05-02 18:00:38,672 [INFO] Putting tab 50E8 back (queue size: 0).
2026-05-02 18:00:38,672 [INFO] Waiting for all cleanups to finish.
2026-05-02 18:00:38,672 [INFO] Exiting Kaleido
2026-05-02 18:00:38,672 [INFO] Closing browser.
2026-05-02 18:00:38,674 [INFO] Closing browser.
2026-05-02 18:00:38,675 [INFO] TemporaryDirectory.cleanup() worked.
2026-05-02 18:00:38,675 [INFO] shutil.rmtree worked.
2026-05-02 18:00:38,675 [INFO] Cancelling tasks.
2026-05-02 18:00:38,675 [INFO] Exiting Kaleido/Choreo
2026-05-02 18:00:38,925 [INFO] TemporaryDirectory.cleanup() worked.
2026-05-02 18:00:38,925 [INFO] shutil.rmtree worked.
2026-05-02 18:00:38,925 [INFO] TemporaryDirectory.cleanup() worked.
2026-05-02 18:00:38,926 [INFO] shutil.rmtree worked.
2026-05-02 18:00:38,926 [INFO] Cancelling tasks.
2026-05-02 18:00:38,926 [INFO] Exiting Kaleido/Choreo
2026-05-02 18:00:38,927 [INFO]   → PNG: /Users/bilalmac2/git_repo/warn/docs/charts/7_yoy_bar.png
2026-05-02 18:00:38,928 [INFO]   → HTML div: /Users/bilalmac2/git_repo/warn/docs/charts/7_yoy_bar.html
2026-05-02 18:00:38,928 [INFO] Chart 8: Multi-year trend …
/Users/bilalmac2/git_repo/warn/warn_charts.py:593: UserWarning: Could not infer format, so each element will be parsed individually, falling back to `dateutil`. To ensure parsing is consistent and as-expected, please specify a format.
  df_all["effective_date"] = pd.to_datetime(df_all["effective_date"], errors="coerce")
2026-05-02 18:00:38,999 [INFO] Chromium init'ed with kwargs {}
2026-05-02 18:00:39,000 [INFO] Found chromium path: /Applications/Google Chrome.app/Contents/MacOS/Google Chrome
2026-05-02 18:00:39,000 [INFO] Temp directory created: /var/folders/2l/_mqykd2n143bpj9ts872cs5m0000gn/T/tmpwz4rdv3s.
2026-05-02 18:00:39,000 [INFO] Opening browser.
2026-05-02 18:00:39,001 [INFO] Temp directory created: /var/folders/2l/_mqykd2n143bpj9ts872cs5m0000gn/T/tmp_jlxarqx.
2026-05-02 18:00:39,001 [INFO] Temporary directory at: /var/folders/2l/_mqykd2n143bpj9ts872cs5m0000gn/T/tmp_jlxarqx
2026-05-02 18:00:40,214 [INFO] Conforming 1 to file:///var/folders/2l/_mqykd2n143bpj9ts872cs5m0000gn/T/tmpwz4rdv3s/index.html
2026-05-02 18:00:40,230 [INFO] Waiting on all navigates
2026-05-02 18:00:42,075 [INFO] All navigates done, putting them all in queue.
2026-05-02 18:00:42,076 [INFO] Getting tab from queue (has 1)
2026-05-02 18:00:42,077 [INFO] Got 7669
2026-05-02 18:00:42,077 [INFO] Processing bMulti_Year_Monthly_Comparison__Employees_Affected_by_Monthb.png
2026-05-02 18:00:42,077 [INFO] Sending big command for bMulti_Year_Monthly_Comparison__Employees_Affected_by_Monthb.png.
2026-05-02 18:00:42,254 [INFO] Sent big command for bMulti_Year_Monthly_Comparison__Employees_Affected_by_Monthb.png.
2026-05-02 18:00:42,259 [INFO] Reloading tab 7669 before return.
2026-05-02 18:00:42,360 [INFO] Putting tab 7669 back (queue size: 0).
2026-05-02 18:00:42,360 [INFO] Waiting for all cleanups to finish.
2026-05-02 18:00:42,360 [INFO] Exiting Kaleido
2026-05-02 18:00:42,360 [INFO] Closing browser.
2026-05-02 18:00:42,362 [INFO] Closing browser.
2026-05-02 18:00:42,363 [INFO] TemporaryDirectory.cleanup() worked.
2026-05-02 18:00:42,363 [INFO] shutil.rmtree worked.
2026-05-02 18:00:42,364 [INFO] Cancelling tasks.
2026-05-02 18:00:42,364 [INFO] Exiting Kaleido/Choreo
2026-05-02 18:00:42,598 [INFO] TemporaryDirectory.cleanup() worked.
2026-05-02 18:00:42,598 [INFO] shutil.rmtree worked.
2026-05-02 18:00:42,599 [INFO] TemporaryDirectory.cleanup() worked.
2026-05-02 18:00:42,599 [INFO] shutil.rmtree worked.
2026-05-02 18:00:42,599 [INFO] Cancelling tasks.
2026-05-02 18:00:42,599 [INFO] Exiting Kaleido/Choreo
2026-05-02 18:00:42,601 [INFO]   → PNG: /Users/bilalmac2/git_repo/warn/docs/charts/8_multiyear_trend.png
2026-05-02 18:00:42,601 [INFO]   → HTML div: /Users/bilalmac2/git_repo/warn/docs/charts/8_multiyear_trend.html
2026-05-02 18:00:42,602 [INFO] Chart 9: Industry breakdown …
2026-05-02 18:00:42,643 [INFO] Chromium init'ed with kwargs {}
2026-05-02 18:00:42,643 [INFO] Found chromium path: /Applications/Google Chrome.app/Contents/MacOS/Google Chrome
2026-05-02 18:00:42,644 [INFO] Temp directory created: /var/folders/2l/_mqykd2n143bpj9ts872cs5m0000gn/T/tmpuo4x94c3.
2026-05-02 18:00:42,644 [INFO] Opening browser.
2026-05-02 18:00:42,644 [INFO] Temp directory created: /var/folders/2l/_mqykd2n143bpj9ts872cs5m0000gn/T/tmpp9lthf92.
2026-05-02 18:00:42,645 [INFO] Temporary directory at: /var/folders/2l/_mqykd2n143bpj9ts872cs5m0000gn/T/tmpp9lthf92
2026-05-02 18:00:44,002 [INFO] Conforming 1 to file:///var/folders/2l/_mqykd2n143bpj9ts872cs5m0000gn/T/tmpuo4x94c3/index.html
2026-05-02 18:00:44,019 [INFO] Waiting on all navigates
2026-05-02 18:00:45,761 [INFO] All navigates done, putting them all in queue.
2026-05-02 18:00:45,762 [INFO] Getting tab from queue (has 1)
2026-05-02 18:00:45,762 [INFO] Got 62A7
2026-05-02 18:00:45,763 [INFO] Processing bEmployees_Affected_by_Industry_Sectorb.png
2026-05-02 18:00:45,763 [INFO] Sending big command for bEmployees_Affected_by_Industry_Sectorb.png.
2026-05-02 18:00:45,922 [INFO] Sent big command for bEmployees_Affected_by_Industry_Sectorb.png.
2026-05-02 18:00:45,926 [INFO] Reloading tab 62A7 before return.
2026-05-02 18:00:46,031 [INFO] Putting tab 62A7 back (queue size: 0).
2026-05-02 18:00:46,031 [INFO] Waiting for all cleanups to finish.
2026-05-02 18:00:46,031 [INFO] Exiting Kaleido
2026-05-02 18:00:46,031 [INFO] Closing browser.
2026-05-02 18:00:46,033 [INFO] Closing browser.
2026-05-02 18:00:46,034 [INFO] TemporaryDirectory.cleanup() worked.
2026-05-02 18:00:46,034 [INFO] shutil.rmtree worked.
2026-05-02 18:00:46,034 [INFO] Cancelling tasks.
2026-05-02 18:00:46,034 [INFO] Exiting Kaleido/Choreo
2026-05-02 18:00:46,262 [INFO] TemporaryDirectory.cleanup() worked.
2026-05-02 18:00:46,263 [INFO] shutil.rmtree worked.
2026-05-02 18:00:46,263 [INFO] TemporaryDirectory.cleanup() worked.
2026-05-02 18:00:46,263 [INFO] shutil.rmtree worked.
2026-05-02 18:00:46,263 [INFO] Cancelling tasks.
2026-05-02 18:00:46,263 [INFO] Exiting Kaleido/Choreo
2026-05-02 18:00:46,266 [INFO]   → PNG: /Users/bilalmac2/git_repo/warn/docs/charts/9_industry_breakdown.png
2026-05-02 18:00:46,266 [INFO]   → HTML div: /Users/bilalmac2/git_repo/warn/docs/charts/9_industry_breakdown.html
2026-05-02 18:00:46,267 [INFO] Chart 10: Lead time histogram …
2026-05-02 18:00:46,280 [INFO] TemporaryDirectory.cleanup() worked.
2026-05-02 18:00:46,280 [INFO] shutil.rmtree worked.
2026-05-02 18:00:46,280 [INFO] TemporaryDirectory.cleanup() worked.
2026-05-02 18:00:46,280 [INFO] shutil.rmtree worked.
2026-05-02 18:00:46,313 [INFO] Chromium init'ed with kwargs {}
2026-05-02 18:00:46,314 [INFO] Found chromium path: /Applications/Google Chrome.app/Contents/MacOS/Google Chrome
2026-05-02 18:00:46,314 [INFO] Temp directory created: /var/folders/2l/_mqykd2n143bpj9ts872cs5m0000gn/T/tmpnprjroay.
2026-05-02 18:00:46,314 [INFO] Opening browser.
2026-05-02 18:00:46,315 [INFO] Temp directory created: /var/folders/2l/_mqykd2n143bpj9ts872cs5m0000gn/T/tmp873xh6rl.
2026-05-02 18:00:46,315 [INFO] Temporary directory at: /var/folders/2l/_mqykd2n143bpj9ts872cs5m0000gn/T/tmp873xh6rl
2026-05-02 18:00:47,584 [INFO] Conforming 1 to file:///var/folders/2l/_mqykd2n143bpj9ts872cs5m0000gn/T/tmpnprjroay/index.html
2026-05-02 18:00:47,600 [INFO] Waiting on all navigates
2026-05-02 18:00:49,253 [INFO] All navigates done, putting them all in queue.
2026-05-02 18:00:49,254 [INFO] Getting tab from queue (has 1)
2026-05-02 18:00:49,254 [INFO] Got E760
2026-05-02 18:00:49,254 [INFO] Processing bNotice_Lead_Time_Distribution__73_Filed_60_Days_in_Advanceb.png
2026-05-02 18:00:49,254 [INFO] Sending big command for bNotice_Lead_Time_Distribution__73_Filed_60_Days_in_Advanceb.png.
2026-05-02 18:00:49,386 [INFO] Sent big command for bNotice_Lead_Time_Distribution__73_Filed_60_Days_in_Advanceb.png.
2026-05-02 18:00:49,387 [INFO] Reloading tab E760 before return.
2026-05-02 18:00:49,490 [INFO] Putting tab E760 back (queue size: 0).
2026-05-02 18:00:49,490 [INFO] Waiting for all cleanups to finish.
2026-05-02 18:00:49,490 [INFO] Exiting Kaleido
2026-05-02 18:00:49,490 [INFO] Closing browser.
2026-05-02 18:00:49,494 [INFO] Closing browser.
2026-05-02 18:00:49,494 [INFO] TemporaryDirectory.cleanup() worked.
2026-05-02 18:00:49,495 [INFO] shutil.rmtree worked.
2026-05-02 18:00:49,495 [INFO] Cancelling tasks.
2026-05-02 18:00:49,495 [INFO] Exiting Kaleido/Choreo
2026-05-02 18:00:49,849 [INFO] TemporaryDirectory.cleanup() worked.
2026-05-02 18:00:49,849 [INFO] shutil.rmtree worked.
2026-05-02 18:00:49,849 [INFO] TemporaryDirectory.cleanup() worked.
2026-05-02 18:00:49,850 [INFO] shutil.rmtree worked.
2026-05-02 18:00:49,850 [INFO] Cancelling tasks.
2026-05-02 18:00:49,850 [INFO] Exiting Kaleido/Choreo
2026-05-02 18:00:49,851 [INFO]   → PNG: /Users/bilalmac2/git_repo/warn/docs/charts/10_lead_time.png
2026-05-02 18:00:49,851 [INFO]   → HTML div: /Users/bilalmac2/git_repo/warn/docs/charts/10_lead_time.html
2026-05-02 18:00:49,852 [INFO] Chart 11: County bar …
2026-05-02 18:00:49,884 [INFO] Chromium init'ed with kwargs {}
2026-05-02 18:00:49,885 [INFO] Found chromium path: /Applications/Google Chrome.app/Contents/MacOS/Google Chrome
2026-05-02 18:00:49,885 [INFO] Temp directory created: /var/folders/2l/_mqykd2n143bpj9ts872cs5m0000gn/T/tmpdk80vt81.
2026-05-02 18:00:49,886 [INFO] Opening browser.
2026-05-02 18:00:49,886 [INFO] Temp directory created: /var/folders/2l/_mqykd2n143bpj9ts872cs5m0000gn/T/tmpab1a0guy.
2026-05-02 18:00:49,886 [INFO] Temporary directory at: /var/folders/2l/_mqykd2n143bpj9ts872cs5m0000gn/T/tmpab1a0guy
2026-05-02 18:00:51,246 [INFO] Conforming 1 to file:///var/folders/2l/_mqykd2n143bpj9ts872cs5m0000gn/T/tmpdk80vt81/index.html
2026-05-02 18:00:51,265 [INFO] Waiting on all navigates
2026-05-02 18:00:52,657 [INFO] All navigates done, putting them all in queue.
2026-05-02 18:00:52,658 [INFO] Getting tab from queue (has 1)
2026-05-02 18:00:52,658 [INFO] Got 0442
2026-05-02 18:00:52,658 [INFO] Processing bTop_10_Counties_by_Employees_Affectedb.png
2026-05-02 18:00:52,658 [INFO] Sending big command for bTop_10_Counties_by_Employees_Affectedb.png.
2026-05-02 18:00:52,799 [INFO] Sent big command for bTop_10_Counties_by_Employees_Affectedb.png.
2026-05-02 18:00:52,801 [INFO] Reloading tab 0442 before return.
2026-05-02 18:00:52,906 [INFO] Putting tab 0442 back (queue size: 0).
2026-05-02 18:00:52,906 [INFO] Waiting for all cleanups to finish.
2026-05-02 18:00:52,906 [INFO] Exiting Kaleido
2026-05-02 18:00:52,906 [INFO] Closing browser.
2026-05-02 18:00:52,909 [INFO] Closing browser.
2026-05-02 18:00:52,910 [INFO] TemporaryDirectory.cleanup() worked.
2026-05-02 18:00:52,910 [INFO] shutil.rmtree worked.
2026-05-02 18:00:52,910 [INFO] Cancelling tasks.
2026-05-02 18:00:52,910 [INFO] Exiting Kaleido/Choreo
2026-05-02 18:00:53,175 [INFO] TemporaryDirectory.cleanup() worked.
2026-05-02 18:00:53,175 [INFO] shutil.rmtree worked.
2026-05-02 18:00:53,175 [INFO] TemporaryDirectory.cleanup() worked.
2026-05-02 18:00:53,175 [INFO] shutil.rmtree worked.
2026-05-02 18:00:53,175 [INFO] Cancelling tasks.
2026-05-02 18:00:53,176 [INFO] Exiting Kaleido/Choreo
2026-05-02 18:00:53,177 [INFO]   → PNG: /Users/bilalmac2/git_repo/warn/docs/charts/11_county_bar.png
2026-05-02 18:00:53,177 [INFO]   → HTML div: /Users/bilalmac2/git_repo/warn/docs/charts/11_county_bar.html
2026-05-02 18:00:53,178 [INFO] Charts complete.
2026-05-02 18:00:53,180 [INFO] Step 5/5: Building site …
2026-05-02 18:00:53,180 [INFO] Building index.html …
2026-05-02 18:00:53,231 [INFO] Site built → /Users/bilalmac2/git_repo/warn/docs/index.html
2026-05-02 18:00:53,232 [INFO] Git push …
2026-05-02 18:00:53,232 [INFO] Staging changes …
2026-05-02 18:00:53,424 [INFO] Committing: auto: WARN update 2026-05-03 01:00 UTC
2026-05-02 18:00:53,543 [INFO] Pushing to origin/main …
2026-05-02 18:00:54,117 [WARNING] git push origin main stderr: To https://github.com/bilalahamad0/warn.git
 ! [rejected]        main -> main (fetch first)
error: failed to push some refs to 'https://github.com/bilalahamad0/warn.git'
hint: Updates were rejected because the remote contains work that you do not
hint: have locally. This is usually caused by another repository pushing to
hint: the same ref. If you want to integrate the remote changes, use
hint: 'git pull' before pushing again.
hint: See the 'Note about fast-forwards' in 'git push --help' for details.
2026-05-02 18:00:54,147 [ERROR] ✗ Push failed — check GITHUB_TOKEN and repo permissions.
2026-05-02 18:00:54,147 [INFO] ✓ Publisher complete.
2026-05-02 18:00:54,194 [INFO] TemporaryDirectory.cleanup() worked.
2026-05-02 18:00:54,194 [INFO] shutil.rmtree worked.
2026-05-02 18:00:54,194 [INFO] TemporaryDirectory.cleanup() worked.
2026-05-02 18:00:54,194 [INFO] shutil.rmtree worked.
2026-05-02 18:00:54,194 [INFO] TemporaryDirectory.cleanup() worked.
2026-05-02 18:00:54,194 [INFO] shutil.rmtree worked.
2026-05-02 18:00:54,195 [INFO] TemporaryDirectory.cleanup() worked.
2026-05-02 18:00:54,195 [INFO] shutil.rmtree worked.
/Users/bilalmac2/Library/Python/3.9/lib/python/site-packages/urllib3/__init__.py:34: NotOpenSSLWarning: urllib3 v2.0 only supports OpenSSL 1.1.1+, currently the 'ssl' module is compiled with 'LibreSSL 2.8.3'. See: https://github.com/urllib3/urllib3/issues/3020
  warnings.warn(
2026-05-03 06:00:03,177 [INFO] ======================================================================
2026-05-03 06:00:03,177 [INFO] WARN Publisher — 2026-05-03T13:00:03.177551+00:00Z
2026-05-03 06:00:03,177 [INFO] ======================================================================
2026-05-03 06:00:03,177 [INFO] Step 1/5: Running monitor …
2026-05-03 06:00:03,177 [INFO] ============================================================
2026-05-03 06:00:03,177 [INFO] WARN Monitor — 2026-05-03T13:00:03.177989+00:00Z
2026-05-03 06:00:03,178 [INFO] ============================================================
2026-05-03 06:00:03,179 [INFO] Requesting WARN XLSX from EDD …
2026-05-03 06:00:03,355 [INFO] EDD server: 304 Not Modified — data unchanged.
2026-05-03 06:00:03,356 [INFO] Parsing /Users/bilalmac2/git_repo/warn/file.xlsx …
2026-05-03 06:00:03,870 [INFO] Available sheets: ['Index', 'WARN Report Summary', 'Detailed WARN Report ', 'Call Center Relocations Summary', 'Call Center Relocations Report', 'Industry List']
2026-05-03 06:00:03,870 [INFO] Using sheet: 'Detailed WARN Report '
/Users/bilalmac2/Library/Python/3.9/lib/python/site-packages/openpyxl/worksheet/_reader.py:329: UserWarning: Data Validation extension is not supported and will be removed
  warn(msg)
2026-05-03 06:00:04,094 [INFO] Detailed sheet columns: ['County/Parish', 'Notice\nDate', 'Processed\nDate', 'Effective \nDate', 'Company', 'Layoff/\nClosure', 'No. Of\nEmployees', 'Address', 'Related Industry']
2026-05-03 06:00:04,327 [INFO] Parsed 1224 WARN records spanning 2025-01-05 → 2026-12-30
2026-05-03 06:00:04,344 [INFO] No data changes detected.
2026-05-03 06:00:04,374 [INFO] Saved 1224 records to /Users/bilalmac2/git_repo/warn/data/warn_latest.json
2026-05-03 06:00:04,374 [INFO] Monitor run complete.
2026-05-03 06:00:04,375 [INFO] Step 2/5: Generating diff report …
2026-05-03 06:00:04,564 [INFO] Step 3/5: Updating historical data …
2026-05-03 06:00:04,565 [INFO] Year 2014: already parsed — skipping (use --force to re-parse)
2026-05-03 06:00:04,565 [INFO] Year 2015: already parsed — skipping (use --force to re-parse)
2026-05-03 06:00:04,565 [INFO] Year 2016: already parsed — skipping (use --force to re-parse)
2026-05-03 06:00:04,565 [INFO] Year 2017: already parsed — skipping (use --force to re-parse)
2026-05-03 06:00:04,565 [INFO] Year 2018: already parsed — skipping (use --force to re-parse)
2026-05-03 06:00:04,565 [INFO] Year 2019: already parsed — skipping (use --force to re-parse)
2026-05-03 06:00:04,565 [INFO] Year 2020: already parsed — skipping (use --force to re-parse)
2026-05-03 06:00:04,565 [INFO] Year 2021: already parsed — skipping (use --force to re-parse)
2026-05-03 06:00:04,565 [INFO] Year 2022: already parsed — skipping (use --force to re-parse)
2026-05-03 06:00:04,566 [INFO] Year 2023: already parsed — skipping (use --force to re-parse)
2026-05-03 06:00:04,566 [INFO] Year 2024: already parsed — skipping (use --force to re-parse)
2026-05-03 06:00:04,597 [INFO] Combined dataset: 1,525 records across 12 years
2026-05-03 06:00:04,597 [INFO] Step 4/5: Generating charts …
2026-05-03 06:00:04,626 [INFO] Loaded 1224 records for charting.
2026-05-03 06:00:04,632 [INFO] Historical data: 1,525 records across 12 years
2026-05-03 06:00:04,632 [INFO] Chart 1: Timeline scatter …
2026-05-03 06:00:05,930 [INFO] Chromium init'ed with kwargs {}
2026-05-03 06:00:05,958 [INFO] Found chromium path: /Applications/Google Chrome.app/Contents/MacOS/Google Chrome
2026-05-03 06:00:05,961 [INFO] Temp directory created: /var/folders/2l/_mqykd2n143bpj9ts872cs5m0000gn/T/tmp7va1oq5p.
2026-05-03 06:00:05,961 [INFO] Opening browser.
2026-05-03 06:00:05,962 [INFO] Temp directory created: /var/folders/2l/_mqykd2n143bpj9ts872cs5m0000gn/T/tmpy9wqvug4.
2026-05-03 06:00:05,962 [INFO] Temporary directory at: /var/folders/2l/_mqykd2n143bpj9ts872cs5m0000gn/T/tmpy9wqvug4
2026-05-03 06:00:07,956 [INFO] Conforming 1 to file:///var/folders/2l/_mqykd2n143bpj9ts872cs5m0000gn/T/tmp7va1oq5p/index.html
2026-05-03 06:00:07,967 [INFO] Waiting on all navigates
2026-05-03 06:00:09,591 [INFO] All navigates done, putting them all in queue.
2026-05-03 06:00:09,593 [INFO] Getting tab from queue (has 1)
2026-05-03 06:00:09,593 [INFO] Got FA7C
2026-05-03 06:00:09,594 [INFO] Processing bWARN_Notices__Employees_by_Effective_Dateb.png
2026-05-03 06:00:09,594 [INFO] Sending big command for bWARN_Notices__Employees_by_Effective_Dateb.png.
2026-05-03 06:00:13,115 [INFO] Sent big command for bWARN_Notices__Employees_by_Effective_Dateb.png.
2026-05-03 06:00:13,124 [INFO] Reloading tab FA7C before return.
2026-05-03 06:00:13,518 [INFO] Putting tab FA7C back (queue size: 0).
2026-05-03 06:00:13,532 [INFO] Waiting for all cleanups to finish.
2026-05-03 06:00:13,532 [INFO] Exiting Kaleido
2026-05-03 06:00:13,532 [INFO] Closing browser.
2026-05-03 06:00:13,536 [INFO] Closing browser.
2026-05-03 06:00:13,583 [INFO] TemporaryDirectory.cleanup() worked.
2026-05-03 06:00:13,584 [INFO] shutil.rmtree worked.
2026-05-03 06:00:13,584 [INFO] Cancelling tasks.
2026-05-03 06:00:13,584 [INFO] Exiting Kaleido/Choreo
2026-05-03 06:00:13,978 [INFO] TemporaryDirectory.cleanup() worked.
2026-05-03 06:00:13,978 [INFO] shutil.rmtree worked.
2026-05-03 06:00:13,978 [INFO] TemporaryDirectory.cleanup() worked.
2026-05-03 06:00:13,979 [INFO] shutil.rmtree worked.
2026-05-03 06:00:13,979 [INFO] Cancelling tasks.
2026-05-03 06:00:13,979 [INFO] Exiting Kaleido/Choreo
2026-05-03 06:00:13,982 [INFO]   → PNG: /Users/bilalmac2/git_repo/warn/docs/charts/1_timeline_scatter.png
2026-05-03 06:00:13,983 [INFO]   → HTML div: /Users/bilalmac2/git_repo/warn/docs/charts/1_timeline_scatter.html
2026-05-03 06:00:13,983 [INFO] Chart 2: Monthly bar chart …
2026-05-03 06:00:14,048 [INFO] Chromium init'ed with kwargs {}
2026-05-03 06:00:14,048 [INFO] Found chromium path: /Applications/Google Chrome.app/Contents/MacOS/Google Chrome
2026-05-03 06:00:14,049 [INFO] Temp directory created: /var/folders/2l/_mqykd2n143bpj9ts872cs5m0000gn/T/tmpa61ogdzt.
2026-05-03 06:00:14,050 [INFO] Opening browser.
2026-05-03 06:00:14,051 [INFO] Temp directory created: /var/folders/2l/_mqykd2n143bpj9ts872cs5m0000gn/T/tmpp9245qvi.
2026-05-03 06:00:14,051 [INFO] Temporary directory at: /var/folders/2l/_mqykd2n143bpj9ts872cs5m0000gn/T/tmpp9245qvi
2026-05-03 06:00:15,654 [INFO] Conforming 1 to file:///var/folders/2l/_mqykd2n143bpj9ts872cs5m0000gn/T/tmpa61ogdzt/index.html
2026-05-03 06:00:15,675 [INFO] Waiting on all navigates
2026-05-03 06:00:17,152 [INFO] All navigates done, putting them all in queue.
2026-05-03 06:00:17,153 [INFO] Getting tab from queue (has 1)
2026-05-03 06:00:17,154 [INFO] Got B02D
2026-05-03 06:00:17,154 [INFO] Processing bMonthly_Layoffs__Total_Employees_Affectedb.png
2026-05-03 06:00:17,154 [INFO] Sending big command for bMonthly_Layoffs__Total_Employees_Affectedb.png.
2026-05-03 06:00:17,388 [INFO] Sent big command for bMonthly_Layoffs__Total_Employees_Affectedb.png.
2026-05-03 06:00:17,391 [INFO] Reloading tab B02D before return.
2026-05-03 06:00:17,531 [INFO] Putting tab B02D back (queue size: 0).
2026-05-03 06:00:17,531 [INFO] Waiting for all cleanups to finish.
2026-05-03 06:00:17,531 [INFO] Exiting Kaleido
2026-05-03 06:00:17,531 [INFO] Closing browser.
2026-05-03 06:00:17,536 [INFO] Closing browser.
2026-05-03 06:00:17,537 [INFO] TemporaryDirectory.cleanup() worked.
2026-05-03 06:00:17,538 [INFO] shutil.rmtree worked.
2026-05-03 06:00:17,538 [INFO] Cancelling tasks.
2026-05-03 06:00:17,538 [INFO] Exiting Kaleido/Choreo
2026-05-03 06:00:17,835 [INFO] TemporaryDirectory.cleanup() worked.
2026-05-03 06:00:17,836 [INFO] shutil.rmtree worked.
2026-05-03 06:00:17,836 [INFO] TemporaryDirectory.cleanup() worked.
2026-05-03 06:00:17,837 [INFO] shutil.rmtree worked.
2026-05-03 06:00:17,837 [INFO] Cancelling tasks.
2026-05-03 06:00:17,837 [INFO] Exiting Kaleido/Choreo
2026-05-03 06:00:17,839 [INFO]   → PNG: /Users/bilalmac2/git_repo/warn/docs/charts/2_monthly_bar.png
2026-05-03 06:00:17,840 [INFO]   → HTML div: /Users/bilalmac2/git_repo/warn/docs/charts/2_monthly_bar.html
2026-05-03 06:00:17,841 [INFO] Chart 3: Rolling trend …
2026-05-03 06:00:17,920 [INFO] Chromium init'ed with kwargs {}
2026-05-03 06:00:17,921 [INFO] Found chromium path: /Applications/Google Chrome.app/Contents/MacOS/Google Chrome
2026-05-03 06:00:17,922 [INFO] Temp directory created: /var/folders/2l/_mqykd2n143bpj9ts872cs5m0000gn/T/tmp6vpam1gq.
2026-05-03 06:00:17,924 [INFO] Opening browser.
2026-05-03 06:00:17,925 [INFO] Temp directory created: /var/folders/2l/_mqykd2n143bpj9ts872cs5m0000gn/T/tmpk17mgdye.
2026-05-03 06:00:17,925 [INFO] Temporary directory at: /var/folders/2l/_mqykd2n143bpj9ts872cs5m0000gn/T/tmpk17mgdye
2026-05-03 06:00:19,569 [INFO] Conforming 1 to file:///var/folders/2l/_mqykd2n143bpj9ts872cs5m0000gn/T/tmp6vpam1gq/index.html
2026-05-03 06:00:19,584 [INFO] Waiting on all navigates
2026-05-03 06:00:21,192 [INFO] All navigates done, putting them all in queue.
2026-05-03 06:00:21,194 [INFO] Getting tab from queue (has 1)
2026-05-03 06:00:21,194 [INFO] Got 7EBE
2026-05-03 06:00:21,194 [INFO] Processing bLayoff_Trend__Daily_30_Day_Average__Cumulativeb.png
2026-05-03 06:00:21,194 [INFO] Sending big command for bLayoff_Trend__Daily_30_Day_Average__Cumulativeb.png.
2026-05-03 06:00:21,613 [INFO] Sent big command for bLayoff_Trend__Daily_30_Day_Average__Cumulativeb.png.
2026-05-03 06:00:21,617 [INFO] Reloading tab 7EBE before return.
2026-05-03 06:00:21,756 [INFO] Putting tab 7EBE back (queue size: 0).
2026-05-03 06:00:21,757 [INFO] Waiting for all cleanups to finish.
2026-05-03 06:00:21,758 [INFO] Exiting Kaleido
2026-05-03 06:00:21,758 [INFO] Closing browser.
2026-05-03 06:00:21,763 [INFO] Closing browser.
2026-05-03 06:00:21,764 [INFO] TemporaryDirectory.cleanup() worked.
2026-05-03 06:00:21,765 [INFO] shutil.rmtree worked.
2026-05-03 06:00:21,765 [INFO] Cancelling tasks.
2026-05-03 06:00:21,765 [INFO] Exiting Kaleido/Choreo
2026-05-03 06:00:22,080 [INFO] TemporaryDirectory.cleanup() worked.
2026-05-03 06:00:22,080 [INFO] shutil.rmtree worked.
2026-05-03 06:00:22,080 [INFO] TemporaryDirectory.cleanup() worked.
2026-05-03 06:00:22,081 [INFO] shutil.rmtree worked.
2026-05-03 06:00:22,081 [INFO] Cancelling tasks.
2026-05-03 06:00:22,081 [INFO] Exiting Kaleido/Choreo
2026-05-03 06:00:22,083 [INFO]   → PNG: /Users/bilalmac2/git_repo/warn/docs/charts/3_rolling_trend.png
2026-05-03 06:00:22,083 [INFO]   → HTML div: /Users/bilalmac2/git_repo/warn/docs/charts/3_rolling_trend.html
2026-05-03 06:00:22,084 [INFO] Chart 4: Top-25 companies …
2026-05-03 06:00:22,111 [INFO] TemporaryDirectory.cleanup() worked.
2026-05-03 06:00:22,111 [INFO] shutil.rmtree worked.
2026-05-03 06:00:22,111 [INFO] TemporaryDirectory.cleanup() worked.
2026-05-03 06:00:22,111 [INFO] shutil.rmtree worked.
2026-05-03 06:00:22,137 [INFO] Chromium init'ed with kwargs {}
2026-05-03 06:00:22,138 [INFO] Found chromium path: /Applications/Google Chrome.app/Contents/MacOS/Google Chrome
2026-05-03 06:00:22,139 [INFO] Temp directory created: /var/folders/2l/_mqykd2n143bpj9ts872cs5m0000gn/T/tmpe8qv0mnr.
2026-05-03 06:00:22,140 [INFO] Opening browser.
2026-05-03 06:00:22,141 [INFO] Temp directory created: /var/folders/2l/_mqykd2n143bpj9ts872cs5m0000gn/T/tmpz0fzdbb9.
2026-05-03 06:00:22,141 [INFO] Temporary directory at: /var/folders/2l/_mqykd2n143bpj9ts872cs5m0000gn/T/tmpz0fzdbb9
2026-05-03 06:00:23,749 [INFO] Conforming 1 to file:///var/folders/2l/_mqykd2n143bpj9ts872cs5m0000gn/T/tmpe8qv0mnr/index.html
2026-05-03 06:00:23,759 [INFO] Waiting on all navigates
2026-05-03 06:00:25,365 [INFO] All navigates done, putting them all in queue.
2026-05-03 06:00:25,367 [INFO] Getting tab from queue (has 1)
2026-05-03 06:00:25,367 [INFO] Got D61B
2026-05-03 06:00:25,368 [INFO] Processing bTop_25_Filtered_Companies_by_Total_Employees_Affectedb.png
2026-05-03 06:00:25,368 [INFO] Sending big command for bTop_25_Filtered_Companies_by_Total_Employees_Affectedb.png.
2026-05-03 06:00:25,620 [INFO] Sent big command for bTop_25_Filtered_Companies_by_Total_Employees_Affectedb.png.
2026-05-03 06:00:25,625 [INFO] Reloading tab D61B before return.
2026-05-03 06:00:25,774 [INFO] Putting tab D61B back (queue size: 0).
2026-05-03 06:00:25,774 [INFO] Waiting for all cleanups to finish.
2026-05-03 06:00:25,774 [INFO] Exiting Kaleido
2026-05-03 06:00:25,774 [INFO] Closing browser.
2026-05-03 06:00:25,778 [INFO] Closing browser.
2026-05-03 06:00:25,779 [INFO] TemporaryDirectory.cleanup() worked.
2026-05-03 06:00:25,781 [INFO] shutil.rmtree worked.
2026-05-03 06:00:25,781 [INFO] Cancelling tasks.
2026-05-03 06:00:25,781 [INFO] Exiting Kaleido/Choreo
2026-05-03 06:00:26,165 [INFO] TemporaryDirectory.cleanup() worked.
2026-05-03 06:00:26,165 [INFO] shutil.rmtree worked.
2026-05-03 06:00:26,165 [INFO] TemporaryDirectory.cleanup() worked.
2026-05-03 06:00:26,166 [INFO] shutil.rmtree worked.
2026-05-03 06:00:26,166 [INFO] Cancelling tasks.
2026-05-03 06:00:26,166 [INFO] Exiting Kaleido/Choreo
2026-05-03 06:00:26,168 [INFO]   → PNG: /Users/bilalmac2/git_repo/warn/docs/charts/4_top_companies.png
2026-05-03 06:00:26,169 [INFO]   → HTML div: /Users/bilalmac2/git_repo/warn/docs/charts/4_top_companies.html
2026-05-03 06:00:26,169 [INFO] Chart 5: County heatmap …
2026-05-03 06:00:26,240 [INFO] Chromium init'ed with kwargs {}
2026-05-03 06:00:26,241 [INFO] Found chromium path: /Applications/Google Chrome.app/Contents/MacOS/Google Chrome
2026-05-03 06:00:26,242 [INFO] Temp directory created: /var/folders/2l/_mqykd2n143bpj9ts872cs5m0000gn/T/tmpix9nzto9.
2026-05-03 06:00:26,243 [INFO] Opening browser.
2026-05-03 06:00:26,244 [INFO] Temp directory created: /var/folders/2l/_mqykd2n143bpj9ts872cs5m0000gn/T/tmprjhkrxhd.
2026-05-03 06:00:26,244 [INFO] Temporary directory at: /var/folders/2l/_mqykd2n143bpj9ts872cs5m0000gn/T/tmprjhkrxhd
2026-05-03 06:00:27,851 [INFO] Conforming 1 to file:///var/folders/2l/_mqykd2n143bpj9ts872cs5m0000gn/T/tmpix9nzto9/index.html
2026-05-03 06:00:27,870 [INFO] Waiting on all navigates
2026-05-03 06:00:29,465 [INFO] All navigates done, putting them all in queue.
2026-05-03 06:00:29,467 [INFO] Getting tab from queue (has 1)
2026-05-03 06:00:29,467 [INFO] Got F47C
2026-05-03 06:00:29,467 [INFO] Processing bCounty__Month_Heatmap__Employees_Affectedb.png
2026-05-03 06:00:29,467 [INFO] Sending big command for bCounty__Month_Heatmap__Employees_Affectedb.png.
2026-05-03 06:00:29,702 [INFO] Sent big command for bCounty__Month_Heatmap__Employees_Affectedb.png.
2026-05-03 06:00:29,705 [INFO] Reloading tab F47C before return.
2026-05-03 06:00:29,837 [INFO] Putting tab F47C back (queue size: 0).
2026-05-03 06:00:29,837 [INFO] Waiting for all cleanups to finish.
2026-05-03 06:00:29,838 [INFO] Exiting Kaleido
2026-05-03 06:00:29,838 [INFO] Closing browser.
2026-05-03 06:00:29,841 [INFO] Closing browser.
2026-05-03 06:00:29,852 [INFO] TemporaryDirectory.cleanup() worked.
2026-05-03 06:00:29,853 [INFO] shutil.rmtree worked.
2026-05-03 06:00:29,853 [INFO] Cancelling tasks.
2026-05-03 06:00:29,853 [INFO] Exiting Kaleido/Choreo
2026-05-03 06:00:30,300 [INFO] TemporaryDirectory.cleanup() worked.
2026-05-03 06:00:30,300 [INFO] shutil.rmtree worked.
2026-05-03 06:00:30,318 [INFO] TemporaryDirectory.cleanup() worked.
2026-05-03 06:00:30,318 [INFO] shutil.rmtree worked.
2026-05-03 06:00:30,319 [INFO] Cancelling tasks.
2026-05-03 06:00:30,319 [INFO] Exiting Kaleido/Choreo
2026-05-03 06:00:30,341 [INFO]   → PNG: /Users/bilalmac2/git_repo/warn/docs/charts/5_county_heatmap.png
2026-05-03 06:00:30,341 [INFO]   → HTML div: /Users/bilalmac2/git_repo/warn/docs/charts/5_county_heatmap.html
2026-05-03 06:00:30,342 [INFO] Chart 6: Treemap …
2026-05-03 06:00:30,394 [INFO] TemporaryDirectory.cleanup() worked.
2026-05-03 06:00:30,395 [INFO] shutil.rmtree worked.
2026-05-03 06:00:30,502 [INFO] TemporaryDirectory.cleanup() worked.
2026-05-03 06:00:30,502 [INFO] shutil.rmtree worked.
2026-05-03 06:00:30,670 [INFO] Chromium init'ed with kwargs {}
2026-05-03 06:00:30,671 [INFO] Found chromium path: /Applications/Google Chrome.app/Contents/MacOS/Google Chrome
2026-05-03 06:00:30,672 [INFO] Temp directory created: /var/folders/2l/_mqykd2n143bpj9ts872cs5m0000gn/T/tmpajaoj5l2.
2026-05-03 06:00:30,673 [INFO] Opening browser.
2026-05-03 06:00:30,674 [INFO] Temp directory created: /var/folders/2l/_mqykd2n143bpj9ts872cs5m0000gn/T/tmpdbo7dyfn.
2026-05-03 06:00:30,674 [INFO] Temporary directory at: /var/folders/2l/_mqykd2n143bpj9ts872cs5m0000gn/T/tmpdbo7dyfn
2026-05-03 06:00:32,368 [INFO] Conforming 1 to file:///var/folders/2l/_mqykd2n143bpj9ts872cs5m0000gn/T/tmpajaoj5l2/index.html
2026-05-03 06:00:32,382 [INFO] Waiting on all navigates
2026-05-03 06:00:33,885 [INFO] All navigates done, putting them all in queue.
2026-05-03 06:00:33,888 [INFO] Getting tab from queue (has 1)
2026-05-03 06:00:33,888 [INFO] Got 9A31
2026-05-03 06:00:33,888 [INFO] Processing bLayoff_Treemap__Company_Size_by_Employees_Affectedb.png
2026-05-03 06:00:33,889 [INFO] Sending big command for bLayoff_Treemap__Company_Size_by_Employees_Affectedb.png.
2026-05-03 06:00:34,376 [INFO] Sent big command for bLayoff_Treemap__Company_Size_by_Employees_Affectedb.png.
2026-05-03 06:00:34,381 [INFO] Reloading tab 9A31 before return.
2026-05-03 06:00:34,574 [INFO] Putting tab 9A31 back (queue size: 0).
2026-05-03 06:00:34,575 [INFO] Waiting for all cleanups to finish.
2026-05-03 06:00:34,575 [INFO] Exiting Kaleido
2026-05-03 06:00:34,575 [INFO] Closing browser.
2026-05-03 06:00:34,595 [INFO] Closing browser.
2026-05-03 06:00:34,598 [INFO] TemporaryDirectory.cleanup() worked.
2026-05-03 06:00:34,601 [INFO] shutil.rmtree worked.
2026-05-03 06:00:34,602 [INFO] Cancelling tasks.
2026-05-03 06:00:34,603 [INFO] Exiting Kaleido/Choreo
2026-05-03 06:00:35,004 [INFO] TemporaryDirectory.cleanup() worked.
2026-05-03 06:00:35,004 [INFO] shutil.rmtree worked.
2026-05-03 06:00:35,004 [INFO] TemporaryDirectory.cleanup() worked.
2026-05-03 06:00:35,004 [INFO] shutil.rmtree worked.
2026-05-03 06:00:35,004 [INFO] Cancelling tasks.
2026-05-03 06:00:35,004 [INFO] Exiting Kaleido/Choreo
2026-05-03 06:00:35,008 [INFO]   → PNG: /Users/bilalmac2/git_repo/warn/docs/charts/6_treemap.png
2026-05-03 06:00:35,008 [INFO]   → HTML div: /Users/bilalmac2/git_repo/warn/docs/charts/6_treemap.html
2026-05-03 06:00:35,008 [INFO] Chart 7: Year-over-year bar …
2026-05-03 06:00:35,082 [INFO] Chromium init'ed with kwargs {}
2026-05-03 06:00:35,082 [INFO] Found chromium path: /Applications/Google Chrome.app/Contents/MacOS/Google Chrome
2026-05-03 06:00:35,083 [INFO] Temp directory created: /var/folders/2l/_mqykd2n143bpj9ts872cs5m0000gn/T/tmp2q5xyvtf.
2026-05-03 06:00:35,084 [INFO] Opening browser.
2026-05-03 06:00:35,085 [INFO] Temp directory created: /var/folders/2l/_mqykd2n143bpj9ts872cs5m0000gn/T/tmpe1z22fw2.
2026-05-03 06:00:35,085 [INFO] Temporary directory at: /var/folders/2l/_mqykd2n143bpj9ts872cs5m0000gn/T/tmpe1z22fw2
2026-05-03 06:00:35,086 [INFO] TemporaryDirectory.cleanup() worked.
2026-05-03 06:00:35,087 [INFO] shutil.rmtree worked.
2026-05-03 06:00:36,772 [INFO] Conforming 1 to file:///var/folders/2l/_mqykd2n143bpj9ts872cs5m0000gn/T/tmp2q5xyvtf/index.html
2026-05-03 06:00:36,786 [INFO] Waiting on all navigates
2026-05-03 06:00:38,257 [INFO] All navigates done, putting them all in queue.
2026-05-03 06:00:38,259 [INFO] Getting tab from queue (has 1)
2026-05-03 06:00:38,260 [INFO] Got EECC
2026-05-03 06:00:38,260 [INFO] Processing bYear_over_Year__Employees_Affected__Notice_Count_2014Presentb.png
2026-05-03 06:00:38,260 [INFO] Sending big command for bYear_over_Year__Employees_Affected__Notice_Count_2014Presentb.png.
2026-05-03 06:00:38,511 [INFO] Sent big command for bYear_over_Year__Employees_Affected__Notice_Count_2014Presentb.png.
2026-05-03 06:00:38,514 [INFO] Reloading tab EECC before return.
2026-05-03 06:00:38,648 [INFO] Putting tab EECC back (queue size: 0).
2026-05-03 06:00:38,648 [INFO] Waiting for all cleanups to finish.
2026-05-03 06:00:38,648 [INFO] Exiting Kaleido
2026-05-03 06:00:38,648 [INFO] Closing browser.
2026-05-03 06:00:38,676 [INFO] Closing browser.
2026-05-03 06:00:38,677 [INFO] TemporaryDirectory.cleanup() worked.
2026-05-03 06:00:38,677 [INFO] shutil.rmtree worked.
2026-05-03 06:00:38,677 [INFO] Cancelling tasks.
2026-05-03 06:00:38,677 [INFO] Exiting Kaleido/Choreo
2026-05-03 06:00:39,181 [INFO] TemporaryDirectory.cleanup() worked.
2026-05-03 06:00:39,181 [INFO] shutil.rmtree worked.
2026-05-03 06:00:39,181 [INFO] TemporaryDirectory.cleanup() worked.
2026-05-03 06:00:39,182 [INFO] shutil.rmtree worked.
2026-05-03 06:00:39,182 [INFO] Cancelling tasks.
2026-05-03 06:00:39,182 [INFO] Exiting Kaleido/Choreo
2026-05-03 06:00:39,184 [INFO]   → PNG: /Users/bilalmac2/git_repo/warn/docs/charts/7_yoy_bar.png
2026-05-03 06:00:39,184 [INFO]   → HTML div: /Users/bilalmac2/git_repo/warn/docs/charts/7_yoy_bar.html
2026-05-03 06:00:39,185 [INFO] Chart 8: Multi-year trend …
/Users/bilalmac2/git_repo/warn/warn_charts.py:593: UserWarning: Could not infer format, so each element will be parsed individually, falling back to `dateutil`. To ensure parsing is consistent and as-expected, please specify a format.
  df_all["effective_date"] = pd.to_datetime(df_all["effective_date"], errors="coerce")
2026-05-03 06:00:39,355 [INFO] Chromium init'ed with kwargs {}
2026-05-03 06:00:39,356 [INFO] Found chromium path: /Applications/Google Chrome.app/Contents/MacOS/Google Chrome
2026-05-03 06:00:39,357 [INFO] Temp directory created: /var/folders/2l/_mqykd2n143bpj9ts872cs5m0000gn/T/tmpx9gvsgxy.
2026-05-03 06:00:39,357 [INFO] Opening browser.
2026-05-03 06:00:39,358 [INFO] Temp directory created: /var/folders/2l/_mqykd2n143bpj9ts872cs5m0000gn/T/tmp8w5dyv48.
2026-05-03 06:00:39,358 [INFO] Temporary directory at: /var/folders/2l/_mqykd2n143bpj9ts872cs5m0000gn/T/tmp8w5dyv48
2026-05-03 06:00:41,121 [INFO] Conforming 1 to file:///var/folders/2l/_mqykd2n143bpj9ts872cs5m0000gn/T/tmpx9gvsgxy/index.html
2026-05-03 06:00:41,134 [INFO] Waiting on all navigates
2026-05-03 06:00:42,627 [INFO] All navigates done, putting them all in queue.
2026-05-03 06:00:42,630 [INFO] Getting tab from queue (has 1)
2026-05-03 06:00:42,631 [INFO] Got 1F23
2026-05-03 06:00:42,631 [INFO] Processing bMulti_Year_Monthly_Comparison__Employees_Affected_by_Monthb.png
2026-05-03 06:00:42,632 [INFO] Sending big command for bMulti_Year_Monthly_Comparison__Employees_Affected_by_Monthb.png.
2026-05-03 06:00:42,860 [INFO] Sent big command for bMulti_Year_Monthly_Comparison__Employees_Affected_by_Monthb.png.
2026-05-03 06:00:42,866 [INFO] Reloading tab 1F23 before return.
2026-05-03 06:00:43,000 [INFO] Putting tab 1F23 back (queue size: 0).
2026-05-03 06:00:43,000 [INFO] Waiting for all cleanups to finish.
2026-05-03 06:00:43,000 [INFO] Exiting Kaleido
2026-05-03 06:00:43,000 [INFO] Closing browser.
2026-05-03 06:00:43,005 [INFO] Closing browser.
2026-05-03 06:00:43,006 [INFO] TemporaryDirectory.cleanup() worked.
2026-05-03 06:00:43,006 [INFO] shutil.rmtree worked.
2026-05-03 06:00:43,006 [INFO] Cancelling tasks.
2026-05-03 06:00:43,006 [INFO] Exiting Kaleido/Choreo
2026-05-03 06:00:43,273 [INFO] TemporaryDirectory.cleanup() worked.
2026-05-03 06:00:43,274 [INFO] shutil.rmtree worked.
2026-05-03 06:00:43,274 [INFO] TemporaryDirectory.cleanup() worked.
2026-05-03 06:00:43,275 [INFO] shutil.rmtree worked.
2026-05-03 06:00:43,275 [INFO] Cancelling tasks.
2026-05-03 06:00:43,275 [INFO] Exiting Kaleido/Choreo
2026-05-03 06:00:43,277 [INFO]   → PNG: /Users/bilalmac2/git_repo/warn/docs/charts/8_multiyear_trend.png
2026-05-03 06:00:43,277 [INFO]   → HTML div: /Users/bilalmac2/git_repo/warn/docs/charts/8_multiyear_trend.html
2026-05-03 06:00:43,278 [INFO] Chart 9: Industry breakdown …
2026-05-03 06:00:43,339 [INFO] Chromium init'ed with kwargs {}
2026-05-03 06:00:43,340 [INFO] Found chromium path: /Applications/Google Chrome.app/Contents/MacOS/Google Chrome
2026-05-03 06:00:43,341 [INFO] Temp directory created: /var/folders/2l/_mqykd2n143bpj9ts872cs5m0000gn/T/tmp6pxn8bv7.
2026-05-03 06:00:43,341 [INFO] Opening browser.
2026-05-03 06:00:43,342 [INFO] Temp directory created: /var/folders/2l/_mqykd2n143bpj9ts872cs5m0000gn/T/tmpb_xy16bi.
2026-05-03 06:00:43,343 [INFO] Temporary directory at: /var/folders/2l/_mqykd2n143bpj9ts872cs5m0000gn/T/tmpb_xy16bi
2026-05-03 06:00:44,916 [INFO] Conforming 1 to file:///var/folders/2l/_mqykd2n143bpj9ts872cs5m0000gn/T/tmp6pxn8bv7/index.html
2026-05-03 06:00:44,919 [INFO] Waiting on all navigates
2026-05-03 06:00:46,420 [INFO] All navigates done, putting them all in queue.
2026-05-03 06:00:46,421 [INFO] Getting tab from queue (has 1)
2026-05-03 06:00:46,421 [INFO] Got D7CB
2026-05-03 06:00:46,422 [INFO] Processing bEmployees_Affected_by_Industry_Sectorb.png
2026-05-03 06:00:46,422 [INFO] Sending big command for bEmployees_Affected_by_Industry_Sectorb.png.
2026-05-03 06:00:46,635 [INFO] Sent big command for bEmployees_Affected_by_Industry_Sectorb.png.
2026-05-03 06:00:46,639 [INFO] Reloading tab D7CB before return.
2026-05-03 06:00:46,776 [INFO] Putting tab D7CB back (queue size: 0).
2026-05-03 06:00:46,777 [INFO] Waiting for all cleanups to finish.
2026-05-03 06:00:46,777 [INFO] Exiting Kaleido
2026-05-03 06:00:46,777 [INFO] Closing browser.
2026-05-03 06:00:46,782 [INFO] Closing browser.
2026-05-03 06:00:46,784 [INFO] TemporaryDirectory.cleanup() worked.
2026-05-03 06:00:46,785 [INFO] shutil.rmtree worked.
2026-05-03 06:00:46,785 [INFO] Cancelling tasks.
2026-05-03 06:00:46,785 [INFO] Exiting Kaleido/Choreo
2026-05-03 06:00:47,180 [INFO] TemporaryDirectory.cleanup() worked.
2026-05-03 06:00:47,180 [INFO] shutil.rmtree worked.
2026-05-03 06:00:47,181 [INFO] TemporaryDirectory.cleanup() worked.
2026-05-03 06:00:47,181 [INFO] shutil.rmtree worked.
2026-05-03 06:00:47,181 [INFO] Cancelling tasks.
2026-05-03 06:00:47,181 [INFO] Exiting Kaleido/Choreo
2026-05-03 06:00:47,184 [INFO]   → PNG: /Users/bilalmac2/git_repo/warn/docs/charts/9_industry_breakdown.png
2026-05-03 06:00:47,184 [INFO]   → HTML div: /Users/bilalmac2/git_repo/warn/docs/charts/9_industry_breakdown.html
2026-05-03 06:00:47,184 [INFO] Chart 10: Lead time histogram …
2026-05-03 06:00:47,211 [INFO] TemporaryDirectory.cleanup() worked.
2026-05-03 06:00:47,212 [INFO] shutil.rmtree worked.
2026-05-03 06:00:47,212 [INFO] TemporaryDirectory.cleanup() worked.
2026-05-03 06:00:47,212 [INFO] shutil.rmtree worked.
2026-05-03 06:00:47,291 [INFO] Chromium init'ed with kwargs {}
2026-05-03 06:00:47,292 [INFO] Found chromium path: /Applications/Google Chrome.app/Contents/MacOS/Google Chrome
2026-05-03 06:00:47,292 [INFO] Temp directory created: /var/folders/2l/_mqykd2n143bpj9ts872cs5m0000gn/T/tmpg70m7dry.
2026-05-03 06:00:47,293 [INFO] Opening browser.
2026-05-03 06:00:47,294 [INFO] Temp directory created: /var/folders/2l/_mqykd2n143bpj9ts872cs5m0000gn/T/tmp9ehlfuys.
2026-05-03 06:00:47,294 [INFO] Temporary directory at: /var/folders/2l/_mqykd2n143bpj9ts872cs5m0000gn/T/tmp9ehlfuys
2026-05-03 06:00:48,805 [INFO] Conforming 1 to file:///var/folders/2l/_mqykd2n143bpj9ts872cs5m0000gn/T/tmpg70m7dry/index.html
2026-05-03 06:00:48,806 [INFO] Waiting on all navigates
2026-05-03 06:00:50,230 [INFO] All navigates done, putting them all in queue.
2026-05-03 06:00:50,232 [INFO] Getting tab from queue (has 1)
2026-05-03 06:00:50,232 [INFO] Got 8EBD
2026-05-03 06:00:50,233 [INFO] Processing bNotice_Lead_Time_Distribution__73_Filed_60_Days_in_Advanceb.png
2026-05-03 06:00:50,233 [INFO] Sending big command for bNotice_Lead_Time_Distribution__73_Filed_60_Days_in_Advanceb.png.
2026-05-03 06:00:50,394 [INFO] Sent big command for bNotice_Lead_Time_Distribution__73_Filed_60_Days_in_Advanceb.png.
2026-05-03 06:00:50,396 [INFO] Reloading tab 8EBD before return.
2026-05-03 06:00:50,518 [INFO] Putting tab 8EBD back (queue size: 0).
2026-05-03 06:00:50,518 [INFO] Waiting for all cleanups to finish.
2026-05-03 06:00:50,518 [INFO] Exiting Kaleido
2026-05-03 06:00:50,518 [INFO] Closing browser.
2026-05-03 06:00:50,522 [INFO] Closing browser.
2026-05-03 06:00:50,524 [INFO] TemporaryDirectory.cleanup() worked.
2026-05-03 06:00:50,525 [INFO] shutil.rmtree worked.
2026-05-03 06:00:50,525 [INFO] Cancelling tasks.
2026-05-03 06:00:50,525 [INFO] Exiting Kaleido/Choreo
2026-05-03 06:00:50,820 [INFO] TemporaryDirectory.cleanup() worked.
2026-05-03 06:00:50,821 [INFO] shutil.rmtree worked.
2026-05-03 06:00:50,821 [INFO] TemporaryDirectory.cleanup() worked.
2026-05-03 06:00:50,822 [INFO] shutil.rmtree worked.
2026-05-03 06:00:50,822 [INFO] Cancelling tasks.
2026-05-03 06:00:50,822 [INFO] Exiting Kaleido/Choreo
2026-05-03 06:00:50,825 [INFO]   → PNG: /Users/bilalmac2/git_repo/warn/docs/charts/10_lead_time.png
2026-05-03 06:00:50,825 [INFO]   → HTML div: /Users/bilalmac2/git_repo/warn/docs/charts/10_lead_time.html
2026-05-03 06:00:50,826 [INFO] Chart 11: County bar …
2026-05-03 06:00:50,887 [INFO] Chromium init'ed with kwargs {}
2026-05-03 06:00:50,888 [INFO] Found chromium path: /Applications/Google Chrome.app/Contents/MacOS/Google Chrome
2026-05-03 06:00:50,888 [INFO] Temp directory created: /var/folders/2l/_mqykd2n143bpj9ts872cs5m0000gn/T/tmp9b8f9drk.
2026-05-03 06:00:50,889 [INFO] Opening browser.
2026-05-03 06:00:50,890 [INFO] Temp directory created: /var/folders/2l/_mqykd2n143bpj9ts872cs5m0000gn/T/tmpwcd1x9yy.
2026-05-03 06:00:50,890 [INFO] Temporary directory at: /var/folders/2l/_mqykd2n143bpj9ts872cs5m0000gn/T/tmpwcd1x9yy
2026-05-03 06:00:52,580 [INFO] Conforming 1 to file:///var/folders/2l/_mqykd2n143bpj9ts872cs5m0000gn/T/tmp9b8f9drk/index.html
2026-05-03 06:00:52,594 [INFO] Waiting on all navigates
2026-05-03 06:00:54,377 [INFO] All navigates done, putting them all in queue.
2026-05-03 06:00:54,379 [INFO] Getting tab from queue (has 1)
2026-05-03 06:00:54,380 [INFO] Got BDA0
2026-05-03 06:00:54,380 [INFO] Processing bTop_10_Counties_by_Employees_Affectedb.png
2026-05-03 06:00:54,380 [INFO] Sending big command for bTop_10_Counties_by_Employees_Affectedb.png.
2026-05-03 06:00:54,585 [INFO] Sent big command for bTop_10_Counties_by_Employees_Affectedb.png.
2026-05-03 06:00:54,587 [INFO] Reloading tab BDA0 before return.
2026-05-03 06:00:54,725 [INFO] Putting tab BDA0 back (queue size: 0).
2026-05-03 06:00:54,726 [INFO] Waiting for all cleanups to finish.
2026-05-03 06:00:54,726 [INFO] Exiting Kaleido
2026-05-03 06:00:54,726 [INFO] Closing browser.
2026-05-03 06:00:54,732 [INFO] Closing browser.
2026-05-03 06:00:54,733 [INFO] TemporaryDirectory.cleanup() worked.
2026-05-03 06:00:54,733 [INFO] shutil.rmtree worked.
2026-05-03 06:00:54,733 [INFO] Cancelling tasks.
2026-05-03 06:00:54,733 [INFO] Exiting Kaleido/Choreo
2026-05-03 06:00:55,067 [INFO] TemporaryDirectory.cleanup() worked.
2026-05-03 06:00:55,068 [INFO] shutil.rmtree worked.
2026-05-03 06:00:55,068 [INFO] TemporaryDirectory.cleanup() worked.
2026-05-03 06:00:55,068 [INFO] shutil.rmtree worked.
2026-05-03 06:00:55,068 [INFO] Cancelling tasks.
2026-05-03 06:00:55,069 [INFO] Exiting Kaleido/Choreo
2026-05-03 06:00:55,071 [INFO]   → PNG: /Users/bilalmac2/git_repo/warn/docs/charts/11_county_bar.png
2026-05-03 06:00:55,071 [INFO]   → HTML div: /Users/bilalmac2/git_repo/warn/docs/charts/11_county_bar.html
2026-05-03 06:00:55,072 [INFO] Charts complete.
2026-05-03 06:00:55,076 [INFO] Step 5/5: Building site …
2026-05-03 06:00:55,077 [INFO] Building index.html …
2026-05-03 06:00:55,141 [INFO] Site built → /Users/bilalmac2/git_repo/warn/docs/index.html
2026-05-03 06:00:55,142 [INFO] Git push …
2026-05-03 06:00:55,142 [INFO] Staging changes …
2026-05-03 06:00:55,350 [INFO] Committing: auto: WARN update 2026-05-03 13:00 UTC
2026-05-03 06:00:55,479 [INFO] Pushing to origin/main …
2026-05-03 06:00:56,140 [WARNING] git push origin main stderr: To https://github.com/bilalahamad0/warn.git
 ! [rejected]        main -> main (fetch first)
error: failed to push some refs to 'https://github.com/bilalahamad0/warn.git'
hint: Updates were rejected because the remote contains work that you do not
hint: have locally. This is usually caused by another repository pushing to
hint: the same ref. If you want to integrate the remote changes, use
hint: 'git pull' before pushing again.
hint: See the 'Note about fast-forwards' in 'git push --help' for details.
2026-05-03 06:00:56,177 [ERROR] ✗ Push failed — check GITHUB_TOKEN and repo permissions.
2026-05-03 06:00:56,178 [INFO] ✓ Publisher complete.
2026-05-03 06:00:56,245 [INFO] TemporaryDirectory.cleanup() worked.
2026-05-03 06:00:56,245 [INFO] shutil.rmtree worked.
2026-05-03 06:00:56,245 [INFO] TemporaryDirectory.cleanup() worked.
2026-05-03 06:00:56,246 [INFO] shutil.rmtree worked.
2026-05-03 06:00:56,246 [INFO] TemporaryDirectory.cleanup() worked.
2026-05-03 06:00:56,246 [INFO] shutil.rmtree worked.
2026-05-03 06:00:56,246 [INFO] TemporaryDirectory.cleanup() worked.
2026-05-03 06:00:56,246 [INFO] shutil.rmtree worked.
/Users/bilalmac2/Library/Python/3.9/lib/python/site-packages/urllib3/__init__.py:34: NotOpenSSLWarning: urllib3 v2.0 only supports OpenSSL 1.1.1+, currently the 'ssl' module is compiled with 'LibreSSL 2.8.3'. See: https://github.com/urllib3/urllib3/issues/3020
  warnings.warn(
2026-05-03 18:00:06,894 [INFO] ======================================================================
2026-05-03 18:00:06,894 [INFO] WARN Publisher — 2026-05-04T01:00:06.894319+00:00Z
2026-05-03 18:00:06,894 [INFO] ======================================================================
2026-05-03 18:00:06,894 [INFO] Step 1/5: Running monitor …
2026-05-03 18:00:06,894 [INFO] ============================================================
2026-05-03 18:00:06,894 [INFO] WARN Monitor — 2026-05-04T01:00:06.894788+00:00Z
2026-05-03 18:00:06,894 [INFO] ============================================================
2026-05-03 18:00:06,895 [INFO] Requesting WARN XLSX from EDD …
2026-05-03 18:00:07,110 [INFO] EDD server: 304 Not Modified — data unchanged.
2026-05-03 18:00:07,112 [INFO] Parsing /Users/bilalmac2/git_repo/warn/file.xlsx …
2026-05-03 18:00:07,391 [INFO] Available sheets: ['Index', 'WARN Report Summary', 'Detailed WARN Report ', 'Call Center Relocations Summary', 'Call Center Relocations Report', 'Industry List']
2026-05-03 18:00:07,391 [INFO] Using sheet: 'Detailed WARN Report '
/Users/bilalmac2/Library/Python/3.9/lib/python/site-packages/openpyxl/worksheet/_reader.py:329: UserWarning: Data Validation extension is not supported and will be removed
  warn(msg)
2026-05-03 18:00:07,599 [INFO] Detailed sheet columns: ['County/Parish', 'Notice\nDate', 'Processed\nDate', 'Effective \nDate', 'Company', 'Layoff/\nClosure', 'No. Of\nEmployees', 'Address', 'Related Industry']
2026-05-03 18:00:07,804 [INFO] Parsed 1224 WARN records spanning 2025-01-05 → 2026-12-30
2026-05-03 18:00:07,821 [INFO] No data changes detected.
2026-05-03 18:00:07,855 [INFO] Saved 1224 records to /Users/bilalmac2/git_repo/warn/data/warn_latest.json
2026-05-03 18:00:07,855 [INFO] Monitor run complete.
2026-05-03 18:00:07,855 [INFO] Step 2/5: Generating diff report …
2026-05-03 18:00:08,093 [INFO] Step 3/5: Updating historical data …
2026-05-03 18:00:08,093 [INFO] Year 2014: already parsed — skipping (use --force to re-parse)
2026-05-03 18:00:08,093 [INFO] Year 2015: already parsed — skipping (use --force to re-parse)
2026-05-03 18:00:08,093 [INFO] Year 2016: already parsed — skipping (use --force to re-parse)
2026-05-03 18:00:08,093 [INFO] Year 2017: already parsed — skipping (use --force to re-parse)
2026-05-03 18:00:08,093 [INFO] Year 2018: already parsed — skipping (use --force to re-parse)
2026-05-03 18:00:08,093 [INFO] Year 2019: already parsed — skipping (use --force to re-parse)
2026-05-03 18:00:08,093 [INFO] Year 2020: already parsed — skipping (use --force to re-parse)
2026-05-03 18:00:08,093 [INFO] Year 2021: already parsed — skipping (use --force to re-parse)
2026-05-03 18:00:08,093 [INFO] Year 2022: already parsed — skipping (use --force to re-parse)
2026-05-03 18:00:08,093 [INFO] Year 2023: already parsed — skipping (use --force to re-parse)
2026-05-03 18:00:08,094 [INFO] Year 2024: already parsed — skipping (use --force to re-parse)
2026-05-03 18:00:08,126 [INFO] Combined dataset: 1,525 records across 12 years
2026-05-03 18:00:08,126 [INFO] Step 4/5: Generating charts …
2026-05-03 18:00:08,161 [INFO] Loaded 1224 records for charting.
2026-05-03 18:00:08,167 [INFO] Historical data: 1,525 records across 12 years
2026-05-03 18:00:08,167 [INFO] Chart 1: Timeline scatter …
2026-05-03 18:00:09,451 [INFO] Chromium init'ed with kwargs {}
2026-05-03 18:00:09,463 [INFO] Found chromium path: /Applications/Google Chrome.app/Contents/MacOS/Google Chrome
2026-05-03 18:00:09,465 [INFO] Temp directory created: /var/folders/2l/_mqykd2n143bpj9ts872cs5m0000gn/T/tmpyg6eubqz.
2026-05-03 18:00:09,466 [INFO] Opening browser.
2026-05-03 18:00:09,466 [INFO] Temp directory created: /var/folders/2l/_mqykd2n143bpj9ts872cs5m0000gn/T/tmp59byfswd.
2026-05-03 18:00:09,467 [INFO] Temporary directory at: /var/folders/2l/_mqykd2n143bpj9ts872cs5m0000gn/T/tmp59byfswd
2026-05-03 18:00:10,858 [INFO] Conforming 1 to file:///var/folders/2l/_mqykd2n143bpj9ts872cs5m0000gn/T/tmpyg6eubqz/index.html
2026-05-03 18:00:10,874 [INFO] Waiting on all navigates
2026-05-03 18:00:12,602 [INFO] All navigates done, putting them all in queue.
2026-05-03 18:00:12,603 [INFO] Getting tab from queue (has 1)
2026-05-03 18:00:12,603 [INFO] Got A2A9
2026-05-03 18:00:12,603 [INFO] Processing bWARN_Notices__Employees_by_Effective_Dateb.png
2026-05-03 18:00:12,603 [INFO] Sending big command for bWARN_Notices__Employees_by_Effective_Dateb.png.
2026-05-03 18:00:15,392 [INFO] Sent big command for bWARN_Notices__Employees_by_Effective_Dateb.png.
2026-05-03 18:00:15,401 [INFO] Reloading tab A2A9 before return.
2026-05-03 18:00:15,647 [INFO] Putting tab A2A9 back (queue size: 0).
2026-05-03 18:00:15,647 [INFO] Waiting for all cleanups to finish.
2026-05-03 18:00:15,647 [INFO] Exiting Kaleido
2026-05-03 18:00:15,647 [INFO] Closing browser.
2026-05-03 18:00:15,651 [INFO] Closing browser.
2026-05-03 18:00:15,653 [INFO] TemporaryDirectory.cleanup() worked.
2026-05-03 18:00:15,655 [INFO] shutil.rmtree worked.
2026-05-03 18:00:15,655 [INFO] Cancelling tasks.
2026-05-03 18:00:15,655 [INFO] Exiting Kaleido/Choreo
2026-05-03 18:00:16,063 [INFO] TemporaryDirectory.cleanup() worked.
2026-05-03 18:00:16,063 [INFO] shutil.rmtree worked.
2026-05-03 18:00:16,063 [INFO] TemporaryDirectory.cleanup() worked.
2026-05-03 18:00:16,064 [INFO] shutil.rmtree worked.
2026-05-03 18:00:16,064 [INFO] Cancelling tasks.
2026-05-03 18:00:16,064 [INFO] Exiting Kaleido/Choreo
2026-05-03 18:00:16,066 [INFO]   → PNG: /Users/bilalmac2/git_repo/warn/docs/charts/1_timeline_scatter.png
2026-05-03 18:00:16,066 [INFO]   → HTML div: /Users/bilalmac2/git_repo/warn/docs/charts/1_timeline_scatter.html
2026-05-03 18:00:16,067 [INFO] Chart 2: Monthly bar chart …
2026-05-03 18:00:16,127 [INFO] Chromium init'ed with kwargs {}
2026-05-03 18:00:16,129 [INFO] Found chromium path: /Applications/Google Chrome.app/Contents/MacOS/Google Chrome
2026-05-03 18:00:16,129 [INFO] Temp directory created: /var/folders/2l/_mqykd2n143bpj9ts872cs5m0000gn/T/tmpm88tsjkh.
2026-05-03 18:00:16,130 [INFO] Opening browser.
2026-05-03 18:00:16,131 [INFO] Temp directory created: /var/folders/2l/_mqykd2n143bpj9ts872cs5m0000gn/T/tmpcda0k281.
2026-05-03 18:00:16,131 [INFO] Temporary directory at: /var/folders/2l/_mqykd2n143bpj9ts872cs5m0000gn/T/tmpcda0k281
2026-05-03 18:00:17,536 [INFO] Conforming 1 to file:///var/folders/2l/_mqykd2n143bpj9ts872cs5m0000gn/T/tmpm88tsjkh/index.html
2026-05-03 18:00:17,543 [INFO] Waiting on all navigates
2026-05-03 18:00:19,104 [INFO] All navigates done, putting them all in queue.
2026-05-03 18:00:19,106 [INFO] Getting tab from queue (has 1)
2026-05-03 18:00:19,106 [INFO] Got C3B8
2026-05-03 18:00:19,107 [INFO] Processing bMonthly_Layoffs__Total_Employees_Affectedb.png
2026-05-03 18:00:19,107 [INFO] Sending big command for bMonthly_Layoffs__Total_Employees_Affectedb.png.
2026-05-03 18:00:19,343 [INFO] Sent big command for bMonthly_Layoffs__Total_Employees_Affectedb.png.
2026-05-03 18:00:19,345 [INFO] Reloading tab C3B8 before return.
2026-05-03 18:00:19,490 [INFO] Putting tab C3B8 back (queue size: 0).
2026-05-03 18:00:19,490 [INFO] Waiting for all cleanups to finish.
2026-05-03 18:00:19,490 [INFO] Exiting Kaleido
2026-05-03 18:00:19,490 [INFO] Closing browser.
2026-05-03 18:00:19,494 [INFO] Closing browser.
2026-05-03 18:00:19,495 [INFO] TemporaryDirectory.cleanup() worked.
2026-05-03 18:00:19,495 [INFO] shutil.rmtree worked.
2026-05-03 18:00:19,495 [INFO] Cancelling tasks.
2026-05-03 18:00:19,495 [INFO] Exiting Kaleido/Choreo
2026-05-03 18:00:19,775 [INFO] TemporaryDirectory.cleanup() worked.
2026-05-03 18:00:19,775 [INFO] shutil.rmtree worked.
2026-05-03 18:00:19,775 [INFO] TemporaryDirectory.cleanup() worked.
2026-05-03 18:00:19,775 [INFO] shutil.rmtree worked.
2026-05-03 18:00:19,775 [INFO] Cancelling tasks.
2026-05-03 18:00:19,775 [INFO] Exiting Kaleido/Choreo
2026-05-03 18:00:19,776 [INFO]   → PNG: /Users/bilalmac2/git_repo/warn/docs/charts/2_monthly_bar.png
2026-05-03 18:00:19,776 [INFO]   → HTML div: /Users/bilalmac2/git_repo/warn/docs/charts/2_monthly_bar.html
2026-05-03 18:00:19,777 [INFO] Chart 3: Rolling trend …
2026-05-03 18:00:19,850 [INFO] Chromium init'ed with kwargs {}
2026-05-03 18:00:19,850 [INFO] Found chromium path: /Applications/Google Chrome.app/Contents/MacOS/Google Chrome
2026-05-03 18:00:19,851 [INFO] Temp directory created: /var/folders/2l/_mqykd2n143bpj9ts872cs5m0000gn/T/tmpf6e562qt.
2026-05-03 18:00:19,852 [INFO] Opening browser.
2026-05-03 18:00:19,852 [INFO] Temp directory created: /var/folders/2l/_mqykd2n143bpj9ts872cs5m0000gn/T/tmp6j38kx2i.
2026-05-03 18:00:19,852 [INFO] Temporary directory at: /var/folders/2l/_mqykd2n143bpj9ts872cs5m0000gn/T/tmp6j38kx2i
2026-05-03 18:00:21,229 [INFO] Conforming 1 to file:///var/folders/2l/_mqykd2n143bpj9ts872cs5m0000gn/T/tmpf6e562qt/index.html
2026-05-03 18:00:21,243 [INFO] Waiting on all navigates
2026-05-03 18:00:22,741 [INFO] All navigates done, putting them all in queue.
2026-05-03 18:00:22,742 [INFO] Getting tab from queue (has 1)
2026-05-03 18:00:22,742 [INFO] Got 43A4
2026-05-03 18:00:22,742 [INFO] Processing bLayoff_Trend__Daily_30_Day_Average__Cumulativeb.png
2026-05-03 18:00:22,742 [INFO] Sending big command for bLayoff_Trend__Daily_30_Day_Average__Cumulativeb.png.
2026-05-03 18:00:23,075 [INFO] Sent big command for bLayoff_Trend__Daily_30_Day_Average__Cumulativeb.png.
2026-05-03 18:00:23,079 [INFO] Reloading tab 43A4 before return.
2026-05-03 18:00:23,206 [INFO] Putting tab 43A4 back (queue size: 0).
2026-05-03 18:00:23,206 [INFO] Waiting for all cleanups to finish.
2026-05-03 18:00:23,206 [INFO] Exiting Kaleido
2026-05-03 18:00:23,206 [INFO] Closing browser.
2026-05-03 18:00:23,210 [INFO] Closing browser.
2026-05-03 18:00:23,211 [INFO] TemporaryDirectory.cleanup() worked.
2026-05-03 18:00:23,211 [INFO] shutil.rmtree worked.
2026-05-03 18:00:23,211 [INFO] Cancelling tasks.
2026-05-03 18:00:23,212 [INFO] Exiting Kaleido/Choreo
2026-05-03 18:00:23,542 [INFO] TemporaryDirectory.cleanup() worked.
2026-05-03 18:00:23,542 [INFO] shutil.rmtree worked.
2026-05-03 18:00:23,542 [INFO] TemporaryDirectory.cleanup() worked.
2026-05-03 18:00:23,542 [INFO] shutil.rmtree worked.
2026-05-03 18:00:23,543 [INFO] Cancelling tasks.
2026-05-03 18:00:23,543 [INFO] Exiting Kaleido/Choreo
2026-05-03 18:00:23,545 [INFO]   → PNG: /Users/bilalmac2/git_repo/warn/docs/charts/3_rolling_trend.png
2026-05-03 18:00:23,545 [INFO]   → HTML div: /Users/bilalmac2/git_repo/warn/docs/charts/3_rolling_trend.html
2026-05-03 18:00:23,546 [INFO] Chart 4: Top-25 companies …
2026-05-03 18:00:23,570 [INFO] TemporaryDirectory.cleanup() worked.
2026-05-03 18:00:23,570 [INFO] shutil.rmtree worked.
2026-05-03 18:00:23,570 [INFO] TemporaryDirectory.cleanup() worked.
2026-05-03 18:00:23,570 [INFO] shutil.rmtree worked.
2026-05-03 18:00:23,584 [INFO] Chromium init'ed with kwargs {}
2026-05-03 18:00:23,584 [INFO] Found chromium path: /Applications/Google Chrome.app/Contents/MacOS/Google Chrome
2026-05-03 18:00:23,584 [INFO] Temp directory created: /var/folders/2l/_mqykd2n143bpj9ts872cs5m0000gn/T/tmpx8jgj_kg.
2026-05-03 18:00:23,585 [INFO] Opening browser.
2026-05-03 18:00:23,585 [INFO] Temp directory created: /var/folders/2l/_mqykd2n143bpj9ts872cs5m0000gn/T/tmpecus0d4o.
2026-05-03 18:00:23,586 [INFO] Temporary directory at: /var/folders/2l/_mqykd2n143bpj9ts872cs5m0000gn/T/tmpecus0d4o
2026-05-03 18:00:24,971 [INFO] Conforming 1 to file:///var/folders/2l/_mqykd2n143bpj9ts872cs5m0000gn/T/tmpx8jgj_kg/index.html
2026-05-03 18:00:25,001 [INFO] Waiting on all navigates
2026-05-03 18:00:26,580 [INFO] All navigates done, putting them all in queue.
2026-05-03 18:00:26,582 [INFO] Getting tab from queue (has 1)
2026-05-03 18:00:26,582 [INFO] Got A96B
2026-05-03 18:00:26,582 [INFO] Processing bTop_25_Filtered_Companies_by_Total_Employees_Affectedb.png
2026-05-03 18:00:26,582 [INFO] Sending big command for bTop_25_Filtered_Companies_by_Total_Employees_Affectedb.png.
2026-05-03 18:00:26,829 [INFO] Sent big command for bTop_25_Filtered_Companies_by_Total_Employees_Affectedb.png.
2026-05-03 18:00:26,834 [INFO] Reloading tab A96B before return.
2026-05-03 18:00:27,051 [INFO] Putting tab A96B back (queue size: 0).
2026-05-03 18:00:27,051 [INFO] Waiting for all cleanups to finish.
2026-05-03 18:00:27,052 [INFO] Exiting Kaleido
2026-05-03 18:00:27,052 [INFO] Closing browser.
2026-05-03 18:00:27,067 [INFO] Closing browser.
2026-05-03 18:00:27,068 [INFO] TemporaryDirectory.cleanup() worked.
2026-05-03 18:00:27,069 [INFO] shutil.rmtree worked.
2026-05-03 18:00:27,069 [INFO] Cancelling tasks.
2026-05-03 18:00:27,069 [INFO] Exiting Kaleido/Choreo
2026-05-03 18:00:27,418 [INFO] TemporaryDirectory.cleanup() worked.
2026-05-03 18:00:27,419 [INFO] shutil.rmtree worked.
2026-05-03 18:00:27,419 [INFO] TemporaryDirectory.cleanup() worked.
2026-05-03 18:00:27,419 [INFO] shutil.rmtree worked.
2026-05-03 18:00:27,419 [INFO] Cancelling tasks.
2026-05-03 18:00:27,419 [INFO] Exiting Kaleido/Choreo
2026-05-03 18:00:27,421 [INFO]   → PNG: /Users/bilalmac2/git_repo/warn/docs/charts/4_top_companies.png
2026-05-03 18:00:27,421 [INFO]   → HTML div: /Users/bilalmac2/git_repo/warn/docs/charts/4_top_companies.html
2026-05-03 18:00:27,421 [INFO] Chart 5: County heatmap …
2026-05-03 18:00:27,500 [INFO] Chromium init'ed with kwargs {}
2026-05-03 18:00:27,500 [INFO] Found chromium path: /Applications/Google Chrome.app/Contents/MacOS/Google Chrome
2026-05-03 18:00:27,501 [INFO] Temp directory created: /var/folders/2l/_mqykd2n143bpj9ts872cs5m0000gn/T/tmp_1xbqxx5.
2026-05-03 18:00:27,501 [INFO] Opening browser.
2026-05-03 18:00:27,502 [INFO] Temp directory created: /var/folders/2l/_mqykd2n143bpj9ts872cs5m0000gn/T/tmpraqx44fx.
2026-05-03 18:00:27,502 [INFO] Temporary directory at: /var/folders/2l/_mqykd2n143bpj9ts872cs5m0000gn/T/tmpraqx44fx
2026-05-03 18:00:28,947 [INFO] Conforming 1 to file:///var/folders/2l/_mqykd2n143bpj9ts872cs5m0000gn/T/tmp_1xbqxx5/index.html
2026-05-03 18:00:28,957 [INFO] Waiting on all navigates
2026-05-03 18:00:30,404 [INFO] All navigates done, putting them all in queue.
2026-05-03 18:00:30,405 [INFO] Getting tab from queue (has 1)
2026-05-03 18:00:30,405 [INFO] Got 3BB6
2026-05-03 18:00:30,406 [INFO] Processing bCounty__Month_Heatmap__Employees_Affectedb.png
2026-05-03 18:00:30,406 [INFO] Sending big command for bCounty__Month_Heatmap__Employees_Affectedb.png.
2026-05-03 18:00:30,604 [INFO] Sent big command for bCounty__Month_Heatmap__Employees_Affectedb.png.
2026-05-03 18:00:30,609 [INFO] Reloading tab 3BB6 before return.
2026-05-03 18:00:30,725 [INFO] Putting tab 3BB6 back (queue size: 0).
2026-05-03 18:00:30,725 [INFO] Waiting for all cleanups to finish.
2026-05-03 18:00:30,725 [INFO] Exiting Kaleido
2026-05-03 18:00:30,725 [INFO] Closing browser.
2026-05-03 18:00:30,732 [INFO] Closing browser.
2026-05-03 18:00:30,733 [INFO] TemporaryDirectory.cleanup() worked.
2026-05-03 18:00:30,733 [INFO] shutil.rmtree worked.
2026-05-03 18:00:30,734 [INFO] Cancelling tasks.
2026-05-03 18:00:30,734 [INFO] Exiting Kaleido/Choreo
2026-05-03 18:00:30,975 [INFO] TemporaryDirectory.cleanup() worked.
2026-05-03 18:00:30,975 [INFO] shutil.rmtree worked.
2026-05-03 18:00:30,975 [INFO] TemporaryDirectory.cleanup() worked.
2026-05-03 18:00:30,975 [INFO] shutil.rmtree worked.
2026-05-03 18:00:30,975 [INFO] Cancelling tasks.
2026-05-03 18:00:30,975 [INFO] Exiting Kaleido/Choreo
2026-05-03 18:00:30,977 [INFO]   → PNG: /Users/bilalmac2/git_repo/warn/docs/charts/5_county_heatmap.png
2026-05-03 18:00:30,977 [INFO]   → HTML div: /Users/bilalmac2/git_repo/warn/docs/charts/5_county_heatmap.html
2026-05-03 18:00:30,978 [INFO] Chart 6: Treemap …
2026-05-03 18:00:31,002 [INFO] TemporaryDirectory.cleanup() worked.
2026-05-03 18:00:31,002 [INFO] shutil.rmtree worked.
2026-05-03 18:00:31,082 [INFO] TemporaryDirectory.cleanup() worked.
2026-05-03 18:00:31,082 [INFO] shutil.rmtree worked.
2026-05-03 18:00:31,141 [INFO] Chromium init'ed with kwargs {}
2026-05-03 18:00:31,142 [INFO] Found chromium path: /Applications/Google Chrome.app/Contents/MacOS/Google Chrome
2026-05-03 18:00:31,142 [INFO] Temp directory created: /var/folders/2l/_mqykd2n143bpj9ts872cs5m0000gn/T/tmpre4m7num.
2026-05-03 18:00:31,143 [INFO] Opening browser.
2026-05-03 18:00:31,143 [INFO] Temp directory created: /var/folders/2l/_mqykd2n143bpj9ts872cs5m0000gn/T/tmpgylek0mg.
2026-05-03 18:00:31,143 [INFO] Temporary directory at: /var/folders/2l/_mqykd2n143bpj9ts872cs5m0000gn/T/tmpgylek0mg
2026-05-03 18:00:32,479 [INFO] Conforming 1 to file:///var/folders/2l/_mqykd2n143bpj9ts872cs5m0000gn/T/tmpre4m7num/index.html
2026-05-03 18:00:32,514 [INFO] Waiting on all navigates
2026-05-03 18:00:33,749 [INFO] All navigates done, putting them all in queue.
2026-05-03 18:00:33,750 [INFO] Getting tab from queue (has 1)
2026-05-03 18:00:33,750 [INFO] Got 70AE
2026-05-03 18:00:33,751 [INFO] Processing bLayoff_Treemap__Company_Size_by_Employees_Affectedb.png
2026-05-03 18:00:33,751 [INFO] Sending big command for bLayoff_Treemap__Company_Size_by_Employees_Affectedb.png.
2026-05-03 18:00:34,239 [INFO] Sent big command for bLayoff_Treemap__Company_Size_by_Employees_Affectedb.png.
2026-05-03 18:00:34,244 [INFO] Reloading tab 70AE before return.
2026-05-03 18:00:34,346 [INFO] Putting tab 70AE back (queue size: 0).
2026-05-03 18:00:34,347 [INFO] Waiting for all cleanups to finish.
2026-05-03 18:00:34,347 [INFO] Exiting Kaleido
2026-05-03 18:00:34,347 [INFO] Closing browser.
2026-05-03 18:00:34,353 [INFO] Closing browser.
2026-05-03 18:00:34,354 [INFO] TemporaryDirectory.cleanup() worked.
2026-05-03 18:00:34,355 [INFO] shutil.rmtree worked.
2026-05-03 18:00:34,355 [INFO] Cancelling tasks.
2026-05-03 18:00:34,355 [INFO] Exiting Kaleido/Choreo
2026-05-03 18:00:34,717 [INFO] TemporaryDirectory.cleanup() worked.
2026-05-03 18:00:34,718 [INFO] shutil.rmtree worked.
2026-05-03 18:00:34,718 [INFO] TemporaryDirectory.cleanup() worked.
2026-05-03 18:00:34,718 [INFO] shutil.rmtree worked.
2026-05-03 18:00:34,718 [INFO] Cancelling tasks.
2026-05-03 18:00:34,718 [INFO] Exiting Kaleido/Choreo
2026-05-03 18:00:34,720 [INFO]   → PNG: /Users/bilalmac2/git_repo/warn/docs/charts/6_treemap.png
2026-05-03 18:00:34,720 [INFO]   → HTML div: /Users/bilalmac2/git_repo/warn/docs/charts/6_treemap.html
2026-05-03 18:00:34,720 [INFO] Chart 7: Year-over-year bar …
2026-05-03 18:00:34,776 [INFO] Chromium init'ed with kwargs {}
2026-05-03 18:00:34,777 [INFO] Found chromium path: /Applications/Google Chrome.app/Contents/MacOS/Google Chrome
2026-05-03 18:00:34,777 [INFO] Temp directory created: /var/folders/2l/_mqykd2n143bpj9ts872cs5m0000gn/T/tmp8sxndwp9.
2026-05-03 18:00:34,778 [INFO] Opening browser.
2026-05-03 18:00:34,778 [INFO] Temp directory created: /var/folders/2l/_mqykd2n143bpj9ts872cs5m0000gn/T/tmprxr9hg9a.
2026-05-03 18:00:34,778 [INFO] Temporary directory at: /var/folders/2l/_mqykd2n143bpj9ts872cs5m0000gn/T/tmprxr9hg9a
2026-05-03 18:00:34,789 [INFO] TemporaryDirectory.cleanup() worked.
2026-05-03 18:00:34,790 [INFO] shutil.rmtree worked.
2026-05-03 18:00:36,306 [INFO] Conforming 1 to file:///var/folders/2l/_mqykd2n143bpj9ts872cs5m0000gn/T/tmp8sxndwp9/index.html
2026-05-03 18:00:36,318 [INFO] Waiting on all navigates
2026-05-03 18:00:37,923 [INFO] All navigates done, putting them all in queue.
2026-05-03 18:00:37,925 [INFO] Getting tab from queue (has 1)
2026-05-03 18:00:37,925 [INFO] Got C337
2026-05-03 18:00:37,925 [INFO] Processing bYear_over_Year__Employees_Affected__Notice_Count_2014Presentb.png
2026-05-03 18:00:37,925 [INFO] Sending big command for bYear_over_Year__Employees_Affected__Notice_Count_2014Presentb.png.
2026-05-03 18:00:38,208 [INFO] Sent big command for bYear_over_Year__Employees_Affected__Notice_Count_2014Presentb.png.
2026-05-03 18:00:38,212 [INFO] Reloading tab C337 before return.
2026-05-03 18:00:38,351 [INFO] Putting tab C337 back (queue size: 0).
2026-05-03 18:00:38,351 [INFO] Waiting for all cleanups to finish.
2026-05-03 18:00:38,352 [INFO] Exiting Kaleido
2026-05-03 18:00:38,352 [INFO] Closing browser.
2026-05-03 18:00:38,354 [INFO] Closing browser.
2026-05-03 18:00:38,355 [INFO] TemporaryDirectory.cleanup() worked.
2026-05-03 18:00:38,356 [INFO] shutil.rmtree worked.
2026-05-03 18:00:38,356 [INFO] Cancelling tasks.
2026-05-03 18:00:38,356 [INFO] Exiting Kaleido/Choreo
2026-05-03 18:00:38,615 [INFO] TemporaryDirectory.cleanup() worked.
2026-05-03 18:00:38,616 [INFO] shutil.rmtree worked.
2026-05-03 18:00:38,616 [INFO] TemporaryDirectory.cleanup() worked.
2026-05-03 18:00:38,616 [INFO] shutil.rmtree worked.
2026-05-03 18:00:38,617 [INFO] Cancelling tasks.
2026-05-03 18:00:38,617 [INFO] Exiting Kaleido/Choreo
2026-05-03 18:00:38,619 [INFO]   → PNG: /Users/bilalmac2/git_repo/warn/docs/charts/7_yoy_bar.png
2026-05-03 18:00:38,619 [INFO]   → HTML div: /Users/bilalmac2/git_repo/warn/docs/charts/7_yoy_bar.html
2026-05-03 18:00:38,620 [INFO] Chart 8: Multi-year trend …
/Users/bilalmac2/git_repo/warn/warn_charts.py:593: UserWarning: Could not infer format, so each element will be parsed individually, falling back to `dateutil`. To ensure parsing is consistent and as-expected, please specify a format.
  df_all["effective_date"] = pd.to_datetime(df_all["effective_date"], errors="coerce")
2026-05-03 18:00:38,737 [INFO] Chromium init'ed with kwargs {}
2026-05-03 18:00:38,738 [INFO] Found chromium path: /Applications/Google Chrome.app/Contents/MacOS/Google Chrome
2026-05-03 18:00:38,739 [INFO] Temp directory created: /var/folders/2l/_mqykd2n143bpj9ts872cs5m0000gn/T/tmp07uwdmf6.
2026-05-03 18:00:38,739 [INFO] Opening browser.
2026-05-03 18:00:38,739 [INFO] Temp directory created: /var/folders/2l/_mqykd2n143bpj9ts872cs5m0000gn/T/tmp6l6y9x_w.
2026-05-03 18:00:38,740 [INFO] Temporary directory at: /var/folders/2l/_mqykd2n143bpj9ts872cs5m0000gn/T/tmp6l6y9x_w
2026-05-03 18:00:40,159 [INFO] Conforming 1 to file:///var/folders/2l/_mqykd2n143bpj9ts872cs5m0000gn/T/tmp07uwdmf6/index.html
2026-05-03 18:00:40,172 [INFO] Waiting on all navigates
2026-05-03 18:00:41,805 [INFO] All navigates done, putting them all in queue.
2026-05-03 18:00:41,807 [INFO] Getting tab from queue (has 1)
2026-05-03 18:00:41,808 [INFO] Got ADF8
2026-05-03 18:00:41,808 [INFO] Processing bMulti_Year_Monthly_Comparison__Employees_Affected_by_Monthb.png
2026-05-03 18:00:41,808 [INFO] Sending big command for bMulti_Year_Monthly_Comparison__Employees_Affected_by_Monthb.png.
2026-05-03 18:00:42,053 [INFO] Sent big command for bMulti_Year_Monthly_Comparison__Employees_Affected_by_Monthb.png.
2026-05-03 18:00:42,060 [INFO] Reloading tab ADF8 before return.
2026-05-03 18:00:42,205 [INFO] Putting tab ADF8 back (queue size: 0).
2026-05-03 18:00:42,205 [INFO] Waiting for all cleanups to finish.
2026-05-03 18:00:42,205 [INFO] Exiting Kaleido
2026-05-03 18:00:42,205 [INFO] Closing browser.
2026-05-03 18:00:42,209 [INFO] Closing browser.
2026-05-03 18:00:42,210 [INFO] TemporaryDirectory.cleanup() worked.
2026-05-03 18:00:42,210 [INFO] shutil.rmtree worked.
2026-05-03 18:00:42,211 [INFO] Cancelling tasks.
2026-05-03 18:00:42,211 [INFO] Exiting Kaleido/Choreo
2026-05-03 18:00:42,580 [INFO] TemporaryDirectory.cleanup() worked.
2026-05-03 18:00:42,581 [INFO] shutil.rmtree worked.
2026-05-03 18:00:42,581 [INFO] TemporaryDirectory.cleanup() worked.
2026-05-03 18:00:42,581 [INFO] shutil.rmtree worked.
2026-05-03 18:00:42,581 [INFO] Cancelling tasks.
2026-05-03 18:00:42,581 [INFO] Exiting Kaleido/Choreo
2026-05-03 18:00:42,583 [INFO]   → PNG: /Users/bilalmac2/git_repo/warn/docs/charts/8_multiyear_trend.png
2026-05-03 18:00:42,583 [INFO]   → HTML div: /Users/bilalmac2/git_repo/warn/docs/charts/8_multiyear_trend.html
2026-05-03 18:00:42,585 [INFO] Chart 9: Industry breakdown …
2026-05-03 18:00:42,645 [INFO] Chromium init'ed with kwargs {}
2026-05-03 18:00:42,645 [INFO] Found chromium path: /Applications/Google Chrome.app/Contents/MacOS/Google Chrome
2026-05-03 18:00:42,646 [INFO] Temp directory created: /var/folders/2l/_mqykd2n143bpj9ts872cs5m0000gn/T/tmpq0vgbps5.
2026-05-03 18:00:42,646 [INFO] Opening browser.
2026-05-03 18:00:42,647 [INFO] Temp directory created: /var/folders/2l/_mqykd2n143bpj9ts872cs5m0000gn/T/tmpcybozc3i.
2026-05-03 18:00:42,647 [INFO] Temporary directory at: /var/folders/2l/_mqykd2n143bpj9ts872cs5m0000gn/T/tmpcybozc3i
2026-05-03 18:00:44,122 [INFO] Conforming 1 to file:///var/folders/2l/_mqykd2n143bpj9ts872cs5m0000gn/T/tmpq0vgbps5/index.html
2026-05-03 18:00:44,130 [INFO] Waiting on all navigates
2026-05-03 18:00:45,749 [INFO] All navigates done, putting them all in queue.
2026-05-03 18:00:45,750 [INFO] Getting tab from queue (has 1)
2026-05-03 18:00:45,750 [INFO] Got 52E3
2026-05-03 18:00:45,750 [INFO] Processing bEmployees_Affected_by_Industry_Sectorb.png
2026-05-03 18:00:45,750 [INFO] Sending big command for bEmployees_Affected_by_Industry_Sectorb.png.
2026-05-03 18:00:45,981 [INFO] Sent big command for bEmployees_Affected_by_Industry_Sectorb.png.
2026-05-03 18:00:45,986 [INFO] Reloading tab 52E3 before return.
2026-05-03 18:00:46,131 [INFO] Putting tab 52E3 back (queue size: 0).
2026-05-03 18:00:46,131 [INFO] Waiting for all cleanups to finish.
2026-05-03 18:00:46,131 [INFO] Exiting Kaleido
2026-05-03 18:00:46,131 [INFO] Closing browser.
2026-05-03 18:00:46,135 [INFO] Closing browser.
2026-05-03 18:00:46,136 [INFO] TemporaryDirectory.cleanup() worked.
2026-05-03 18:00:46,136 [INFO] shutil.rmtree worked.
2026-05-03 18:00:46,136 [INFO] Cancelling tasks.
2026-05-03 18:00:46,136 [INFO] Exiting Kaleido/Choreo
2026-05-03 18:00:46,404 [INFO] TemporaryDirectory.cleanup() worked.
2026-05-03 18:00:46,404 [INFO] shutil.rmtree worked.
2026-05-03 18:00:46,405 [INFO] TemporaryDirectory.cleanup() worked.
2026-05-03 18:00:46,405 [INFO] shutil.rmtree worked.
2026-05-03 18:00:46,405 [INFO] Cancelling tasks.
2026-05-03 18:00:46,405 [INFO] Exiting Kaleido/Choreo
2026-05-03 18:00:46,406 [INFO]   → PNG: /Users/bilalmac2/git_repo/warn/docs/charts/9_industry_breakdown.png
2026-05-03 18:00:46,406 [INFO]   → HTML div: /Users/bilalmac2/git_repo/warn/docs/charts/9_industry_breakdown.html
2026-05-03 18:00:46,407 [INFO] Chart 10: Lead time histogram …
2026-05-03 18:00:46,420 [INFO] TemporaryDirectory.cleanup() worked.
2026-05-03 18:00:46,421 [INFO] shutil.rmtree worked.
2026-05-03 18:00:46,421 [INFO] TemporaryDirectory.cleanup() worked.
2026-05-03 18:00:46,421 [INFO] shutil.rmtree worked.
2026-05-03 18:00:46,465 [INFO] Chromium init'ed with kwargs {}
2026-05-03 18:00:46,466 [INFO] Found chromium path: /Applications/Google Chrome.app/Contents/MacOS/Google Chrome
2026-05-03 18:00:46,466 [INFO] Temp directory created: /var/folders/2l/_mqykd2n143bpj9ts872cs5m0000gn/T/tmpuj1u1v6q.
2026-05-03 18:00:46,467 [INFO] Opening browser.
2026-05-03 18:00:46,467 [INFO] Temp directory created: /var/folders/2l/_mqykd2n143bpj9ts872cs5m0000gn/T/tmpoynjwqz0.
2026-05-03 18:00:46,467 [INFO] Temporary directory at: /var/folders/2l/_mqykd2n143bpj9ts872cs5m0000gn/T/tmpoynjwqz0
2026-05-03 18:00:47,940 [INFO] Conforming 1 to file:///var/folders/2l/_mqykd2n143bpj9ts872cs5m0000gn/T/tmpuj1u1v6q/index.html
2026-05-03 18:00:47,951 [INFO] Waiting on all navigates
2026-05-03 18:00:49,478 [INFO] All navigates done, putting them all in queue.
2026-05-03 18:00:49,480 [INFO] Getting tab from queue (has 1)
2026-05-03 18:00:49,480 [INFO] Got 58C0
2026-05-03 18:00:49,481 [INFO] Processing bNotice_Lead_Time_Distribution__73_Filed_60_Days_in_Advanceb.png
2026-05-03 18:00:49,481 [INFO] Sending big command for bNotice_Lead_Time_Distribution__73_Filed_60_Days_in_Advanceb.png.
2026-05-03 18:00:49,661 [INFO] Sent big command for bNotice_Lead_Time_Distribution__73_Filed_60_Days_in_Advanceb.png.
2026-05-03 18:00:49,663 [INFO] Reloading tab 58C0 before return.
2026-05-03 18:00:49,808 [INFO] Putting tab 58C0 back (queue size: 0).
2026-05-03 18:00:49,808 [INFO] Waiting for all cleanups to finish.
2026-05-03 18:00:49,808 [INFO] Exiting Kaleido
2026-05-03 18:00:49,808 [INFO] Closing browser.
2026-05-03 18:00:49,814 [INFO] Closing browser.
2026-05-03 18:00:49,815 [INFO] TemporaryDirectory.cleanup() worked.
2026-05-03 18:00:49,815 [INFO] shutil.rmtree worked.
2026-05-03 18:00:49,815 [INFO] Cancelling tasks.
2026-05-03 18:00:49,815 [INFO] Exiting Kaleido/Choreo
2026-05-03 18:00:50,067 [INFO] TemporaryDirectory.cleanup() worked.
2026-05-03 18:00:50,067 [INFO] shutil.rmtree worked.
2026-05-03 18:00:50,067 [INFO] TemporaryDirectory.cleanup() worked.
2026-05-03 18:00:50,067 [INFO] shutil.rmtree worked.
2026-05-03 18:00:50,067 [INFO] Cancelling tasks.
2026-05-03 18:00:50,067 [INFO] Exiting Kaleido/Choreo
2026-05-03 18:00:50,069 [INFO]   → PNG: /Users/bilalmac2/git_repo/warn/docs/charts/10_lead_time.png
2026-05-03 18:00:50,069 [INFO]   → HTML div: /Users/bilalmac2/git_repo/warn/docs/charts/10_lead_time.html
2026-05-03 18:00:50,070 [INFO] Chart 11: County bar …
2026-05-03 18:00:50,119 [INFO] Chromium init'ed with kwargs {}
2026-05-03 18:00:50,120 [INFO] Found chromium path: /Applications/Google Chrome.app/Contents/MacOS/Google Chrome
2026-05-03 18:00:50,120 [INFO] Temp directory created: /var/folders/2l/_mqykd2n143bpj9ts872cs5m0000gn/T/tmp90iml_1x.
2026-05-03 18:00:50,121 [INFO] Opening browser.
2026-05-03 18:00:50,121 [INFO] Temp directory created: /var/folders/2l/_mqykd2n143bpj9ts872cs5m0000gn/T/tmpdmlm7x6e.
2026-05-03 18:00:50,121 [INFO] Temporary directory at: /var/folders/2l/_mqykd2n143bpj9ts872cs5m0000gn/T/tmpdmlm7x6e
2026-05-03 18:00:51,512 [INFO] Conforming 1 to file:///var/folders/2l/_mqykd2n143bpj9ts872cs5m0000gn/T/tmp90iml_1x/index.html
2026-05-03 18:00:51,523 [INFO] Waiting on all navigates
2026-05-03 18:00:53,072 [INFO] All navigates done, putting them all in queue.
2026-05-03 18:00:53,073 [INFO] Getting tab from queue (has 1)
2026-05-03 18:00:53,074 [INFO] Got 985A
2026-05-03 18:00:53,074 [INFO] Processing bTop_10_Counties_by_Employees_Affectedb.png
2026-05-03 18:00:53,074 [INFO] Sending big command for bTop_10_Counties_by_Employees_Affectedb.png.
2026-05-03 18:00:53,288 [INFO] Sent big command for bTop_10_Counties_by_Employees_Affectedb.png.
2026-05-03 18:00:53,290 [INFO] Reloading tab 985A before return.
2026-05-03 18:00:53,434 [INFO] Putting tab 985A back (queue size: 0).
2026-05-03 18:00:53,434 [INFO] Waiting for all cleanups to finish.
2026-05-03 18:00:53,434 [INFO] Exiting Kaleido
2026-05-03 18:00:53,434 [INFO] Closing browser.
2026-05-03 18:00:53,443 [INFO] Closing browser.
2026-05-03 18:00:53,444 [INFO] TemporaryDirectory.cleanup() worked.
2026-05-03 18:00:53,445 [INFO] shutil.rmtree worked.
2026-05-03 18:00:53,445 [INFO] Cancelling tasks.
2026-05-03 18:00:53,445 [INFO] Exiting Kaleido/Choreo
2026-05-03 18:00:53,742 [INFO] TemporaryDirectory.cleanup() worked.
2026-05-03 18:00:53,743 [INFO] shutil.rmtree worked.
2026-05-03 18:00:53,743 [INFO] TemporaryDirectory.cleanup() worked.
2026-05-03 18:00:53,743 [INFO] shutil.rmtree worked.
2026-05-03 18:00:53,743 [INFO] Cancelling tasks.
2026-05-03 18:00:53,743 [INFO] Exiting Kaleido/Choreo
2026-05-03 18:00:53,745 [INFO]   → PNG: /Users/bilalmac2/git_repo/warn/docs/charts/11_county_bar.png
2026-05-03 18:00:53,745 [INFO]   → HTML div: /Users/bilalmac2/git_repo/warn/docs/charts/11_county_bar.html
2026-05-03 18:00:53,746 [INFO] Charts complete.
2026-05-03 18:00:53,749 [INFO] Step 5/5: Building site …
2026-05-03 18:00:53,750 [INFO] Building index.html …
2026-05-03 18:00:53,805 [INFO] Site built → /Users/bilalmac2/git_repo/warn/docs/index.html
2026-05-03 18:00:53,805 [INFO] Git push …
2026-05-03 18:00:53,806 [INFO] Staging changes …
2026-05-03 18:00:54,006 [INFO] Committing: auto: WARN update 2026-05-04 01:00 UTC
2026-05-03 18:00:54,129 [INFO] Pushing to origin/main …
2026-05-03 18:00:54,764 [WARNING] git push origin main stderr: To https://github.com/bilalahamad0/warn.git
 ! [rejected]        main -> main (fetch first)
error: failed to push some refs to 'https://github.com/bilalahamad0/warn.git'
hint: Updates were rejected because the remote contains work that you do not
hint: have locally. This is usually caused by another repository pushing to
hint: the same ref. If you want to integrate the remote changes, use
hint: 'git pull' before pushing again.
hint: See the 'Note about fast-forwards' in 'git push --help' for details.
2026-05-03 18:00:54,803 [ERROR] ✗ Push failed — check GITHUB_TOKEN and repo permissions.
2026-05-03 18:00:54,804 [INFO] ✓ Publisher complete.
2026-05-03 18:00:54,894 [INFO] TemporaryDirectory.cleanup() worked.
2026-05-03 18:00:54,894 [INFO] shutil.rmtree worked.
2026-05-03 18:00:54,894 [INFO] TemporaryDirectory.cleanup() worked.
2026-05-03 18:00:54,894 [INFO] shutil.rmtree worked.
2026-05-03 18:00:54,895 [INFO] TemporaryDirectory.cleanup() worked.
2026-05-03 18:00:54,895 [INFO] shutil.rmtree worked.
2026-05-03 18:00:54,895 [INFO] TemporaryDirectory.cleanup() worked.
2026-05-03 18:00:54,895 [INFO] shutil.rmtree worked.
/Users/bilalmac2/Library/Python/3.9/lib/python/site-packages/urllib3/__init__.py:34: NotOpenSSLWarning: urllib3 v2.0 only supports OpenSSL 1.1.1+, currently the 'ssl' module is compiled with 'LibreSSL 2.8.3'. See: https://github.com/urllib3/urllib3/issues/3020
  warnings.warn(
2026-05-04 06:00:01,849 [INFO] ======================================================================
2026-05-04 06:00:01,849 [INFO] WARN Publisher — 2026-05-04T13:00:01.849572+00:00Z
2026-05-04 06:00:01,849 [INFO] ======================================================================
2026-05-04 06:00:01,850 [INFO] Step 1/5: Running monitor …
2026-05-04 06:00:01,850 [INFO] ============================================================
2026-05-04 06:00:01,850 [INFO] WARN Monitor — 2026-05-04T13:00:01.850156+00:00Z
2026-05-04 06:00:01,850 [INFO] ============================================================
2026-05-04 06:00:01,851 [INFO] Requesting WARN XLSX from EDD …
2026-05-04 06:00:02,047 [INFO] EDD server: 304 Not Modified — data unchanged.
2026-05-04 06:00:02,049 [INFO] Parsing /Users/bilalmac2/git_repo/warn/file.xlsx …
2026-05-04 06:00:02,354 [INFO] Available sheets: ['Index', 'WARN Report Summary', 'Detailed WARN Report ', 'Call Center Relocations Summary', 'Call Center Relocations Report', 'Industry List']
2026-05-04 06:00:02,354 [INFO] Using sheet: 'Detailed WARN Report '
/Users/bilalmac2/Library/Python/3.9/lib/python/site-packages/openpyxl/worksheet/_reader.py:329: UserWarning: Data Validation extension is not supported and will be removed
  warn(msg)
2026-05-04 06:00:02,571 [INFO] Detailed sheet columns: ['County/Parish', 'Notice\nDate', 'Processed\nDate', 'Effective \nDate', 'Company', 'Layoff/\nClosure', 'No. Of\nEmployees', 'Address', 'Related Industry']
2026-05-04 06:00:02,804 [INFO] Parsed 1224 WARN records spanning 2025-01-05 → 2026-12-30
2026-05-04 06:00:02,823 [INFO] No data changes detected.
2026-05-04 06:00:02,853 [INFO] Saved 1224 records to /Users/bilalmac2/git_repo/warn/data/warn_latest.json
2026-05-04 06:00:02,853 [INFO] Monitor run complete.
2026-05-04 06:00:02,854 [INFO] Step 2/5: Generating diff report …
2026-05-04 06:00:03,071 [INFO] Step 3/5: Updating historical data …
2026-05-04 06:00:03,071 [INFO] Year 2014: already parsed — skipping (use --force to re-parse)
2026-05-04 06:00:03,072 [INFO] Year 2015: already parsed — skipping (use --force to re-parse)
2026-05-04 06:00:03,072 [INFO] Year 2016: already parsed — skipping (use --force to re-parse)
2026-05-04 06:00:03,072 [INFO] Year 2017: already parsed — skipping (use --force to re-parse)
2026-05-04 06:00:03,072 [INFO] Year 2018: already parsed — skipping (use --force to re-parse)
2026-05-04 06:00:03,072 [INFO] Year 2019: already parsed — skipping (use --force to re-parse)
2026-05-04 06:00:03,072 [INFO] Year 2020: already parsed — skipping (use --force to re-parse)
2026-05-04 06:00:03,072 [INFO] Year 2021: already parsed — skipping (use --force to re-parse)
2026-05-04 06:00:03,072 [INFO] Year 2022: already parsed — skipping (use --force to re-parse)
2026-05-04 06:00:03,072 [INFO] Year 2023: already parsed — skipping (use --force to re-parse)
2026-05-04 06:00:03,072 [INFO] Year 2024: already parsed — skipping (use --force to re-parse)
2026-05-04 06:00:03,114 [INFO] Combined dataset: 1,525 records across 12 years
2026-05-04 06:00:03,115 [INFO] Step 4/5: Generating charts …
2026-05-04 06:00:03,144 [INFO] Loaded 1224 records for charting.
2026-05-04 06:00:03,151 [INFO] Historical data: 1,525 records across 12 years
2026-05-04 06:00:03,151 [INFO] Chart 1: Timeline scatter …
2026-05-04 06:00:04,336 [INFO] Chromium init'ed with kwargs {}
2026-05-04 06:00:04,356 [INFO] Found chromium path: /Applications/Google Chrome.app/Contents/MacOS/Google Chrome
2026-05-04 06:00:04,360 [INFO] Temp directory created: /var/folders/2l/_mqykd2n143bpj9ts872cs5m0000gn/T/tmpt49drrvj.
2026-05-04 06:00:04,361 [INFO] Opening browser.
2026-05-04 06:00:04,362 [INFO] Temp directory created: /var/folders/2l/_mqykd2n143bpj9ts872cs5m0000gn/T/tmpan8dkxre.
2026-05-04 06:00:04,363 [INFO] Temporary directory at: /var/folders/2l/_mqykd2n143bpj9ts872cs5m0000gn/T/tmpan8dkxre
2026-05-04 06:00:06,273 [INFO] Conforming 1 to file:///var/folders/2l/_mqykd2n143bpj9ts872cs5m0000gn/T/tmpt49drrvj/index.html
2026-05-04 06:00:06,282 [INFO] Waiting on all navigates
2026-05-04 06:00:07,967 [INFO] All navigates done, putting them all in queue.
2026-05-04 06:00:07,969 [INFO] Getting tab from queue (has 1)
2026-05-04 06:00:07,969 [INFO] Got 2A85
2026-05-04 06:00:07,969 [INFO] Processing bWARN_Notices__Employees_by_Effective_Dateb.png
2026-05-04 06:00:07,969 [INFO] Sending big command for bWARN_Notices__Employees_by_Effective_Dateb.png.
2026-05-04 06:00:11,725 [INFO] Sent big command for bWARN_Notices__Employees_by_Effective_Dateb.png.
2026-05-04 06:00:11,738 [INFO] Reloading tab 2A85 before return.
2026-05-04 06:00:12,173 [INFO] Putting tab 2A85 back (queue size: 0).
2026-05-04 06:00:12,173 [INFO] Waiting for all cleanups to finish.
2026-05-04 06:00:12,173 [INFO] Exiting Kaleido
2026-05-04 06:00:12,174 [INFO] Closing browser.
2026-05-04 06:00:12,176 [INFO] Closing browser.
2026-05-04 06:00:12,177 [INFO] TemporaryDirectory.cleanup() worked.
2026-05-04 06:00:12,178 [INFO] shutil.rmtree worked.
2026-05-04 06:00:12,178 [INFO] Cancelling tasks.
2026-05-04 06:00:12,178 [INFO] Exiting Kaleido/Choreo
2026-05-04 06:00:12,780 [INFO] TemporaryDirectory.cleanup() worked.
2026-05-04 06:00:12,780 [INFO] shutil.rmtree worked.
2026-05-04 06:00:12,781 [INFO] TemporaryDirectory.cleanup() worked.
2026-05-04 06:00:12,781 [INFO] shutil.rmtree worked.
2026-05-04 06:00:12,781 [INFO] Cancelling tasks.
2026-05-04 06:00:12,782 [INFO] Exiting Kaleido/Choreo
2026-05-04 06:00:12,785 [INFO]   → PNG: /Users/bilalmac2/git_repo/warn/docs/charts/1_timeline_scatter.png
2026-05-04 06:00:12,786 [INFO]   → HTML div: /Users/bilalmac2/git_repo/warn/docs/charts/1_timeline_scatter.html
2026-05-04 06:00:12,786 [INFO] Chart 2: Monthly bar chart …
2026-05-04 06:00:12,863 [INFO] Chromium init'ed with kwargs {}
2026-05-04 06:00:12,865 [INFO] Found chromium path: /Applications/Google Chrome.app/Contents/MacOS/Google Chrome
2026-05-04 06:00:12,865 [INFO] Temp directory created: /var/folders/2l/_mqykd2n143bpj9ts872cs5m0000gn/T/tmpl14e64nq.
2026-05-04 06:00:12,866 [INFO] Opening browser.
2026-05-04 06:00:12,867 [INFO] Temp directory created: /var/folders/2l/_mqykd2n143bpj9ts872cs5m0000gn/T/tmpndy0g2js.
2026-05-04 06:00:12,867 [INFO] Temporary directory at: /var/folders/2l/_mqykd2n143bpj9ts872cs5m0000gn/T/tmpndy0g2js
2026-05-04 06:00:14,974 [INFO] Conforming 1 to file:///var/folders/2l/_mqykd2n143bpj9ts872cs5m0000gn/T/tmpl14e64nq/index.html
2026-05-04 06:00:14,990 [INFO] Waiting on all navigates
2026-05-04 06:00:17,731 [INFO] All navigates done, putting them all in queue.
2026-05-04 06:00:17,735 [INFO] Getting tab from queue (has 1)
2026-05-04 06:00:17,735 [INFO] Got 6024
2026-05-04 06:00:17,736 [INFO] Processing bMonthly_Layoffs__Total_Employees_Affectedb.png
2026-05-04 06:00:17,736 [INFO] Sending big command for bMonthly_Layoffs__Total_Employees_Affectedb.png.
2026-05-04 06:00:18,137 [INFO] Sent big command for bMonthly_Layoffs__Total_Employees_Affectedb.png.
2026-05-04 06:00:18,144 [INFO] Reloading tab 6024 before return.
2026-05-04 06:00:18,413 [INFO] Putting tab 6024 back (queue size: 0).
2026-05-04 06:00:18,414 [INFO] Waiting for all cleanups to finish.
2026-05-04 06:00:18,414 [INFO] Exiting Kaleido
2026-05-04 06:00:18,414 [INFO] Closing browser.
2026-05-04 06:00:18,418 [INFO] Closing browser.
2026-05-04 06:00:18,420 [INFO] TemporaryDirectory.cleanup() worked.
2026-05-04 06:00:18,420 [INFO] shutil.rmtree worked.
2026-05-04 06:00:18,420 [INFO] Cancelling tasks.
2026-05-04 06:00:18,421 [INFO] Exiting Kaleido/Choreo
2026-05-04 06:00:19,077 [INFO] TemporaryDirectory.cleanup() worked.
2026-05-04 06:00:19,078 [INFO] shutil.rmtree worked.
2026-05-04 06:00:19,078 [INFO] TemporaryDirectory.cleanup() worked.
2026-05-04 06:00:19,078 [INFO] shutil.rmtree worked.
2026-05-04 06:00:19,078 [INFO] Cancelling tasks.
2026-05-04 06:00:19,078 [INFO] Exiting Kaleido/Choreo
2026-05-04 06:00:19,082 [INFO]   → PNG: /Users/bilalmac2/git_repo/warn/docs/charts/2_monthly_bar.png
2026-05-04 06:00:19,082 [INFO]   → HTML div: /Users/bilalmac2/git_repo/warn/docs/charts/2_monthly_bar.html
2026-05-04 06:00:19,084 [INFO] Chart 3: Rolling trend …
2026-05-04 06:00:19,219 [INFO] Chromium init'ed with kwargs {}
2026-05-04 06:00:19,221 [INFO] Found chromium path: /Applications/Google Chrome.app/Contents/MacOS/Google Chrome
2026-05-04 06:00:19,222 [INFO] Temp directory created: /var/folders/2l/_mqykd2n143bpj9ts872cs5m0000gn/T/tmpd23hqrzw.
2026-05-04 06:00:19,223 [INFO] Opening browser.
2026-05-04 06:00:19,224 [INFO] Temp directory created: /var/folders/2l/_mqykd2n143bpj9ts872cs5m0000gn/T/tmp7n3soddt.
2026-05-04 06:00:19,224 [INFO] Temporary directory at: /var/folders/2l/_mqykd2n143bpj9ts872cs5m0000gn/T/tmp7n3soddt
2026-05-04 06:00:21,588 [INFO] Conforming 1 to file:///var/folders/2l/_mqykd2n143bpj9ts872cs5m0000gn/T/tmpd23hqrzw/index.html
2026-05-04 06:00:21,594 [INFO] Waiting on all navigates
2026-05-04 06:00:24,427 [INFO] All navigates done, putting them all in queue.
2026-05-04 06:00:24,430 [INFO] Getting tab from queue (has 1)
2026-05-04 06:00:24,430 [INFO] Got DF36
2026-05-04 06:00:24,431 [INFO] Processing bLayoff_Trend__Daily_30_Day_Average__Cumulativeb.png
2026-05-04 06:00:24,431 [INFO] Sending big command for bLayoff_Trend__Daily_30_Day_Average__Cumulativeb.png.
2026-05-04 06:00:24,978 [INFO] Sent big command for bLayoff_Trend__Daily_30_Day_Average__Cumulativeb.png.
2026-05-04 06:00:24,987 [INFO] Reloading tab DF36 before return.
2026-05-04 06:00:25,231 [INFO] Putting tab DF36 back (queue size: 0).
2026-05-04 06:00:25,232 [INFO] Waiting for all cleanups to finish.
2026-05-04 06:00:25,232 [INFO] Exiting Kaleido
2026-05-04 06:00:25,232 [INFO] Closing browser.
2026-05-04 06:00:25,248 [INFO] Closing browser.
2026-05-04 06:00:25,250 [INFO] TemporaryDirectory.cleanup() worked.
2026-05-04 06:00:25,250 [INFO] shutil.rmtree worked.
2026-05-04 06:00:25,251 [INFO] Cancelling tasks.
2026-05-04 06:00:25,251 [INFO] Exiting Kaleido/Choreo
2026-05-04 06:00:25,645 [INFO] TemporaryDirectory.cleanup() worked.
2026-05-04 06:00:25,645 [INFO] shutil.rmtree worked.
2026-05-04 06:00:25,645 [INFO] TemporaryDirectory.cleanup() worked.
2026-05-04 06:00:25,646 [INFO] shutil.rmtree worked.
2026-05-04 06:00:25,646 [INFO] Cancelling tasks.
2026-05-04 06:00:25,647 [INFO] Exiting Kaleido/Choreo
2026-05-04 06:00:25,650 [INFO]   → PNG: /Users/bilalmac2/git_repo/warn/docs/charts/3_rolling_trend.png
2026-05-04 06:00:25,651 [INFO]   → HTML div: /Users/bilalmac2/git_repo/warn/docs/charts/3_rolling_trend.html
2026-05-04 06:00:25,652 [INFO] Chart 4: Top-25 companies …
2026-05-04 06:00:25,701 [INFO] TemporaryDirectory.cleanup() worked.
2026-05-04 06:00:25,701 [INFO] shutil.rmtree worked.
2026-05-04 06:00:25,701 [INFO] TemporaryDirectory.cleanup() worked.
2026-05-04 06:00:25,702 [INFO] shutil.rmtree worked.
2026-05-04 06:00:25,735 [INFO] Chromium init'ed with kwargs {}
2026-05-04 06:00:25,737 [INFO] Found chromium path: /Applications/Google Chrome.app/Contents/MacOS/Google Chrome
2026-05-04 06:00:25,737 [INFO] Temp directory created: /var/folders/2l/_mqykd2n143bpj9ts872cs5m0000gn/T/tmp_59bs_rd.
2026-05-04 06:00:25,739 [INFO] Opening browser.
2026-05-04 06:00:25,740 [INFO] Temp directory created: /var/folders/2l/_mqykd2n143bpj9ts872cs5m0000gn/T/tmppd7bzll4.
2026-05-04 06:00:25,740 [INFO] Temporary directory at: /var/folders/2l/_mqykd2n143bpj9ts872cs5m0000gn/T/tmppd7bzll4
2026-05-04 06:00:28,363 [INFO] Conforming 1 to file:///var/folders/2l/_mqykd2n143bpj9ts872cs5m0000gn/T/tmp_59bs_rd/index.html
2026-05-04 06:00:28,368 [INFO] Waiting on all navigates
2026-05-04 06:00:31,319 [INFO] All navigates done, putting them all in queue.
2026-05-04 06:00:31,322 [INFO] Getting tab from queue (has 1)
2026-05-04 06:00:31,323 [INFO] Got 508B
2026-05-04 06:00:31,323 [INFO] Processing bTop_25_Filtered_Companies_by_Total_Employees_Affectedb.png
2026-05-04 06:00:31,323 [INFO] Sending big command for bTop_25_Filtered_Companies_by_Total_Employees_Affectedb.png.
2026-05-04 06:00:31,755 [INFO] Sent big command for bTop_25_Filtered_Companies_by_Total_Employees_Affectedb.png.
2026-05-04 06:00:31,763 [INFO] Reloading tab 508B before return.
2026-05-04 06:00:32,019 [INFO] Putting tab 508B back (queue size: 0).
2026-05-04 06:00:32,019 [INFO] Waiting for all cleanups to finish.
2026-05-04 06:00:32,020 [INFO] Exiting Kaleido
2026-05-04 06:00:32,020 [INFO] Closing browser.
2026-05-04 06:00:32,026 [INFO] Closing browser.
2026-05-04 06:00:32,028 [INFO] TemporaryDirectory.cleanup() worked.
2026-05-04 06:00:32,029 [INFO] shutil.rmtree worked.
2026-05-04 06:00:32,031 [INFO] Cancelling tasks.
2026-05-04 06:00:32,031 [INFO] Exiting Kaleido/Choreo
2026-05-04 06:00:32,488 [INFO] TemporaryDirectory.cleanup() worked.
2026-05-04 06:00:32,488 [INFO] shutil.rmtree worked.
2026-05-04 06:00:32,488 [INFO] TemporaryDirectory.cleanup() worked.
2026-05-04 06:00:32,489 [INFO] shutil.rmtree worked.
2026-05-04 06:00:32,489 [INFO] Cancelling tasks.
2026-05-04 06:00:32,490 [INFO] Exiting Kaleido/Choreo
2026-05-04 06:00:32,494 [INFO]   → PNG: /Users/bilalmac2/git_repo/warn/docs/charts/4_top_companies.png
2026-05-04 06:00:32,494 [INFO]   → HTML div: /Users/bilalmac2/git_repo/warn/docs/charts/4_top_companies.html
2026-05-04 06:00:32,495 [INFO] Chart 5: County heatmap …
2026-05-04 06:00:32,619 [INFO] Chromium init'ed with kwargs {}
2026-05-04 06:00:32,621 [INFO] Found chromium path: /Applications/Google Chrome.app/Contents/MacOS/Google Chrome
2026-05-04 06:00:32,622 [INFO] Temp directory created: /var/folders/2l/_mqykd2n143bpj9ts872cs5m0000gn/T/tmpxk1xq54o.
2026-05-04 06:00:32,623 [INFO] Opening browser.
2026-05-04 06:00:32,624 [INFO] Temp directory created: /var/folders/2l/_mqykd2n143bpj9ts872cs5m0000gn/T/tmp5vl11y2g.
2026-05-04 06:00:32,624 [INFO] Temporary directory at: /var/folders/2l/_mqykd2n143bpj9ts872cs5m0000gn/T/tmp5vl11y2g
2026-05-04 06:00:35,145 [INFO] Conforming 1 to file:///var/folders/2l/_mqykd2n143bpj9ts872cs5m0000gn/T/tmpxk1xq54o/index.html
2026-05-04 06:00:35,171 [INFO] Waiting on all navigates
2026-05-04 06:00:38,173 [INFO] All navigates done, putting them all in queue.
2026-05-04 06:00:38,176 [INFO] Getting tab from queue (has 1)
2026-05-04 06:00:38,176 [INFO] Got 5776
2026-05-04 06:00:38,176 [INFO] Processing bCounty__Month_Heatmap__Employees_Affectedb.png
2026-05-04 06:00:38,177 [INFO] Sending big command for bCounty__Month_Heatmap__Employees_Affectedb.png.
2026-05-04 06:00:38,669 [INFO] Sent big command for bCounty__Month_Heatmap__Employees_Affectedb.png.
2026-05-04 06:00:38,677 [INFO] Reloading tab 5776 before return.
2026-05-04 06:00:38,935 [INFO] Putting tab 5776 back (queue size: 0).
2026-05-04 06:00:38,936 [INFO] Waiting for all cleanups to finish.
2026-05-04 06:00:38,936 [INFO] Exiting Kaleido
2026-05-04 06:00:38,936 [INFO] Closing browser.
2026-05-04 06:00:38,958 [INFO] Closing browser.
2026-05-04 06:00:38,960 [INFO] TemporaryDirectory.cleanup() worked.
2026-05-04 06:00:38,960 [INFO] shutil.rmtree worked.
2026-05-04 06:00:38,961 [INFO] Cancelling tasks.
2026-05-04 06:00:38,961 [INFO] Exiting Kaleido/Choreo
2026-05-04 06:00:39,435 [INFO] TemporaryDirectory.cleanup() worked.
2026-05-04 06:00:39,436 [INFO] shutil.rmtree worked.
2026-05-04 06:00:39,436 [INFO] TemporaryDirectory.cleanup() worked.
2026-05-04 06:00:39,437 [INFO] shutil.rmtree worked.
2026-05-04 06:00:39,437 [INFO] Cancelling tasks.
2026-05-04 06:00:39,438 [INFO] Exiting Kaleido/Choreo
2026-05-04 06:00:39,443 [INFO]   → PNG: /Users/bilalmac2/git_repo/warn/docs/charts/5_county_heatmap.png
2026-05-04 06:00:39,444 [INFO]   → HTML div: /Users/bilalmac2/git_repo/warn/docs/charts/5_county_heatmap.html
2026-05-04 06:00:39,446 [INFO] Chart 6: Treemap …
2026-05-04 06:00:39,496 [INFO] TemporaryDirectory.cleanup() worked.
2026-05-04 06:00:39,496 [INFO] shutil.rmtree worked.
2026-05-04 06:00:39,708 [INFO] TemporaryDirectory.cleanup() worked.
2026-05-04 06:00:39,709 [INFO] shutil.rmtree worked.
2026-05-04 06:00:39,879 [INFO] Chromium init'ed with kwargs {}
2026-05-04 06:00:39,881 [INFO] Found chromium path: /Applications/Google Chrome.app/Contents/MacOS/Google Chrome
2026-05-04 06:00:39,882 [INFO] Temp directory created: /var/folders/2l/_mqykd2n143bpj9ts872cs5m0000gn/T/tmp3jn3fwg7.
2026-05-04 06:00:39,883 [INFO] Opening browser.
2026-05-04 06:00:39,885 [INFO] Temp directory created: /var/folders/2l/_mqykd2n143bpj9ts872cs5m0000gn/T/tmp09e47kwi.
2026-05-04 06:00:39,885 [INFO] Temporary directory at: /var/folders/2l/_mqykd2n143bpj9ts872cs5m0000gn/T/tmp09e47kwi
2026-05-04 06:00:42,490 [INFO] Conforming 1 to file:///var/folders/2l/_mqykd2n143bpj9ts872cs5m0000gn/T/tmp3jn3fwg7/index.html
2026-05-04 06:00:42,496 [INFO] Waiting on all navigates
2026-05-04 06:00:45,449 [INFO] All navigates done, putting them all in queue.
2026-05-04 06:00:45,452 [INFO] Getting tab from queue (has 1)
2026-05-04 06:00:45,452 [INFO] Got A2B0
2026-05-04 06:00:45,453 [INFO] Processing bLayoff_Treemap__Company_Size_by_Employees_Affectedb.png
2026-05-04 06:00:45,453 [INFO] Sending big command for bLayoff_Treemap__Company_Size_by_Employees_Affectedb.png.
2026-05-04 06:00:46,334 [INFO] Sent big command for bLayoff_Treemap__Company_Size_by_Employees_Affectedb.png.
2026-05-04 06:00:46,353 [INFO] Reloading tab A2B0 before return.
2026-05-04 06:00:46,633 [INFO] Putting tab A2B0 back (queue size: 0).
2026-05-04 06:00:46,633 [INFO] Waiting for all cleanups to finish.
2026-05-04 06:00:46,634 [INFO] Exiting Kaleido
2026-05-04 06:00:46,634 [INFO] Closing browser.
2026-05-04 06:00:46,638 [INFO] Closing browser.
2026-05-04 06:00:46,641 [INFO] TemporaryDirectory.cleanup() worked.
2026-05-04 06:00:46,641 [INFO] shutil.rmtree worked.
2026-05-04 06:00:46,642 [INFO] Cancelling tasks.
2026-05-04 06:00:46,642 [INFO] Exiting Kaleido/Choreo
2026-05-04 06:00:47,087 [INFO] TemporaryDirectory.cleanup() worked.
2026-05-04 06:00:47,088 [INFO] shutil.rmtree worked.
2026-05-04 06:00:47,088 [INFO] TemporaryDirectory.cleanup() worked.
2026-05-04 06:00:47,089 [INFO] shutil.rmtree worked.
2026-05-04 06:00:47,089 [INFO] Cancelling tasks.
2026-05-04 06:00:47,089 [INFO] Exiting Kaleido/Choreo
2026-05-04 06:00:47,093 [INFO]   → PNG: /Users/bilalmac2/git_repo/warn/docs/charts/6_treemap.png
2026-05-04 06:00:47,093 [INFO]   → HTML div: /Users/bilalmac2/git_repo/warn/docs/charts/6_treemap.html
2026-05-04 06:00:47,095 [INFO] Chart 7: Year-over-year bar …
2026-05-04 06:00:47,217 [INFO] Chromium init'ed with kwargs {}
2026-05-04 06:00:47,219 [INFO] Found chromium path: /Applications/Google Chrome.app/Contents/MacOS/Google Chrome
2026-05-04 06:00:47,219 [INFO] Temp directory created: /var/folders/2l/_mqykd2n143bpj9ts872cs5m0000gn/T/tmpfvurge5m.
2026-05-04 06:00:47,221 [INFO] Opening browser.
2026-05-04 06:00:47,222 [INFO] Temp directory created: /var/folders/2l/_mqykd2n143bpj9ts872cs5m0000gn/T/tmpftqbjo87.
2026-05-04 06:00:47,222 [INFO] Temporary directory at: /var/folders/2l/_mqykd2n143bpj9ts872cs5m0000gn/T/tmpftqbjo87
2026-05-04 06:00:47,239 [INFO] TemporaryDirectory.cleanup() worked.
2026-05-04 06:00:47,240 [INFO] shutil.rmtree worked.
2026-05-04 06:00:49,784 [INFO] Conforming 1 to file:///var/folders/2l/_mqykd2n143bpj9ts872cs5m0000gn/T/tmpfvurge5m/index.html
2026-05-04 06:00:49,812 [INFO] Waiting on all navigates
2026-05-04 06:00:52,713 [INFO] All navigates done, putting them all in queue.
2026-05-04 06:00:52,716 [INFO] Getting tab from queue (has 1)
2026-05-04 06:00:52,717 [INFO] Got EB0F
2026-05-04 06:00:52,717 [INFO] Processing bYear_over_Year__Employees_Affected__Notice_Count_2014Presentb.png
2026-05-04 06:00:52,717 [INFO] Sending big command for bYear_over_Year__Employees_Affected__Notice_Count_2014Presentb.png.
2026-05-04 06:00:53,176 [INFO] Sent big command for bYear_over_Year__Employees_Affected__Notice_Count_2014Presentb.png.
2026-05-04 06:00:53,183 [INFO] Reloading tab EB0F before return.
2026-05-04 06:00:53,447 [INFO] Putting tab EB0F back (queue size: 0).
2026-05-04 06:00:53,448 [INFO] Waiting for all cleanups to finish.
2026-05-04 06:00:53,448 [INFO] Exiting Kaleido
2026-05-04 06:00:53,448 [INFO] Closing browser.
2026-05-04 06:00:53,456 [INFO] Closing browser.
2026-05-04 06:00:53,459 [INFO] TemporaryDirectory.cleanup() worked.
2026-05-04 06:00:53,461 [INFO] shutil.rmtree worked.
2026-05-04 06:00:53,461 [INFO] Cancelling tasks.
2026-05-04 06:00:53,461 [INFO] Exiting Kaleido/Choreo
2026-05-04 06:00:53,928 [INFO] TemporaryDirectory.cleanup() worked.
2026-05-04 06:00:53,929 [INFO] shutil.rmtree worked.
2026-05-04 06:00:53,929 [INFO] TemporaryDirectory.cleanup() worked.
2026-05-04 06:00:53,930 [INFO] shutil.rmtree worked.
2026-05-04 06:00:53,930 [INFO] Cancelling tasks.
2026-05-04 06:00:53,930 [INFO] Exiting Kaleido/Choreo
2026-05-04 06:00:53,935 [INFO]   → PNG: /Users/bilalmac2/git_repo/warn/docs/charts/7_yoy_bar.png
2026-05-04 06:00:53,935 [INFO]   → HTML div: /Users/bilalmac2/git_repo/warn/docs/charts/7_yoy_bar.html
2026-05-04 06:00:53,936 [INFO] Chart 8: Multi-year trend …
/Users/bilalmac2/git_repo/warn/warn_charts.py:593: UserWarning: Could not infer format, so each element will be parsed individually, falling back to `dateutil`. To ensure parsing is consistent and as-expected, please specify a format.
  df_all["effective_date"] = pd.to_datetime(df_all["effective_date"], errors="coerce")
2026-05-04 06:00:54,166 [INFO] Chromium init'ed with kwargs {}
2026-05-04 06:00:54,167 [INFO] Found chromium path: /Applications/Google Chrome.app/Contents/MacOS/Google Chrome
2026-05-04 06:00:54,168 [INFO] Temp directory created: /var/folders/2l/_mqykd2n143bpj9ts872cs5m0000gn/T/tmpdvaa1eab.
2026-05-04 06:00:54,169 [INFO] Opening browser.
2026-05-04 06:00:54,170 [INFO] Temp directory created: /var/folders/2l/_mqykd2n143bpj9ts872cs5m0000gn/T/tmp8aorzpw9.
2026-05-04 06:00:54,170 [INFO] Temporary directory at: /var/folders/2l/_mqykd2n143bpj9ts872cs5m0000gn/T/tmp8aorzpw9
2026-05-04 06:00:56,740 [INFO] Conforming 1 to file:///var/folders/2l/_mqykd2n143bpj9ts872cs5m0000gn/T/tmpdvaa1eab/index.html
2026-05-04 06:00:56,752 [INFO] Waiting on all navigates
2026-05-04 06:00:59,968 [INFO] All navigates done, putting them all in queue.
2026-05-04 06:00:59,972 [INFO] Getting tab from queue (has 1)
2026-05-04 06:00:59,972 [INFO] Got B01D
2026-05-04 06:00:59,973 [INFO] Processing bMulti_Year_Monthly_Comparison__Employees_Affected_by_Monthb.png
2026-05-04 06:00:59,973 [INFO] Sending big command for bMulti_Year_Monthly_Comparison__Employees_Affected_by_Monthb.png.
2026-05-04 06:01:00,481 [INFO] Sent big command for bMulti_Year_Monthly_Comparison__Employees_Affected_by_Monthb.png.
2026-05-04 06:01:00,499 [INFO] Reloading tab B01D before return.
2026-05-04 06:01:00,809 [INFO] Putting tab B01D back (queue size: 0).
2026-05-04 06:01:00,810 [INFO] Waiting for all cleanups to finish.
2026-05-04 06:01:00,810 [INFO] Exiting Kaleido
2026-05-04 06:01:00,810 [INFO] Closing browser.
2026-05-04 06:01:00,815 [INFO] Closing browser.
2026-05-04 06:01:00,818 [INFO] TemporaryDirectory.cleanup() worked.
2026-05-04 06:01:00,819 [INFO] shutil.rmtree worked.
2026-05-04 06:01:00,819 [INFO] Cancelling tasks.
2026-05-04 06:01:00,819 [INFO] Exiting Kaleido/Choreo
2026-05-04 06:01:01,392 [INFO] TemporaryDirectory.cleanup() worked.
2026-05-04 06:01:01,393 [INFO] shutil.rmtree worked.
2026-05-04 06:01:01,393 [INFO] TemporaryDirectory.cleanup() worked.
2026-05-04 06:01:01,394 [INFO] shutil.rmtree worked.
2026-05-04 06:01:01,394 [INFO] Cancelling tasks.
2026-05-04 06:01:01,394 [INFO] Exiting Kaleido/Choreo
2026-05-04 06:01:01,399 [INFO]   → PNG: /Users/bilalmac2/git_repo/warn/docs/charts/8_multiyear_trend.png
2026-05-04 06:01:01,399 [INFO]   → HTML div: /Users/bilalmac2/git_repo/warn/docs/charts/8_multiyear_trend.html
2026-05-04 06:01:01,401 [INFO] Chart 9: Industry breakdown …
2026-05-04 06:01:01,534 [INFO] Chromium init'ed with kwargs {}
2026-05-04 06:01:01,535 [INFO] Found chromium path: /Applications/Google Chrome.app/Contents/MacOS/Google Chrome
2026-05-04 06:01:01,536 [INFO] Temp directory created: /var/folders/2l/_mqykd2n143bpj9ts872cs5m0000gn/T/tmp56winbfj.
2026-05-04 06:01:01,538 [INFO] Opening browser.
2026-05-04 06:01:01,539 [INFO] Temp directory created: /var/folders/2l/_mqykd2n143bpj9ts872cs5m0000gn/T/tmp911cx0uz.
2026-05-04 06:01:01,539 [INFO] Temporary directory at: /var/folders/2l/_mqykd2n143bpj9ts872cs5m0000gn/T/tmp911cx0uz
2026-05-04 06:01:04,312 [INFO] Conforming 1 to file:///var/folders/2l/_mqykd2n143bpj9ts872cs5m0000gn/T/tmp56winbfj/index.html
2026-05-04 06:01:04,330 [INFO] Waiting on all navigates
2026-05-04 06:01:07,500 [INFO] All navigates done, putting them all in queue.
2026-05-04 06:01:07,503 [INFO] Getting tab from queue (has 1)
2026-05-04 06:01:07,503 [INFO] Got BDFD
2026-05-04 06:01:07,504 [INFO] Processing bEmployees_Affected_by_Industry_Sectorb.png
2026-05-04 06:01:07,504 [INFO] Sending big command for bEmployees_Affected_by_Industry_Sectorb.png.
2026-05-04 06:01:07,963 [INFO] Sent big command for bEmployees_Affected_by_Industry_Sectorb.png.
2026-05-04 06:01:07,977 [INFO] Reloading tab BDFD before return.
2026-05-04 06:01:08,287 [INFO] Putting tab BDFD back (queue size: 0).
2026-05-04 06:01:08,287 [INFO] Waiting for all cleanups to finish.
2026-05-04 06:01:08,287 [INFO] Exiting Kaleido
2026-05-04 06:01:08,288 [INFO] Closing browser.
2026-05-04 06:01:08,298 [INFO] Closing browser.
2026-05-04 06:01:08,301 [INFO] TemporaryDirectory.cleanup() worked.
2026-05-04 06:01:08,301 [INFO] shutil.rmtree worked.
2026-05-04 06:01:08,302 [INFO] Cancelling tasks.
2026-05-04 06:01:08,303 [INFO] Exiting Kaleido/Choreo
2026-05-04 06:01:08,954 [INFO] TemporaryDirectory.cleanup() worked.
2026-05-04 06:01:08,955 [INFO] shutil.rmtree worked.
2026-05-04 06:01:08,955 [INFO] TemporaryDirectory.cleanup() worked.
2026-05-04 06:01:08,956 [INFO] shutil.rmtree worked.
2026-05-04 06:01:08,956 [INFO] Cancelling tasks.
2026-05-04 06:01:08,956 [INFO] Exiting Kaleido/Choreo
2026-05-04 06:01:08,961 [INFO]   → PNG: /Users/bilalmac2/git_repo/warn/docs/charts/9_industry_breakdown.png
2026-05-04 06:01:08,961 [INFO]   → HTML div: /Users/bilalmac2/git_repo/warn/docs/charts/9_industry_breakdown.html
2026-05-04 06:01:08,963 [INFO] Chart 10: Lead time histogram …
2026-05-04 06:01:09,002 [INFO] TemporaryDirectory.cleanup() worked.
2026-05-04 06:01:09,002 [INFO] shutil.rmtree worked.
2026-05-04 06:01:09,002 [INFO] TemporaryDirectory.cleanup() worked.
2026-05-04 06:01:09,003 [INFO] shutil.rmtree worked.
2026-05-04 06:01:09,108 [INFO] Chromium init'ed with kwargs {}
2026-05-04 06:01:09,110 [INFO] Found chromium path: /Applications/Google Chrome.app/Contents/MacOS/Google Chrome
2026-05-04 06:01:09,111 [INFO] Temp directory created: /var/folders/2l/_mqykd2n143bpj9ts872cs5m0000gn/T/tmpy4d7o7r6.
2026-05-04 06:01:09,112 [INFO] Opening browser.
2026-05-04 06:01:09,114 [INFO] Temp directory created: /var/folders/2l/_mqykd2n143bpj9ts872cs5m0000gn/T/tmpjavwtei6.
2026-05-04 06:01:09,114 [INFO] Temporary directory at: /var/folders/2l/_mqykd2n143bpj9ts872cs5m0000gn/T/tmpjavwtei6
2026-05-04 06:01:11,916 [INFO] Conforming 1 to file:///var/folders/2l/_mqykd2n143bpj9ts872cs5m0000gn/T/tmpy4d7o7r6/index.html
2026-05-04 06:01:11,931 [INFO] Waiting on all navigates
2026-05-04 06:01:15,158 [INFO] All navigates done, putting them all in queue.
2026-05-04 06:01:15,162 [INFO] Getting tab from queue (has 1)
2026-05-04 06:01:15,162 [INFO] Got C9D7
2026-05-04 06:01:15,163 [INFO] Processing bNotice_Lead_Time_Distribution__73_Filed_60_Days_in_Advanceb.png
2026-05-04 06:01:15,163 [INFO] Sending big command for bNotice_Lead_Time_Distribution__73_Filed_60_Days_in_Advanceb.png.
2026-05-04 06:01:15,528 [INFO] Sent big command for bNotice_Lead_Time_Distribution__73_Filed_60_Days_in_Advanceb.png.
2026-05-04 06:01:15,533 [INFO] Reloading tab C9D7 before return.
2026-05-04 06:01:15,941 [INFO] Putting tab C9D7 back (queue size: 0).
2026-05-04 06:01:15,942 [INFO] Waiting for all cleanups to finish.
2026-05-04 06:01:15,942 [INFO] Exiting Kaleido
2026-05-04 06:01:15,942 [INFO] Closing browser.
2026-05-04 06:01:15,953 [INFO] Closing browser.
2026-05-04 06:01:15,958 [INFO] TemporaryDirectory.cleanup() worked.
2026-05-04 06:01:15,959 [INFO] shutil.rmtree worked.
2026-05-04 06:01:15,959 [INFO] Cancelling tasks.
2026-05-04 06:01:15,959 [INFO] Exiting Kaleido/Choreo
2026-05-04 06:01:16,634 [INFO] TemporaryDirectory.cleanup() worked.
2026-05-04 06:01:16,635 [INFO] shutil.rmtree worked.
2026-05-04 06:01:16,635 [INFO] TemporaryDirectory.cleanup() worked.
2026-05-04 06:01:16,636 [INFO] shutil.rmtree worked.
2026-05-04 06:01:16,636 [INFO] Cancelling tasks.
2026-05-04 06:01:16,636 [INFO] Exiting Kaleido/Choreo
2026-05-04 06:01:16,642 [INFO]   → PNG: /Users/bilalmac2/git_repo/warn/docs/charts/10_lead_time.png
2026-05-04 06:01:16,642 [INFO]   → HTML div: /Users/bilalmac2/git_repo/warn/docs/charts/10_lead_time.html
2026-05-04 06:01:16,643 [INFO] Chart 11: County bar …
2026-05-04 06:01:16,750 [INFO] Chromium init'ed with kwargs {}
2026-05-04 06:01:16,752 [INFO] Found chromium path: /Applications/Google Chrome.app/Contents/MacOS/Google Chrome
2026-05-04 06:01:16,753 [INFO] Temp directory created: /var/folders/2l/_mqykd2n143bpj9ts872cs5m0000gn/T/tmpszxaqpw3.
2026-05-04 06:01:16,754 [INFO] Opening browser.
2026-05-04 06:01:16,756 [INFO] Temp directory created: /var/folders/2l/_mqykd2n143bpj9ts872cs5m0000gn/T/tmpjhs10cn1.
2026-05-04 06:01:16,756 [INFO] Temporary directory at: /var/folders/2l/_mqykd2n143bpj9ts872cs5m0000gn/T/tmpjhs10cn1
2026-05-04 06:01:19,389 [INFO] Conforming 1 to file:///var/folders/2l/_mqykd2n143bpj9ts872cs5m0000gn/T/tmpszxaqpw3/index.html
2026-05-04 06:01:19,397 [INFO] Waiting on all navigates
2026-05-04 06:01:22,688 [INFO] All navigates done, putting them all in queue.
2026-05-04 06:01:22,691 [INFO] Getting tab from queue (has 1)
2026-05-04 06:01:22,691 [INFO] Got 5C14
2026-05-04 06:01:22,692 [INFO] Processing bTop_10_Counties_by_Employees_Affectedb.png
2026-05-04 06:01:22,692 [INFO] Sending big command for bTop_10_Counties_by_Employees_Affectedb.png.
2026-05-04 06:01:23,128 [INFO] Sent big command for bTop_10_Counties_by_Employees_Affectedb.png.
2026-05-04 06:01:23,138 [INFO] Reloading tab 5C14 before return.
2026-05-04 06:01:23,471 [INFO] Putting tab 5C14 back (queue size: 0).
2026-05-04 06:01:23,472 [INFO] Waiting for all cleanups to finish.
2026-05-04 06:01:23,472 [INFO] Exiting Kaleido
2026-05-04 06:01:23,472 [INFO] Closing browser.
2026-05-04 06:01:23,481 [INFO] Closing browser.
2026-05-04 06:01:23,486 [INFO] TemporaryDirectory.cleanup() worked.
2026-05-04 06:01:23,487 [INFO] shutil.rmtree worked.
2026-05-04 06:01:23,488 [INFO] Cancelling tasks.
2026-05-04 06:01:23,488 [INFO] Exiting Kaleido/Choreo
2026-05-04 06:01:24,042 [INFO] TemporaryDirectory.cleanup() worked.
2026-05-04 06:01:24,043 [INFO] shutil.rmtree worked.
2026-05-04 06:01:24,043 [INFO] TemporaryDirectory.cleanup() worked.
2026-05-04 06:01:24,044 [INFO] shutil.rmtree worked.
2026-05-04 06:01:24,044 [INFO] Cancelling tasks.
2026-05-04 06:01:24,044 [INFO] Exiting Kaleido/Choreo
2026-05-04 06:01:24,048 [INFO]   → PNG: /Users/bilalmac2/git_repo/warn/docs/charts/11_county_bar.png
2026-05-04 06:01:24,049 [INFO]   → HTML div: /Users/bilalmac2/git_repo/warn/docs/charts/11_county_bar.html
2026-05-04 06:01:24,051 [INFO] Charts complete.
2026-05-04 06:01:24,057 [INFO] Step 5/5: Building site …
2026-05-04 06:01:24,057 [INFO] Building index.html …
2026-05-04 06:01:24,218 [INFO] Site built → /Users/bilalmac2/git_repo/warn/docs/index.html
2026-05-04 06:01:24,219 [INFO] Git push …
2026-05-04 06:01:24,219 [INFO] Staging changes …
2026-05-04 06:01:24,769 [INFO] Committing: auto: WARN update 2026-05-04 13:01 UTC
2026-05-04 06:01:25,028 [INFO] Pushing to origin/main …
2026-05-04 06:01:25,934 [WARNING] git push origin main stderr: To https://github.com/bilalahamad0/warn.git
 ! [rejected]        main -> main (fetch first)
error: failed to push some refs to 'https://github.com/bilalahamad0/warn.git'
hint: Updates were rejected because the remote contains work that you do not
hint: have locally. This is usually caused by another repository pushing to
hint: the same ref. If you want to integrate the remote changes, use
hint: 'git pull' before pushing again.
hint: See the 'Note about fast-forwards' in 'git push --help' for details.
2026-05-04 06:01:26,012 [ERROR] ✗ Push failed — check GITHUB_TOKEN and repo permissions.
2026-05-04 06:01:26,013 [INFO] ✓ Publisher complete.
2026-05-04 06:01:26,127 [INFO] TemporaryDirectory.cleanup() worked.
2026-05-04 06:01:26,128 [INFO] shutil.rmtree worked.
2026-05-04 06:01:26,128 [INFO] TemporaryDirectory.cleanup() worked.
2026-05-04 06:01:26,128 [INFO] shutil.rmtree worked.
2026-05-04 06:01:26,129 [INFO] TemporaryDirectory.cleanup() worked.
2026-05-04 06:01:26,129 [INFO] shutil.rmtree worked.
2026-05-04 06:01:26,129 [INFO] TemporaryDirectory.cleanup() worked.
2026-05-04 06:01:26,129 [INFO] shutil.rmtree worked.
/Users/bilalmac2/Library/Python/3.9/lib/python/site-packages/urllib3/__init__.py:34: NotOpenSSLWarning: urllib3 v2.0 only supports OpenSSL 1.1.1+, currently the 'ssl' module is compiled with 'LibreSSL 2.8.3'. See: https://github.com/urllib3/urllib3/issues/3020
  warnings.warn(
2026-05-04 18:00:01,651 [INFO] ======================================================================
2026-05-04 18:00:01,651 [INFO] WARN Publisher — 2026-05-05T01:00:01.651575+00:00Z
2026-05-04 18:00:01,652 [INFO] ======================================================================
2026-05-04 18:00:01,652 [INFO] Step 1/5: Running monitor …
2026-05-04 18:00:01,652 [INFO] ============================================================
2026-05-04 18:00:01,652 [INFO] WARN Monitor — 2026-05-05T01:00:01.652176+00:00Z
2026-05-04 18:00:01,652 [INFO] ============================================================
2026-05-04 18:00:01,652 [INFO] Requesting WARN XLSX from EDD …
2026-05-04 18:00:01,808 [INFO] EDD server: 304 Not Modified — data unchanged.
2026-05-04 18:00:01,810 [INFO] Parsing /Users/bilalmac2/git_repo/warn/file.xlsx …
2026-05-04 18:00:02,102 [INFO] Available sheets: ['Index', 'WARN Report Summary', 'Detailed WARN Report ', 'Call Center Relocations Summary', 'Call Center Relocations Report', 'Industry List']
2026-05-04 18:00:02,102 [INFO] Using sheet: 'Detailed WARN Report '
/Users/bilalmac2/Library/Python/3.9/lib/python/site-packages/openpyxl/worksheet/_reader.py:329: UserWarning: Data Validation extension is not supported and will be removed
  warn(msg)
2026-05-04 18:00:02,473 [INFO] Detailed sheet columns: ['County/Parish', 'Notice\nDate', 'Processed\nDate', 'Effective \nDate', 'Company', 'Layoff/\nClosure', 'No. Of\nEmployees', 'Address', 'Related Industry']
2026-05-04 18:00:02,681 [INFO] Parsed 1224 WARN records spanning 2025-01-05 → 2026-12-30
2026-05-04 18:00:02,693 [INFO] No data changes detected.
2026-05-04 18:00:02,720 [INFO] Saved 1224 records to /Users/bilalmac2/git_repo/warn/data/warn_latest.json
2026-05-04 18:00:02,720 [INFO] Monitor run complete.
2026-05-04 18:00:02,720 [INFO] Step 2/5: Generating diff report …
2026-05-04 18:00:02,967 [INFO] Step 3/5: Updating historical data …
2026-05-04 18:00:02,968 [INFO] Year 2014: already parsed — skipping (use --force to re-parse)
2026-05-04 18:00:02,968 [INFO] Year 2015: already parsed — skipping (use --force to re-parse)
2026-05-04 18:00:02,968 [INFO] Year 2016: already parsed — skipping (use --force to re-parse)
2026-05-04 18:00:02,968 [INFO] Year 2017: already parsed — skipping (use --force to re-parse)
2026-05-04 18:00:02,968 [INFO] Year 2018: already parsed — skipping (use --force to re-parse)
2026-05-04 18:00:02,968 [INFO] Year 2019: already parsed — skipping (use --force to re-parse)
2026-05-04 18:00:02,968 [INFO] Year 2020: already parsed — skipping (use --force to re-parse)
2026-05-04 18:00:02,968 [INFO] Year 2021: already parsed — skipping (use --force to re-parse)
2026-05-04 18:00:02,968 [INFO] Year 2022: already parsed — skipping (use --force to re-parse)
2026-05-04 18:00:02,968 [INFO] Year 2023: already parsed — skipping (use --force to re-parse)
2026-05-04 18:00:02,968 [INFO] Year 2024: already parsed — skipping (use --force to re-parse)
2026-05-04 18:00:03,004 [INFO] Combined dataset: 1,525 records across 12 years
2026-05-04 18:00:03,005 [INFO] Step 4/5: Generating charts …
2026-05-04 18:00:03,029 [INFO] Loaded 1224 records for charting.
2026-05-04 18:00:03,035 [INFO] Historical data: 1,525 records across 12 years
2026-05-04 18:00:03,035 [INFO] Chart 1: Timeline scatter …
2026-05-04 18:00:04,113 [INFO] Chromium init'ed with kwargs {}
2026-05-04 18:00:04,124 [INFO] Found chromium path: /Applications/Google Chrome.app/Contents/MacOS/Google Chrome
2026-05-04 18:00:04,126 [INFO] Temp directory created: /var/folders/2l/_mqykd2n143bpj9ts872cs5m0000gn/T/tmp_hy6mnx3.
2026-05-04 18:00:04,127 [INFO] Opening browser.
2026-05-04 18:00:04,128 [INFO] Temp directory created: /var/folders/2l/_mqykd2n143bpj9ts872cs5m0000gn/T/tmprpnzydeq.
2026-05-04 18:00:04,128 [INFO] Temporary directory at: /var/folders/2l/_mqykd2n143bpj9ts872cs5m0000gn/T/tmprpnzydeq
2026-05-04 18:00:05,450 [INFO] Conforming 1 to file:///var/folders/2l/_mqykd2n143bpj9ts872cs5m0000gn/T/tmp_hy6mnx3/index.html
2026-05-04 18:00:05,461 [INFO] Waiting on all navigates
2026-05-04 18:00:06,664 [INFO] All navigates done, putting them all in queue.
2026-05-04 18:00:06,665 [INFO] Getting tab from queue (has 1)
2026-05-04 18:00:06,665 [INFO] Got B621
2026-05-04 18:00:06,665 [INFO] Processing bWARN_Notices__Employees_by_Effective_Dateb.png
2026-05-04 18:00:06,666 [INFO] Sending big command for bWARN_Notices__Employees_by_Effective_Dateb.png.
2026-05-04 18:00:08,638 [INFO] Sent big command for bWARN_Notices__Employees_by_Effective_Dateb.png.
2026-05-04 18:00:08,646 [INFO] Reloading tab B621 before return.
2026-05-04 18:00:08,872 [INFO] Putting tab B621 back (queue size: 0).
2026-05-04 18:00:08,872 [INFO] Waiting for all cleanups to finish.
2026-05-04 18:00:08,872 [INFO] Exiting Kaleido
2026-05-04 18:00:08,873 [INFO] Closing browser.
2026-05-04 18:00:08,874 [INFO] Closing browser.
2026-05-04 18:00:08,875 [INFO] TemporaryDirectory.cleanup() worked.
2026-05-04 18:00:08,876 [INFO] shutil.rmtree worked.
2026-05-04 18:00:08,876 [INFO] Cancelling tasks.
2026-05-04 18:00:08,876 [INFO] Exiting Kaleido/Choreo
2026-05-04 18:00:09,247 [INFO] TemporaryDirectory.cleanup() worked.
2026-05-04 18:00:09,248 [INFO] shutil.rmtree worked.
2026-05-04 18:00:09,248 [INFO] TemporaryDirectory.cleanup() worked.
2026-05-04 18:00:09,248 [INFO] shutil.rmtree worked.
2026-05-04 18:00:09,248 [INFO] Cancelling tasks.
2026-05-04 18:00:09,248 [INFO] Exiting Kaleido/Choreo
2026-05-04 18:00:09,250 [INFO]   → PNG: /Users/bilalmac2/git_repo/warn/docs/charts/1_timeline_scatter.png
2026-05-04 18:00:09,250 [INFO]   → HTML div: /Users/bilalmac2/git_repo/warn/docs/charts/1_timeline_scatter.html
2026-05-04 18:00:09,250 [INFO] Chart 2: Monthly bar chart …
2026-05-04 18:00:09,290 [INFO] Chromium init'ed with kwargs {}
2026-05-04 18:00:09,291 [INFO] Found chromium path: /Applications/Google Chrome.app/Contents/MacOS/Google Chrome
2026-05-04 18:00:09,291 [INFO] Temp directory created: /var/folders/2l/_mqykd2n143bpj9ts872cs5m0000gn/T/tmpn3lr61as.
2026-05-04 18:00:09,292 [INFO] Opening browser.
2026-05-04 18:00:09,292 [INFO] Temp directory created: /var/folders/2l/_mqykd2n143bpj9ts872cs5m0000gn/T/tmpisz_tis4.
2026-05-04 18:00:09,292 [INFO] Temporary directory at: /var/folders/2l/_mqykd2n143bpj9ts872cs5m0000gn/T/tmpisz_tis4
2026-05-04 18:00:10,531 [INFO] Conforming 1 to file:///var/folders/2l/_mqykd2n143bpj9ts872cs5m0000gn/T/tmpn3lr61as/index.html
2026-05-04 18:00:10,544 [INFO] Waiting on all navigates
2026-05-04 18:00:11,728 [INFO] All navigates done, putting them all in queue.
2026-05-04 18:00:11,730 [INFO] Getting tab from queue (has 1)
2026-05-04 18:00:11,730 [INFO] Got CCF2
2026-05-04 18:00:11,730 [INFO] Processing bMonthly_Layoffs__Total_Employees_Affectedb.png
2026-05-04 18:00:11,730 [INFO] Sending big command for bMonthly_Layoffs__Total_Employees_Affectedb.png.
2026-05-04 18:00:11,886 [INFO] Sent big command for bMonthly_Layoffs__Total_Employees_Affectedb.png.
2026-05-04 18:00:11,888 [INFO] Reloading tab CCF2 before return.
2026-05-04 18:00:11,988 [INFO] Putting tab CCF2 back (queue size: 0).
2026-05-04 18:00:11,988 [INFO] Waiting for all cleanups to finish.
2026-05-04 18:00:11,988 [INFO] Exiting Kaleido
2026-05-04 18:00:11,988 [INFO] Closing browser.
2026-05-04 18:00:11,990 [INFO] Closing browser.
2026-05-04 18:00:11,991 [INFO] TemporaryDirectory.cleanup() worked.
2026-05-04 18:00:11,991 [INFO] shutil.rmtree worked.
2026-05-04 18:00:11,992 [INFO] Cancelling tasks.
2026-05-04 18:00:11,992 [INFO] Exiting Kaleido/Choreo
2026-05-04 18:00:12,177 [INFO] TemporaryDirectory.cleanup() worked.
2026-05-04 18:00:12,177 [INFO] shutil.rmtree worked.
2026-05-04 18:00:12,177 [INFO] TemporaryDirectory.cleanup() worked.
2026-05-04 18:00:12,177 [INFO] shutil.rmtree worked.
2026-05-04 18:00:12,177 [INFO] Cancelling tasks.
2026-05-04 18:00:12,177 [INFO] Exiting Kaleido/Choreo
2026-05-04 18:00:12,179 [INFO]   → PNG: /Users/bilalmac2/git_repo/warn/docs/charts/2_monthly_bar.png
2026-05-04 18:00:12,179 [INFO]   → HTML div: /Users/bilalmac2/git_repo/warn/docs/charts/2_monthly_bar.html
2026-05-04 18:00:12,180 [INFO] Chart 3: Rolling trend …
2026-05-04 18:00:12,234 [INFO] Chromium init'ed with kwargs {}
2026-05-04 18:00:12,234 [INFO] Found chromium path: /Applications/Google Chrome.app/Contents/MacOS/Google Chrome
2026-05-04 18:00:12,235 [INFO] Temp directory created: /var/folders/2l/_mqykd2n143bpj9ts872cs5m0000gn/T/tmpoq5zeubg.
2026-05-04 18:00:12,235 [INFO] Opening browser.
2026-05-04 18:00:12,236 [INFO] Temp directory created: /var/folders/2l/_mqykd2n143bpj9ts872cs5m0000gn/T/tmpbac6nh_f.
2026-05-04 18:00:12,236 [INFO] Temporary directory at: /var/folders/2l/_mqykd2n143bpj9ts872cs5m0000gn/T/tmpbac6nh_f
2026-05-04 18:00:13,514 [INFO] Conforming 1 to file:///var/folders/2l/_mqykd2n143bpj9ts872cs5m0000gn/T/tmpoq5zeubg/index.html
2026-05-04 18:00:13,526 [INFO] Waiting on all navigates
2026-05-04 18:00:14,767 [INFO] All navigates done, putting them all in queue.
2026-05-04 18:00:14,768 [INFO] Getting tab from queue (has 1)
2026-05-04 18:00:14,768 [INFO] Got 3A4C
2026-05-04 18:00:14,769 [INFO] Processing bLayoff_Trend__Daily_30_Day_Average__Cumulativeb.png
2026-05-04 18:00:14,769 [INFO] Sending big command for bLayoff_Trend__Daily_30_Day_Average__Cumulativeb.png.
2026-05-04 18:00:15,015 [INFO] Sent big command for bLayoff_Trend__Daily_30_Day_Average__Cumulativeb.png.
2026-05-04 18:00:15,018 [INFO] Reloading tab 3A4C before return.
2026-05-04 18:00:15,122 [INFO] Putting tab 3A4C back (queue size: 0).
2026-05-04 18:00:15,123 [INFO] Waiting for all cleanups to finish.
2026-05-04 18:00:15,123 [INFO] Exiting Kaleido
2026-05-04 18:00:15,123 [INFO] Closing browser.
2026-05-04 18:00:15,125 [INFO] Closing browser.
2026-05-04 18:00:15,126 [INFO] TemporaryDirectory.cleanup() worked.
2026-05-04 18:00:15,126 [INFO] shutil.rmtree worked.
2026-05-04 18:00:15,127 [INFO] Cancelling tasks.
2026-05-04 18:00:15,127 [INFO] Exiting Kaleido/Choreo
2026-05-04 18:00:15,366 [INFO] TemporaryDirectory.cleanup() worked.
2026-05-04 18:00:15,366 [INFO] shutil.rmtree worked.
2026-05-04 18:00:15,366 [INFO] TemporaryDirectory.cleanup() worked.
2026-05-04 18:00:15,366 [INFO] shutil.rmtree worked.
2026-05-04 18:00:15,366 [INFO] Cancelling tasks.
2026-05-04 18:00:15,366 [INFO] Exiting Kaleido/Choreo
2026-05-04 18:00:15,368 [INFO]   → PNG: /Users/bilalmac2/git_repo/warn/docs/charts/3_rolling_trend.png
2026-05-04 18:00:15,368 [INFO]   → HTML div: /Users/bilalmac2/git_repo/warn/docs/charts/3_rolling_trend.html
2026-05-04 18:00:15,369 [INFO] Chart 4: Top-25 companies …
2026-05-04 18:00:15,387 [INFO] TemporaryDirectory.cleanup() worked.
2026-05-04 18:00:15,387 [INFO] shutil.rmtree worked.
2026-05-04 18:00:15,387 [INFO] TemporaryDirectory.cleanup() worked.
2026-05-04 18:00:15,387 [INFO] shutil.rmtree worked.
2026-05-04 18:00:15,401 [INFO] Chromium init'ed with kwargs {}
2026-05-04 18:00:15,402 [INFO] Found chromium path: /Applications/Google Chrome.app/Contents/MacOS/Google Chrome
2026-05-04 18:00:15,402 [INFO] Temp directory created: /var/folders/2l/_mqykd2n143bpj9ts872cs5m0000gn/T/tmp6d7bw_j6.
2026-05-04 18:00:15,403 [INFO] Opening browser.
2026-05-04 18:00:15,403 [INFO] Temp directory created: /var/folders/2l/_mqykd2n143bpj9ts872cs5m0000gn/T/tmpzda9ncu8.
2026-05-04 18:00:15,403 [INFO] Temporary directory at: /var/folders/2l/_mqykd2n143bpj9ts872cs5m0000gn/T/tmpzda9ncu8
2026-05-04 18:00:16,609 [INFO] Conforming 1 to file:///var/folders/2l/_mqykd2n143bpj9ts872cs5m0000gn/T/tmp6d7bw_j6/index.html
2026-05-04 18:00:16,620 [INFO] Waiting on all navigates
2026-05-04 18:00:17,811 [INFO] All navigates done, putting them all in queue.
2026-05-04 18:00:17,812 [INFO] Getting tab from queue (has 1)
2026-05-04 18:00:17,813 [INFO] Got CB9D
2026-05-04 18:00:17,813 [INFO] Processing bTop_25_Filtered_Companies_by_Total_Employees_Affectedb.png
2026-05-04 18:00:17,813 [INFO] Sending big command for bTop_25_Filtered_Companies_by_Total_Employees_Affectedb.png.
2026-05-04 18:00:17,990 [INFO] Sent big command for bTop_25_Filtered_Companies_by_Total_Employees_Affectedb.png.
2026-05-04 18:00:17,994 [INFO] Reloading tab CB9D before return.
2026-05-04 18:00:18,097 [INFO] Putting tab CB9D back (queue size: 0).
2026-05-04 18:00:18,097 [INFO] Waiting for all cleanups to finish.
2026-05-04 18:00:18,097 [INFO] Exiting Kaleido
2026-05-04 18:00:18,097 [INFO] Closing browser.
2026-05-04 18:00:18,100 [INFO] Closing browser.
2026-05-04 18:00:18,101 [INFO] TemporaryDirectory.cleanup() worked.
2026-05-04 18:00:18,101 [INFO] shutil.rmtree worked.
2026-05-04 18:00:18,101 [INFO] Cancelling tasks.
2026-05-04 18:00:18,101 [INFO] Exiting Kaleido/Choreo
2026-05-04 18:00:18,374 [INFO] TemporaryDirectory.cleanup() worked.
2026-05-04 18:00:18,374 [INFO] shutil.rmtree worked.
2026-05-04 18:00:18,374 [INFO] TemporaryDirectory.cleanup() worked.
2026-05-04 18:00:18,374 [INFO] shutil.rmtree worked.
2026-05-04 18:00:18,375 [INFO] Cancelling tasks.
2026-05-04 18:00:18,375 [INFO] Exiting Kaleido/Choreo
2026-05-04 18:00:18,376 [INFO]   → PNG: /Users/bilalmac2/git_repo/warn/docs/charts/4_top_companies.png
2026-05-04 18:00:18,377 [INFO]   → HTML div: /Users/bilalmac2/git_repo/warn/docs/charts/4_top_companies.html
2026-05-04 18:00:18,377 [INFO] Chart 5: County heatmap …
2026-05-04 18:00:18,424 [INFO] Chromium init'ed with kwargs {}
2026-05-04 18:00:18,425 [INFO] Found chromium path: /Applications/Google Chrome.app/Contents/MacOS/Google Chrome
2026-05-04 18:00:18,425 [INFO] Temp directory created: /var/folders/2l/_mqykd2n143bpj9ts872cs5m0000gn/T/tmpm0ej6ggd.
2026-05-04 18:00:18,426 [INFO] Opening browser.
2026-05-04 18:00:18,426 [INFO] Temp directory created: /var/folders/2l/_mqykd2n143bpj9ts872cs5m0000gn/T/tmpgdirp3e8.
2026-05-04 18:00:18,426 [INFO] Temporary directory at: /var/folders/2l/_mqykd2n143bpj9ts872cs5m0000gn/T/tmpgdirp3e8
2026-05-04 18:00:19,633 [INFO] Conforming 1 to file:///var/folders/2l/_mqykd2n143bpj9ts872cs5m0000gn/T/tmpm0ej6ggd/index.html
2026-05-04 18:00:19,644 [INFO] Waiting on all navigates
2026-05-04 18:00:20,862 [INFO] All navigates done, putting them all in queue.
2026-05-04 18:00:20,863 [INFO] Getting tab from queue (has 1)
2026-05-04 18:00:20,864 [INFO] Got 3B77
2026-05-04 18:00:20,864 [INFO] Processing bCounty__Month_Heatmap__Employees_Affectedb.png
2026-05-04 18:00:20,864 [INFO] Sending big command for bCounty__Month_Heatmap__Employees_Affectedb.png.
2026-05-04 18:00:21,068 [INFO] Sent big command for bCounty__Month_Heatmap__Employees_Affectedb.png.
2026-05-04 18:00:21,072 [INFO] Reloading tab 3B77 before return.
2026-05-04 18:00:21,177 [INFO] Putting tab 3B77 back (queue size: 0).
2026-05-04 18:00:21,177 [INFO] Waiting for all cleanups to finish.
2026-05-04 18:00:21,177 [INFO] Exiting Kaleido
2026-05-04 18:00:21,177 [INFO] Closing browser.
2026-05-04 18:00:21,181 [INFO] Closing browser.
2026-05-04 18:00:21,182 [INFO] TemporaryDirectory.cleanup() worked.
2026-05-04 18:00:21,182 [INFO] shutil.rmtree worked.
2026-05-04 18:00:21,182 [INFO] Cancelling tasks.
2026-05-04 18:00:21,182 [INFO] Exiting Kaleido/Choreo
2026-05-04 18:00:21,444 [INFO] TemporaryDirectory.cleanup() worked.
2026-05-04 18:00:21,444 [INFO] shutil.rmtree worked.
2026-05-04 18:00:21,444 [INFO] TemporaryDirectory.cleanup() worked.
2026-05-04 18:00:21,444 [INFO] shutil.rmtree worked.
2026-05-04 18:00:21,444 [INFO] Cancelling tasks.
2026-05-04 18:00:21,444 [INFO] Exiting Kaleido/Choreo
2026-05-04 18:00:21,447 [INFO]   → PNG: /Users/bilalmac2/git_repo/warn/docs/charts/5_county_heatmap.png
2026-05-04 18:00:21,447 [INFO]   → HTML div: /Users/bilalmac2/git_repo/warn/docs/charts/5_county_heatmap.html
2026-05-04 18:00:21,447 [INFO] Chart 6: Treemap …
2026-05-04 18:00:21,465 [INFO] TemporaryDirectory.cleanup() worked.
2026-05-04 18:00:21,466 [INFO] shutil.rmtree worked.
2026-05-04 18:00:21,532 [INFO] TemporaryDirectory.cleanup() worked.
2026-05-04 18:00:21,532 [INFO] shutil.rmtree worked.
2026-05-04 18:00:21,590 [INFO] Chromium init'ed with kwargs {}
2026-05-04 18:00:21,591 [INFO] Found chromium path: /Applications/Google Chrome.app/Contents/MacOS/Google Chrome
2026-05-04 18:00:21,591 [INFO] Temp directory created: /var/folders/2l/_mqykd2n143bpj9ts872cs5m0000gn/T/tmpeajf3me1.
2026-05-04 18:00:21,591 [INFO] Opening browser.
2026-05-04 18:00:21,592 [INFO] Temp directory created: /var/folders/2l/_mqykd2n143bpj9ts872cs5m0000gn/T/tmpaey9fmsx.
2026-05-04 18:00:21,592 [INFO] Temporary directory at: /var/folders/2l/_mqykd2n143bpj9ts872cs5m0000gn/T/tmpaey9fmsx
2026-05-04 18:00:22,836 [INFO] Conforming 1 to file:///var/folders/2l/_mqykd2n143bpj9ts872cs5m0000gn/T/tmpeajf3me1/index.html
2026-05-04 18:00:22,840 [INFO] Waiting on all navigates
2026-05-04 18:00:23,978 [INFO] All navigates done, putting them all in queue.
2026-05-04 18:00:23,979 [INFO] Getting tab from queue (has 1)
2026-05-04 18:00:23,979 [INFO] Got 9082
2026-05-04 18:00:23,980 [INFO] Processing bLayoff_Treemap__Company_Size_by_Employees_Affectedb.png
2026-05-04 18:00:23,980 [INFO] Sending big command for bLayoff_Treemap__Company_Size_by_Employees_Affectedb.png.
2026-05-04 18:00:24,340 [INFO] Sent big command for bLayoff_Treemap__Company_Size_by_Employees_Affectedb.png.
2026-05-04 18:00:24,345 [INFO] Reloading tab 9082 before return.
2026-05-04 18:00:24,450 [INFO] Putting tab 9082 back (queue size: 0).
2026-05-04 18:00:24,450 [INFO] Waiting for all cleanups to finish.
2026-05-04 18:00:24,450 [INFO] Exiting Kaleido
2026-05-04 18:00:24,450 [INFO] Closing browser.
2026-05-04 18:00:24,453 [INFO] Closing browser.
2026-05-04 18:00:24,454 [INFO] TemporaryDirectory.cleanup() worked.
2026-05-04 18:00:24,454 [INFO] shutil.rmtree worked.
2026-05-04 18:00:24,454 [INFO] Cancelling tasks.
2026-05-04 18:00:24,454 [INFO] Exiting Kaleido/Choreo
2026-05-04 18:00:24,744 [INFO] TemporaryDirectory.cleanup() worked.
2026-05-04 18:00:24,744 [INFO] shutil.rmtree worked.
2026-05-04 18:00:24,744 [INFO] TemporaryDirectory.cleanup() worked.
2026-05-04 18:00:24,744 [INFO] shutil.rmtree worked.
2026-05-04 18:00:24,744 [INFO] Cancelling tasks.
2026-05-04 18:00:24,744 [INFO] Exiting Kaleido/Choreo
2026-05-04 18:00:24,746 [INFO]   → PNG: /Users/bilalmac2/git_repo/warn/docs/charts/6_treemap.png
2026-05-04 18:00:24,746 [INFO]   → HTML div: /Users/bilalmac2/git_repo/warn/docs/charts/6_treemap.html
2026-05-04 18:00:24,747 [INFO] Chart 7: Year-over-year bar …
2026-05-04 18:00:24,789 [INFO] Chromium init'ed with kwargs {}
2026-05-04 18:00:24,790 [INFO] Found chromium path: /Applications/Google Chrome.app/Contents/MacOS/Google Chrome
2026-05-04 18:00:24,790 [INFO] Temp directory created: /var/folders/2l/_mqykd2n143bpj9ts872cs5m0000gn/T/tmpczs96q6j.
2026-05-04 18:00:24,790 [INFO] Opening browser.
2026-05-04 18:00:24,791 [INFO] Temp directory created: /var/folders/2l/_mqykd2n143bpj9ts872cs5m0000gn/T/tmp2v1ucamg.
2026-05-04 18:00:24,791 [INFO] Temporary directory at: /var/folders/2l/_mqykd2n143bpj9ts872cs5m0000gn/T/tmp2v1ucamg
2026-05-04 18:00:24,798 [INFO] TemporaryDirectory.cleanup() worked.
2026-05-04 18:00:24,798 [INFO] shutil.rmtree worked.
2026-05-04 18:00:26,046 [INFO] Conforming 1 to file:///var/folders/2l/_mqykd2n143bpj9ts872cs5m0000gn/T/tmpczs96q6j/index.html
2026-05-04 18:00:26,073 [INFO] Waiting on all navigates
2026-05-04 18:00:27,307 [INFO] All navigates done, putting them all in queue.
2026-05-04 18:00:27,308 [INFO] Getting tab from queue (has 1)
2026-05-04 18:00:27,308 [INFO] Got 22A4
2026-05-04 18:00:27,309 [INFO] Processing bYear_over_Year__Employees_Affected__Notice_Count_2014Presentb.png
2026-05-04 18:00:27,309 [INFO] Sending big command for bYear_over_Year__Employees_Affected__Notice_Count_2014Presentb.png.
2026-05-04 18:00:27,498 [INFO] Sent big command for bYear_over_Year__Employees_Affected__Notice_Count_2014Presentb.png.
2026-05-04 18:00:27,501 [INFO] Reloading tab 22A4 before return.
2026-05-04 18:00:27,603 [INFO] Putting tab 22A4 back (queue size: 0).
2026-05-04 18:00:27,603 [INFO] Waiting for all cleanups to finish.
2026-05-04 18:00:27,603 [INFO] Exiting Kaleido
2026-05-04 18:00:27,603 [INFO] Closing browser.
2026-05-04 18:00:27,606 [INFO] Closing browser.
2026-05-04 18:00:27,607 [INFO] TemporaryDirectory.cleanup() worked.
2026-05-04 18:00:27,607 [INFO] shutil.rmtree worked.
2026-05-04 18:00:27,607 [INFO] Cancelling tasks.
2026-05-04 18:00:27,607 [INFO] Exiting Kaleido/Choreo
2026-05-04 18:00:27,902 [INFO] TemporaryDirectory.cleanup() worked.
2026-05-04 18:00:27,902 [INFO] shutil.rmtree worked.
2026-05-04 18:00:27,902 [INFO] TemporaryDirectory.cleanup() worked.
2026-05-04 18:00:27,903 [INFO] shutil.rmtree worked.
2026-05-04 18:00:27,903 [INFO] Cancelling tasks.
2026-05-04 18:00:27,903 [INFO] Exiting Kaleido/Choreo
2026-05-04 18:00:27,904 [INFO]   → PNG: /Users/bilalmac2/git_repo/warn/docs/charts/7_yoy_bar.png
2026-05-04 18:00:27,904 [INFO]   → HTML div: /Users/bilalmac2/git_repo/warn/docs/charts/7_yoy_bar.html
2026-05-04 18:00:27,904 [INFO] Chart 8: Multi-year trend …
/Users/bilalmac2/git_repo/warn/warn_charts.py:593: UserWarning: Could not infer format, so each element will be parsed individually, falling back to `dateutil`. To ensure parsing is consistent and as-expected, please specify a format.
  df_all["effective_date"] = pd.to_datetime(df_all["effective_date"], errors="coerce")
2026-05-04 18:00:27,984 [INFO] Chromium init'ed with kwargs {}
2026-05-04 18:00:27,984 [INFO] Found chromium path: /Applications/Google Chrome.app/Contents/MacOS/Google Chrome
2026-05-04 18:00:27,985 [INFO] Temp directory created: /var/folders/2l/_mqykd2n143bpj9ts872cs5m0000gn/T/tmpia40cw9j.
2026-05-04 18:00:27,985 [INFO] Opening browser.
2026-05-04 18:00:27,986 [INFO] Temp directory created: /var/folders/2l/_mqykd2n143bpj9ts872cs5m0000gn/T/tmpo96a85oz.
2026-05-04 18:00:27,986 [INFO] Temporary directory at: /var/folders/2l/_mqykd2n143bpj9ts872cs5m0000gn/T/tmpo96a85oz
2026-05-04 18:00:29,278 [INFO] Conforming 1 to file:///var/folders/2l/_mqykd2n143bpj9ts872cs5m0000gn/T/tmpia40cw9j/index.html
2026-05-04 18:00:29,293 [INFO] Waiting on all navigates
2026-05-04 18:00:30,562 [INFO] All navigates done, putting them all in queue.
2026-05-04 18:00:30,563 [INFO] Getting tab from queue (has 1)
2026-05-04 18:00:30,563 [INFO] Got 88D5
2026-05-04 18:00:30,563 [INFO] Processing bMulti_Year_Monthly_Comparison__Employees_Affected_by_Monthb.png
2026-05-04 18:00:30,563 [INFO] Sending big command for bMulti_Year_Monthly_Comparison__Employees_Affected_by_Monthb.png.
2026-05-04 18:00:30,767 [INFO] Sent big command for bMulti_Year_Monthly_Comparison__Employees_Affected_by_Monthb.png.
2026-05-04 18:00:30,771 [INFO] Reloading tab 88D5 before return.
2026-05-04 18:00:30,870 [INFO] Putting tab 88D5 back (queue size: 0).
2026-05-04 18:00:30,870 [INFO] Waiting for all cleanups to finish.
2026-05-04 18:00:30,870 [INFO] Exiting Kaleido
2026-05-04 18:00:30,870 [INFO] Closing browser.
2026-05-04 18:00:30,871 [INFO] Closing browser.
2026-05-04 18:00:30,873 [INFO] TemporaryDirectory.cleanup() worked.
2026-05-04 18:00:30,873 [INFO] shutil.rmtree worked.
2026-05-04 18:00:30,873 [INFO] Cancelling tasks.
2026-05-04 18:00:30,873 [INFO] Exiting Kaleido/Choreo
2026-05-04 18:00:31,134 [INFO] TemporaryDirectory.cleanup() worked.
2026-05-04 18:00:31,134 [INFO] shutil.rmtree worked.
2026-05-04 18:00:31,134 [INFO] TemporaryDirectory.cleanup() worked.
2026-05-04 18:00:31,134 [INFO] shutil.rmtree worked.
2026-05-04 18:00:31,134 [INFO] Cancelling tasks.
2026-05-04 18:00:31,134 [INFO] Exiting Kaleido/Choreo
2026-05-04 18:00:31,136 [INFO]   → PNG: /Users/bilalmac2/git_repo/warn/docs/charts/8_multiyear_trend.png
2026-05-04 18:00:31,136 [INFO]   → HTML div: /Users/bilalmac2/git_repo/warn/docs/charts/8_multiyear_trend.html
2026-05-04 18:00:31,137 [INFO] Chart 9: Industry breakdown …
2026-05-04 18:00:31,181 [INFO] Chromium init'ed with kwargs {}
2026-05-04 18:00:31,181 [INFO] Found chromium path: /Applications/Google Chrome.app/Contents/MacOS/Google Chrome
2026-05-04 18:00:31,182 [INFO] Temp directory created: /var/folders/2l/_mqykd2n143bpj9ts872cs5m0000gn/T/tmp2w4997tg.
2026-05-04 18:00:31,182 [INFO] Opening browser.
2026-05-04 18:00:31,183 [INFO] Temp directory created: /var/folders/2l/_mqykd2n143bpj9ts872cs5m0000gn/T/tmpdk2rfnh6.
2026-05-04 18:00:31,183 [INFO] Temporary directory at: /var/folders/2l/_mqykd2n143bpj9ts872cs5m0000gn/T/tmpdk2rfnh6
2026-05-04 18:00:32,540 [INFO] Conforming 1 to file:///var/folders/2l/_mqykd2n143bpj9ts872cs5m0000gn/T/tmp2w4997tg/index.html
2026-05-04 18:00:32,556 [INFO] Waiting on all navigates
2026-05-04 18:00:34,076 [INFO] All navigates done, putting them all in queue.
2026-05-04 18:00:34,077 [INFO] Getting tab from queue (has 1)
2026-05-04 18:00:34,077 [INFO] Got EB70
2026-05-04 18:00:34,078 [INFO] Processing bEmployees_Affected_by_Industry_Sectorb.png
2026-05-04 18:00:34,078 [INFO] Sending big command for bEmployees_Affected_by_Industry_Sectorb.png.
2026-05-04 18:00:34,275 [INFO] Sent big command for bEmployees_Affected_by_Industry_Sectorb.png.
2026-05-04 18:00:34,280 [INFO] Reloading tab EB70 before return.
2026-05-04 18:00:34,420 [INFO] Putting tab EB70 back (queue size: 0).
2026-05-04 18:00:34,420 [INFO] Waiting for all cleanups to finish.
2026-05-04 18:00:34,421 [INFO] Exiting Kaleido
2026-05-04 18:00:34,421 [INFO] Closing browser.
2026-05-04 18:00:34,424 [INFO] Closing browser.
2026-05-04 18:00:34,425 [INFO] TemporaryDirectory.cleanup() worked.
2026-05-04 18:00:34,425 [INFO] shutil.rmtree worked.
2026-05-04 18:00:34,425 [INFO] Cancelling tasks.
2026-05-04 18:00:34,425 [INFO] Exiting Kaleido/Choreo
2026-05-04 18:00:34,671 [INFO] TemporaryDirectory.cleanup() worked.
2026-05-04 18:00:34,671 [INFO] shutil.rmtree worked.
2026-05-04 18:00:34,672 [INFO] TemporaryDirectory.cleanup() worked.
2026-05-04 18:00:34,672 [INFO] shutil.rmtree worked.
2026-05-04 18:00:34,672 [INFO] Cancelling tasks.
2026-05-04 18:00:34,672 [INFO] Exiting Kaleido/Choreo
2026-05-04 18:00:34,673 [INFO]   → PNG: /Users/bilalmac2/git_repo/warn/docs/charts/9_industry_breakdown.png
2026-05-04 18:00:34,673 [INFO]   → HTML div: /Users/bilalmac2/git_repo/warn/docs/charts/9_industry_breakdown.html
2026-05-04 18:00:34,674 [INFO] Chart 10: Lead time histogram …
2026-05-04 18:00:34,689 [INFO] TemporaryDirectory.cleanup() worked.
2026-05-04 18:00:34,689 [INFO] shutil.rmtree worked.
2026-05-04 18:00:34,690 [INFO] TemporaryDirectory.cleanup() worked.
2026-05-04 18:00:34,690 [INFO] shutil.rmtree worked.
2026-05-04 18:00:34,731 [INFO] Chromium init'ed with kwargs {}
2026-05-04 18:00:34,732 [INFO] Found chromium path: /Applications/Google Chrome.app/Contents/MacOS/Google Chrome
2026-05-04 18:00:34,732 [INFO] Temp directory created: /var/folders/2l/_mqykd2n143bpj9ts872cs5m0000gn/T/tmpc4ji6x6g.
2026-05-04 18:00:34,733 [INFO] Opening browser.
2026-05-04 18:00:34,734 [INFO] Temp directory created: /var/folders/2l/_mqykd2n143bpj9ts872cs5m0000gn/T/tmp8yc4e875.
2026-05-04 18:00:34,734 [INFO] Temporary directory at: /var/folders/2l/_mqykd2n143bpj9ts872cs5m0000gn/T/tmp8yc4e875
2026-05-04 18:00:36,134 [INFO] Conforming 1 to file:///var/folders/2l/_mqykd2n143bpj9ts872cs5m0000gn/T/tmpc4ji6x6g/index.html
2026-05-04 18:00:36,155 [INFO] Waiting on all navigates
2026-05-04 18:00:37,700 [INFO] All navigates done, putting them all in queue.
2026-05-04 18:00:37,702 [INFO] Getting tab from queue (has 1)
2026-05-04 18:00:37,702 [INFO] Got E50A
2026-05-04 18:00:37,703 [INFO] Processing bNotice_Lead_Time_Distribution__73_Filed_60_Days_in_Advanceb.png
2026-05-04 18:00:37,703 [INFO] Sending big command for bNotice_Lead_Time_Distribution__73_Filed_60_Days_in_Advanceb.png.
2026-05-04 18:00:37,904 [INFO] Sent big command for bNotice_Lead_Time_Distribution__73_Filed_60_Days_in_Advanceb.png.
2026-05-04 18:00:37,907 [INFO] Reloading tab E50A before return.
2026-05-04 18:00:38,047 [INFO] Putting tab E50A back (queue size: 0).
2026-05-04 18:00:38,047 [INFO] Waiting for all cleanups to finish.
2026-05-04 18:00:38,047 [INFO] Exiting Kaleido
2026-05-04 18:00:38,047 [INFO] Closing browser.
2026-05-04 18:00:38,052 [INFO] Closing browser.
2026-05-04 18:00:38,053 [INFO] TemporaryDirectory.cleanup() worked.
2026-05-04 18:00:38,053 [INFO] shutil.rmtree worked.
2026-05-04 18:00:38,053 [INFO] Cancelling tasks.
2026-05-04 18:00:38,053 [INFO] Exiting Kaleido/Choreo
2026-05-04 18:00:38,340 [INFO] TemporaryDirectory.cleanup() worked.
2026-05-04 18:00:38,340 [INFO] shutil.rmtree worked.
2026-05-04 18:00:38,340 [INFO] TemporaryDirectory.cleanup() worked.
2026-05-04 18:00:38,341 [INFO] shutil.rmtree worked.
2026-05-04 18:00:38,341 [INFO] Cancelling tasks.
2026-05-04 18:00:38,341 [INFO] Exiting Kaleido/Choreo
2026-05-04 18:00:38,342 [INFO]   → PNG: /Users/bilalmac2/git_repo/warn/docs/charts/10_lead_time.png
2026-05-04 18:00:38,342 [INFO]   → HTML div: /Users/bilalmac2/git_repo/warn/docs/charts/10_lead_time.html
2026-05-04 18:00:38,343 [INFO] Chart 11: County bar …
2026-05-04 18:00:38,387 [INFO] Chromium init'ed with kwargs {}
2026-05-04 18:00:38,387 [INFO] Found chromium path: /Applications/Google Chrome.app/Contents/MacOS/Google Chrome
2026-05-04 18:00:38,388 [INFO] Temp directory created: /var/folders/2l/_mqykd2n143bpj9ts872cs5m0000gn/T/tmpq0eyt4fx.
2026-05-04 18:00:38,388 [INFO] Opening browser.
2026-05-04 18:00:38,388 [INFO] Temp directory created: /var/folders/2l/_mqykd2n143bpj9ts872cs5m0000gn/T/tmpnjglnies.
2026-05-04 18:00:38,388 [INFO] Temporary directory at: /var/folders/2l/_mqykd2n143bpj9ts872cs5m0000gn/T/tmpnjglnies
2026-05-04 18:00:39,676 [INFO] Conforming 1 to file:///var/folders/2l/_mqykd2n143bpj9ts872cs5m0000gn/T/tmpq0eyt4fx/index.html
2026-05-04 18:00:39,687 [INFO] Waiting on all navigates
2026-05-04 18:00:41,193 [INFO] All navigates done, putting them all in queue.
2026-05-04 18:00:41,195 [INFO] Getting tab from queue (has 1)
2026-05-04 18:00:41,195 [INFO] Got FCD5
2026-05-04 18:00:41,195 [INFO] Processing bTop_10_Counties_by_Employees_Affectedb.png
2026-05-04 18:00:41,196 [INFO] Sending big command for bTop_10_Counties_by_Employees_Affectedb.png.
2026-05-04 18:00:41,384 [INFO] Sent big command for bTop_10_Counties_by_Employees_Affectedb.png.
2026-05-04 18:00:41,386 [INFO] Reloading tab FCD5 before return.
2026-05-04 18:00:41,516 [INFO] Putting tab FCD5 back (queue size: 0).
2026-05-04 18:00:41,516 [INFO] Waiting for all cleanups to finish.
2026-05-04 18:00:41,516 [INFO] Exiting Kaleido
2026-05-04 18:00:41,516 [INFO] Closing browser.
2026-05-04 18:00:41,520 [INFO] Closing browser.
2026-05-04 18:00:41,522 [INFO] TemporaryDirectory.cleanup() worked.
2026-05-04 18:00:41,522 [INFO] shutil.rmtree worked.
2026-05-04 18:00:41,523 [INFO] Cancelling tasks.
2026-05-04 18:00:41,523 [INFO] Exiting Kaleido/Choreo
2026-05-04 18:00:41,798 [INFO] TemporaryDirectory.cleanup() worked.
2026-05-04 18:00:41,798 [INFO] shutil.rmtree worked.
2026-05-04 18:00:41,798 [INFO] TemporaryDirectory.cleanup() worked.
2026-05-04 18:00:41,798 [INFO] shutil.rmtree worked.
2026-05-04 18:00:41,799 [INFO] Cancelling tasks.
2026-05-04 18:00:41,799 [INFO] Exiting Kaleido/Choreo
2026-05-04 18:00:41,801 [INFO]   → PNG: /Users/bilalmac2/git_repo/warn/docs/charts/11_county_bar.png
2026-05-04 18:00:41,801 [INFO]   → HTML div: /Users/bilalmac2/git_repo/warn/docs/charts/11_county_bar.html
2026-05-04 18:00:41,803 [INFO] Charts complete.
2026-05-04 18:00:41,806 [INFO] Step 5/5: Building site …
2026-05-04 18:00:41,806 [INFO] Building index.html …
2026-05-04 18:00:41,862 [INFO] Site built → /Users/bilalmac2/git_repo/warn/docs/index.html
2026-05-04 18:00:41,862 [INFO] Git push …
2026-05-04 18:00:41,863 [INFO] Staging changes …
2026-05-04 18:00:42,062 [INFO] Committing: auto: WARN update 2026-05-05 01:00 UTC
2026-05-04 18:00:42,220 [INFO] Pushing to origin/main …
2026-05-04 18:00:42,883 [WARNING] git push origin main stderr: To https://github.com/bilalahamad0/warn.git
 ! [rejected]        main -> main (fetch first)
error: failed to push some refs to 'https://github.com/bilalahamad0/warn.git'
hint: Updates were rejected because the remote contains work that you do not
hint: have locally. This is usually caused by another repository pushing to
hint: the same ref. If you want to integrate the remote changes, use
hint: 'git pull' before pushing again.
hint: See the 'Note about fast-forwards' in 'git push --help' for details.
2026-05-04 18:00:42,919 [ERROR] ✗ Push failed — check GITHUB_TOKEN and repo permissions.
2026-05-04 18:00:42,919 [INFO] ✓ Publisher complete.
2026-05-04 18:00:42,976 [INFO] TemporaryDirectory.cleanup() worked.
2026-05-04 18:00:42,976 [INFO] shutil.rmtree worked.
2026-05-04 18:00:42,976 [INFO] TemporaryDirectory.cleanup() worked.
2026-05-04 18:00:42,977 [INFO] shutil.rmtree worked.
2026-05-04 18:00:42,977 [INFO] TemporaryDirectory.cleanup() worked.
2026-05-04 18:00:42,977 [INFO] shutil.rmtree worked.
2026-05-04 18:00:42,977 [INFO] TemporaryDirectory.cleanup() worked.
2026-05-04 18:00:42,977 [INFO] shutil.rmtree worked.
/Users/bilalmac2/Library/Python/3.9/lib/python/site-packages/urllib3/__init__.py:34: NotOpenSSLWarning: urllib3 v2.0 only supports OpenSSL 1.1.1+, currently the 'ssl' module is compiled with 'LibreSSL 2.8.3'. See: https://github.com/urllib3/urllib3/issues/3020
  warnings.warn(
2026-05-05 06:09:32,943 [INFO] ======================================================================
2026-05-05 06:09:32,943 [INFO] WARN Publisher — 2026-05-05T13:09:32.943756+00:00Z
2026-05-05 06:09:32,944 [INFO] ======================================================================
2026-05-05 06:09:32,944 [INFO] Step 1/5: Running monitor …
2026-05-05 06:09:32,944 [INFO] ============================================================
2026-05-05 06:09:32,944 [INFO] WARN Monitor — 2026-05-05T13:09:32.944162+00:00Z
2026-05-05 06:09:32,944 [INFO] ============================================================
2026-05-05 06:09:32,944 [INFO] Requesting WARN XLSX from EDD …
2026-05-05 06:09:33,154 [INFO] EDD server: 304 Not Modified — data unchanged.
2026-05-05 06:09:33,155 [INFO] Parsing /Users/bilalmac2/git_repo/warn/file.xlsx …
2026-05-05 06:09:33,379 [INFO] Available sheets: ['Index', 'WARN Report Summary', 'Detailed WARN Report ', 'Call Center Relocations Summary', 'Call Center Relocations Report', 'Industry List']
2026-05-05 06:09:33,379 [INFO] Using sheet: 'Detailed WARN Report '
/Users/bilalmac2/Library/Python/3.9/lib/python/site-packages/openpyxl/worksheet/_reader.py:329: UserWarning: Data Validation extension is not supported and will be removed
  warn(msg)
2026-05-05 06:09:33,533 [INFO] Detailed sheet columns: ['County/Parish', 'Notice\nDate', 'Processed\nDate', 'Effective \nDate', 'Company', 'Layoff/\nClosure', 'No. Of\nEmployees', 'Address', 'Related Industry']
2026-05-05 06:09:33,692 [INFO] Parsed 1224 WARN records spanning 2025-01-05 → 2026-12-30
2026-05-05 06:09:33,704 [INFO] No data changes detected.
2026-05-05 06:09:33,725 [INFO] Saved 1224 records to /Users/bilalmac2/git_repo/warn/data/warn_latest.json
2026-05-05 06:09:33,725 [INFO] Monitor run complete.
2026-05-05 06:09:33,725 [INFO] Step 2/5: Generating diff report …
2026-05-05 06:09:33,873 [INFO] Step 3/5: Updating historical data …
2026-05-05 06:09:33,873 [INFO] Year 2014: already parsed — skipping (use --force to re-parse)
2026-05-05 06:09:33,874 [INFO] Year 2015: already parsed — skipping (use --force to re-parse)
2026-05-05 06:09:33,874 [INFO] Year 2016: already parsed — skipping (use --force to re-parse)
2026-05-05 06:09:33,874 [INFO] Year 2017: already parsed — skipping (use --force to re-parse)
2026-05-05 06:09:33,874 [INFO] Year 2018: already parsed — skipping (use --force to re-parse)
2026-05-05 06:09:33,874 [INFO] Year 2019: already parsed — skipping (use --force to re-parse)
2026-05-05 06:09:33,874 [INFO] Year 2020: already parsed — skipping (use --force to re-parse)
2026-05-05 06:09:33,874 [INFO] Year 2021: already parsed — skipping (use --force to re-parse)
2026-05-05 06:09:33,874 [INFO] Year 2022: already parsed — skipping (use --force to re-parse)
2026-05-05 06:09:33,874 [INFO] Year 2023: already parsed — skipping (use --force to re-parse)
2026-05-05 06:09:33,874 [INFO] Year 2024: already parsed — skipping (use --force to re-parse)
2026-05-05 06:09:33,901 [INFO] Combined dataset: 1,525 records across 12 years
2026-05-05 06:09:33,902 [INFO] Step 4/5: Generating charts …
2026-05-05 06:09:33,920 [INFO] Loaded 1224 records for charting.
2026-05-05 06:09:33,924 [INFO] Historical data: 1,525 records across 12 years
2026-05-05 06:09:33,924 [INFO] Chart 1: Timeline scatter …
2026-05-05 06:09:34,943 [INFO] Chromium init'ed with kwargs {}
2026-05-05 06:09:34,956 [INFO] Found chromium path: /Applications/Google Chrome.app/Contents/MacOS/Google Chrome
2026-05-05 06:09:34,961 [INFO] Temp directory created: /var/folders/2l/_mqykd2n143bpj9ts872cs5m0000gn/T/tmp23sl2ljy.
2026-05-05 06:09:34,961 [INFO] Opening browser.
2026-05-05 06:09:34,962 [INFO] Temp directory created: /var/folders/2l/_mqykd2n143bpj9ts872cs5m0000gn/T/tmpffx5to7k.
2026-05-05 06:09:34,962 [INFO] Temporary directory at: /var/folders/2l/_mqykd2n143bpj9ts872cs5m0000gn/T/tmpffx5to7k
2026-05-05 06:09:36,858 [INFO] Conforming 1 to file:///var/folders/2l/_mqykd2n143bpj9ts872cs5m0000gn/T/tmp23sl2ljy/index.html
2026-05-05 06:09:36,870 [INFO] Waiting on all navigates
2026-05-05 06:09:38,270 [INFO] All navigates done, putting them all in queue.
2026-05-05 06:09:38,271 [INFO] Getting tab from queue (has 1)
2026-05-05 06:09:38,271 [INFO] Got 966C
2026-05-05 06:09:38,271 [INFO] Processing bWARN_Notices__Employees_by_Effective_Dateb.png
2026-05-05 06:09:38,271 [INFO] Sending big command for bWARN_Notices__Employees_by_Effective_Dateb.png.
2026-05-05 06:09:41,758 [INFO] Sent big command for bWARN_Notices__Employees_by_Effective_Dateb.png.
2026-05-05 06:09:41,804 [INFO] Reloading tab 966C before return.
2026-05-05 06:09:42,893 [INFO] Putting tab 966C back (queue size: 0).
2026-05-05 06:09:42,894 [INFO] Waiting for all cleanups to finish.
2026-05-05 06:09:42,894 [INFO] Exiting Kaleido
2026-05-05 06:09:42,895 [INFO] Closing browser.
2026-05-05 06:09:42,913 [INFO] Closing browser.
2026-05-05 06:09:42,916 [INFO] TemporaryDirectory.cleanup() worked.
2026-05-05 06:09:42,920 [INFO] shutil.rmtree worked.
2026-05-05 06:09:42,920 [INFO] Cancelling tasks.
2026-05-05 06:09:42,920 [INFO] Exiting Kaleido/Choreo
2026-05-05 06:09:43,919 [INFO] TemporaryDirectory.cleanup() worked.
2026-05-05 06:09:43,919 [INFO] shutil.rmtree worked.
2026-05-05 06:09:43,920 [INFO] TemporaryDirectory.cleanup() worked.
2026-05-05 06:09:43,921 [INFO] shutil.rmtree worked.
2026-05-05 06:09:43,921 [INFO] Cancelling tasks.
2026-05-05 06:09:43,921 [INFO] Exiting Kaleido/Choreo
2026-05-05 06:09:43,926 [INFO]   → PNG: /Users/bilalmac2/git_repo/warn/docs/charts/1_timeline_scatter.png
2026-05-05 06:09:43,926 [INFO]   → HTML div: /Users/bilalmac2/git_repo/warn/docs/charts/1_timeline_scatter.html
2026-05-05 06:09:43,927 [INFO] Chart 2: Monthly bar chart …
2026-05-05 06:09:44,084 [INFO] Chromium init'ed with kwargs {}
2026-05-05 06:09:44,087 [INFO] Found chromium path: /Applications/Google Chrome.app/Contents/MacOS/Google Chrome
2026-05-05 06:09:44,088 [INFO] Temp directory created: /var/folders/2l/_mqykd2n143bpj9ts872cs5m0000gn/T/tmp28dtwoz8.
2026-05-05 06:09:44,090 [INFO] Opening browser.
2026-05-05 06:09:44,093 [INFO] Temp directory created: /var/folders/2l/_mqykd2n143bpj9ts872cs5m0000gn/T/tmpvjq38l89.
2026-05-05 06:09:44,093 [INFO] Temporary directory at: /var/folders/2l/_mqykd2n143bpj9ts872cs5m0000gn/T/tmpvjq38l89
2026-05-05 06:09:48,335 [INFO] Conforming 1 to file:///var/folders/2l/_mqykd2n143bpj9ts872cs5m0000gn/T/tmp28dtwoz8/index.html
2026-05-05 06:09:48,363 [INFO] Waiting on all navigates
2026-05-05 06:09:53,119 [INFO] All navigates done, putting them all in queue.
2026-05-05 06:09:53,124 [INFO] Getting tab from queue (has 1)
2026-05-05 06:09:53,124 [INFO] Got 1C64
2026-05-05 06:09:53,125 [INFO] Processing bMonthly_Layoffs__Total_Employees_Affectedb.png
2026-05-05 06:09:53,125 [INFO] Sending big command for bMonthly_Layoffs__Total_Employees_Affectedb.png.
2026-05-05 06:09:53,817 [INFO] Sent big command for bMonthly_Layoffs__Total_Employees_Affectedb.png.
2026-05-05 06:09:53,825 [INFO] Reloading tab 1C64 before return.
2026-05-05 06:09:54,240 [INFO] Putting tab 1C64 back (queue size: 0).
2026-05-05 06:09:54,241 [INFO] Waiting for all cleanups to finish.
2026-05-05 06:09:54,242 [INFO] Exiting Kaleido
2026-05-05 06:09:54,242 [INFO] Closing browser.
2026-05-05 06:09:54,255 [INFO] Closing browser.
2026-05-05 06:09:54,258 [INFO] TemporaryDirectory.cleanup() worked.
2026-05-05 06:09:54,259 [INFO] shutil.rmtree worked.
2026-05-05 06:09:54,259 [INFO] Cancelling tasks.
2026-05-05 06:09:54,259 [INFO] Exiting Kaleido/Choreo
2026-05-05 06:09:54,942 [INFO] TemporaryDirectory.cleanup() worked.
2026-05-05 06:09:54,942 [INFO] shutil.rmtree worked.
2026-05-05 06:09:54,943 [INFO] TemporaryDirectory.cleanup() worked.
2026-05-05 06:09:54,944 [INFO] shutil.rmtree worked.
2026-05-05 06:09:54,944 [INFO] Cancelling tasks.
2026-05-05 06:09:54,944 [INFO] Exiting Kaleido/Choreo
2026-05-05 06:09:54,950 [INFO]   → PNG: /Users/bilalmac2/git_repo/warn/docs/charts/2_monthly_bar.png
2026-05-05 06:09:54,950 [INFO]   → HTML div: /Users/bilalmac2/git_repo/warn/docs/charts/2_monthly_bar.html
2026-05-05 06:09:54,953 [INFO] Chart 3: Rolling trend …
2026-05-05 06:09:55,238 [INFO] Chromium init'ed with kwargs {}
2026-05-05 06:09:55,240 [INFO] Found chromium path: /Applications/Google Chrome.app/Contents/MacOS/Google Chrome
2026-05-05 06:09:55,242 [INFO] Temp directory created: /var/folders/2l/_mqykd2n143bpj9ts872cs5m0000gn/T/tmpqk5mczvk.
2026-05-05 06:09:55,244 [INFO] Opening browser.
2026-05-05 06:09:55,247 [INFO] Temp directory created: /var/folders/2l/_mqykd2n143bpj9ts872cs5m0000gn/T/tmpy4wd42_r.
2026-05-05 06:09:55,247 [INFO] Temporary directory at: /var/folders/2l/_mqykd2n143bpj9ts872cs5m0000gn/T/tmpy4wd42_r
2026-05-05 06:10:01,209 [INFO] Conforming 1 to file:///var/folders/2l/_mqykd2n143bpj9ts872cs5m0000gn/T/tmpqk5mczvk/index.html
2026-05-05 06:10:01,231 [INFO] Waiting on all navigates
2026-05-05 06:10:09,244 [INFO] All navigates done, putting them all in queue.
2026-05-05 06:10:09,248 [INFO] Getting tab from queue (has 1)
2026-05-05 06:10:09,248 [INFO] Got 6582
2026-05-05 06:10:09,249 [INFO] Processing bLayoff_Trend__Daily_30_Day_Average__Cumulativeb.png
2026-05-05 06:10:09,249 [INFO] Sending big command for bLayoff_Trend__Daily_30_Day_Average__Cumulativeb.png.
2026-05-05 06:10:10,336 [INFO] Sent big command for bLayoff_Trend__Daily_30_Day_Average__Cumulativeb.png.
2026-05-05 06:10:10,342 [INFO] Reloading tab 6582 before return.
2026-05-05 06:10:10,693 [INFO] Putting tab 6582 back (queue size: 0).
2026-05-05 06:10:10,693 [INFO] Waiting for all cleanups to finish.
2026-05-05 06:10:10,693 [INFO] Exiting Kaleido
2026-05-05 06:10:10,693 [INFO] Closing browser.
2026-05-05 06:10:10,698 [INFO] Closing browser.
2026-05-05 06:10:10,700 [INFO] TemporaryDirectory.cleanup() worked.
2026-05-05 06:10:10,700 [INFO] shutil.rmtree worked.
2026-05-05 06:10:10,701 [INFO] Cancelling tasks.
2026-05-05 06:10:10,701 [INFO] Exiting Kaleido/Choreo
2026-05-05 06:10:11,515 [INFO] TemporaryDirectory.cleanup() worked.
2026-05-05 06:10:11,516 [INFO] shutil.rmtree worked.
2026-05-05 06:10:11,517 [INFO] TemporaryDirectory.cleanup() worked.
2026-05-05 06:10:11,518 [INFO] shutil.rmtree worked.
2026-05-05 06:10:11,518 [INFO] Cancelling tasks.
2026-05-05 06:10:11,518 [INFO] Exiting Kaleido/Choreo
2026-05-05 06:10:11,524 [INFO]   → PNG: /Users/bilalmac2/git_repo/warn/docs/charts/3_rolling_trend.png
2026-05-05 06:10:11,524 [INFO]   → HTML div: /Users/bilalmac2/git_repo/warn/docs/charts/3_rolling_trend.html
2026-05-05 06:10:11,526 [INFO] Chart 4: Top-25 companies …
2026-05-05 06:10:11,592 [INFO] TemporaryDirectory.cleanup() worked.
2026-05-05 06:10:11,593 [INFO] shutil.rmtree worked.
2026-05-05 06:10:11,593 [INFO] TemporaryDirectory.cleanup() worked.
2026-05-05 06:10:11,594 [INFO] shutil.rmtree worked.
2026-05-05 06:10:11,640 [INFO] Chromium init'ed with kwargs {}
2026-05-05 06:10:11,642 [INFO] Found chromium path: /Applications/Google Chrome.app/Contents/MacOS/Google Chrome
2026-05-05 06:10:11,644 [INFO] Temp directory created: /var/folders/2l/_mqykd2n143bpj9ts872cs5m0000gn/T/tmpwfo5opir.
2026-05-05 06:10:11,645 [INFO] Opening browser.
2026-05-05 06:10:11,648 [INFO] Temp directory created: /var/folders/2l/_mqykd2n143bpj9ts872cs5m0000gn/T/tmp3b2on9zs.
2026-05-05 06:10:11,648 [INFO] Temporary directory at: /var/folders/2l/_mqykd2n143bpj9ts872cs5m0000gn/T/tmp3b2on9zs
2026-05-05 06:10:14,164 [INFO] Conforming 1 to file:///var/folders/2l/_mqykd2n143bpj9ts872cs5m0000gn/T/tmpwfo5opir/index.html
2026-05-05 06:10:14,166 [INFO] Waiting on all navigates
2026-05-05 06:10:15,682 [INFO] All navigates done, putting them all in queue.
2026-05-05 06:10:15,684 [INFO] Getting tab from queue (has 1)
2026-05-05 06:10:15,684 [INFO] Got DFC6
2026-05-05 06:10:15,684 [INFO] Processing bTop_25_Filtered_Companies_by_Total_Employees_Affectedb.png
2026-05-05 06:10:15,684 [INFO] Sending big command for bTop_25_Filtered_Companies_by_Total_Employees_Affectedb.png.
2026-05-05 06:10:15,911 [INFO] Sent big command for bTop_25_Filtered_Companies_by_Total_Employees_Affectedb.png.
2026-05-05 06:10:15,914 [INFO] Reloading tab DFC6 before return.
2026-05-05 06:10:16,042 [INFO] Putting tab DFC6 back (queue size: 0).
2026-05-05 06:10:16,043 [INFO] Waiting for all cleanups to finish.
2026-05-05 06:10:16,043 [INFO] Exiting Kaleido
2026-05-05 06:10:16,043 [INFO] Closing browser.
2026-05-05 06:10:16,045 [INFO] Closing browser.
2026-05-05 06:10:16,046 [INFO] TemporaryDirectory.cleanup() worked.
2026-05-05 06:10:16,046 [INFO] shutil.rmtree worked.
2026-05-05 06:10:16,046 [INFO] Cancelling tasks.
2026-05-05 06:10:16,047 [INFO] Exiting Kaleido/Choreo
2026-05-05 06:10:16,402 [INFO] TemporaryDirectory.cleanup() worked.
2026-05-05 06:10:16,402 [INFO] shutil.rmtree worked.
2026-05-05 06:10:16,403 [INFO] TemporaryDirectory.cleanup() worked.
2026-05-05 06:10:16,403 [INFO] shutil.rmtree worked.
2026-05-05 06:10:16,403 [INFO] Cancelling tasks.
2026-05-05 06:10:16,403 [INFO] Exiting Kaleido/Choreo
2026-05-05 06:10:16,407 [INFO]   → PNG: /Users/bilalmac2/git_repo/warn/docs/charts/4_top_companies.png
2026-05-05 06:10:16,408 [INFO]   → HTML div: /Users/bilalmac2/git_repo/warn/docs/charts/4_top_companies.html
2026-05-05 06:10:16,408 [INFO] Chart 5: County heatmap …
2026-05-05 06:10:16,477 [INFO] Chromium init'ed with kwargs {}
2026-05-05 06:10:16,478 [INFO] Found chromium path: /Applications/Google Chrome.app/Contents/MacOS/Google Chrome
2026-05-05 06:10:16,478 [INFO] Temp directory created: /var/folders/2l/_mqykd2n143bpj9ts872cs5m0000gn/T/tmpb66qxtlo.
2026-05-05 06:10:16,479 [INFO] Opening browser.
2026-05-05 06:10:16,479 [INFO] Temp directory created: /var/folders/2l/_mqykd2n143bpj9ts872cs5m0000gn/T/tmp2l3uq0uu.
2026-05-05 06:10:16,480 [INFO] Temporary directory at: /var/folders/2l/_mqykd2n143bpj9ts872cs5m0000gn/T/tmp2l3uq0uu
2026-05-05 06:10:18,043 [INFO] Conforming 1 to file:///var/folders/2l/_mqykd2n143bpj9ts872cs5m0000gn/T/tmpb66qxtlo/index.html
2026-05-05 06:10:18,064 [INFO] Waiting on all navigates
2026-05-05 06:10:19,498 [INFO] All navigates done, putting them all in queue.
2026-05-05 06:10:19,500 [INFO] Getting tab from queue (has 1)
2026-05-05 06:10:19,501 [INFO] Got 6EE0
2026-05-05 06:10:19,501 [INFO] Processing bCounty__Month_Heatmap__Employees_Affectedb.png
2026-05-05 06:10:19,501 [INFO] Sending big command for bCounty__Month_Heatmap__Employees_Affectedb.png.
2026-05-05 06:10:19,729 [INFO] Sent big command for bCounty__Month_Heatmap__Employees_Affectedb.png.
2026-05-05 06:10:19,732 [INFO] Reloading tab 6EE0 before return.
2026-05-05 06:10:19,840 [INFO] Putting tab 6EE0 back (queue size: 0).
2026-05-05 06:10:19,840 [INFO] Waiting for all cleanups to finish.
2026-05-05 06:10:19,840 [INFO] Exiting Kaleido
2026-05-05 06:10:19,840 [INFO] Closing browser.
2026-05-05 06:10:19,846 [INFO] Closing browser.
2026-05-05 06:10:19,847 [INFO] TemporaryDirectory.cleanup() worked.
2026-05-05 06:10:19,847 [INFO] shutil.rmtree worked.
2026-05-05 06:10:19,847 [INFO] Cancelling tasks.
2026-05-05 06:10:19,847 [INFO] Exiting Kaleido/Choreo
2026-05-05 06:10:20,161 [INFO] TemporaryDirectory.cleanup() worked.
2026-05-05 06:10:20,161 [INFO] shutil.rmtree worked.
2026-05-05 06:10:20,161 [INFO] TemporaryDirectory.cleanup() worked.
2026-05-05 06:10:20,162 [INFO] shutil.rmtree worked.
2026-05-05 06:10:20,162 [INFO] Cancelling tasks.
2026-05-05 06:10:20,162 [INFO] Exiting Kaleido/Choreo
2026-05-05 06:10:20,165 [INFO]   → PNG: /Users/bilalmac2/git_repo/warn/docs/charts/5_county_heatmap.png
2026-05-05 06:10:20,165 [INFO]   → HTML div: /Users/bilalmac2/git_repo/warn/docs/charts/5_county_heatmap.html
2026-05-05 06:10:20,166 [INFO] Chart 6: Treemap …
2026-05-05 06:10:20,206 [INFO] TemporaryDirectory.cleanup() worked.
2026-05-05 06:10:20,206 [INFO] shutil.rmtree worked.
2026-05-05 06:10:20,345 [INFO] TemporaryDirectory.cleanup() worked.
2026-05-05 06:10:20,345 [INFO] shutil.rmtree worked.
2026-05-05 06:10:20,499 [INFO] Chromium init'ed with kwargs {}
2026-05-05 06:10:20,500 [INFO] Found chromium path: /Applications/Google Chrome.app/Contents/MacOS/Google Chrome
2026-05-05 06:10:20,501 [INFO] Temp directory created: /var/folders/2l/_mqykd2n143bpj9ts872cs5m0000gn/T/tmp6wf6uldb.
2026-05-05 06:10:20,502 [INFO] Opening browser.
2026-05-05 06:10:20,504 [INFO] Temp directory created: /var/folders/2l/_mqykd2n143bpj9ts872cs5m0000gn/T/tmp9grka9d9.
2026-05-05 06:10:20,504 [INFO] Temporary directory at: /var/folders/2l/_mqykd2n143bpj9ts872cs5m0000gn/T/tmp9grka9d9
2026-05-05 06:10:21,960 [INFO] Conforming 1 to file:///var/folders/2l/_mqykd2n143bpj9ts872cs5m0000gn/T/tmp6wf6uldb/index.html
2026-05-05 06:10:21,965 [INFO] Waiting on all navigates
2026-05-05 06:10:23,650 [INFO] All navigates done, putting them all in queue.
2026-05-05 06:10:23,651 [INFO] Getting tab from queue (has 1)
2026-05-05 06:10:23,651 [INFO] Got 12E8
2026-05-05 06:10:23,651 [INFO] Processing bLayoff_Treemap__Company_Size_by_Employees_Affectedb.png
2026-05-05 06:10:23,651 [INFO] Sending big command for bLayoff_Treemap__Company_Size_by_Employees_Affectedb.png.
2026-05-05 06:10:24,032 [INFO] Sent big command for bLayoff_Treemap__Company_Size_by_Employees_Affectedb.png.
2026-05-05 06:10:24,036 [INFO] Reloading tab 12E8 before return.
2026-05-05 06:10:24,145 [INFO] Putting tab 12E8 back (queue size: 0).
2026-05-05 06:10:24,145 [INFO] Waiting for all cleanups to finish.
2026-05-05 06:10:24,145 [INFO] Exiting Kaleido
2026-05-05 06:10:24,145 [INFO] Closing browser.
2026-05-05 06:10:24,147 [INFO] Closing browser.
2026-05-05 06:10:24,148 [INFO] TemporaryDirectory.cleanup() worked.
2026-05-05 06:10:24,148 [INFO] shutil.rmtree worked.
2026-05-05 06:10:24,148 [INFO] Cancelling tasks.
2026-05-05 06:10:24,148 [INFO] Exiting Kaleido/Choreo
2026-05-05 06:10:24,588 [INFO] TemporaryDirectory.cleanup() worked.
2026-05-05 06:10:24,588 [INFO] shutil.rmtree worked.
2026-05-05 06:10:24,588 [INFO] TemporaryDirectory.cleanup() worked.
2026-05-05 06:10:24,589 [INFO] shutil.rmtree worked.
2026-05-05 06:10:24,589 [INFO] Cancelling tasks.
2026-05-05 06:10:24,589 [INFO] Exiting Kaleido/Choreo
2026-05-05 06:10:24,598 [INFO]   → PNG: /Users/bilalmac2/git_repo/warn/docs/charts/6_treemap.png
2026-05-05 06:10:24,598 [INFO]   → HTML div: /Users/bilalmac2/git_repo/warn/docs/charts/6_treemap.html
2026-05-05 06:10:24,599 [INFO] Chart 7: Year-over-year bar …
2026-05-05 06:10:24,669 [INFO] Chromium init'ed with kwargs {}
2026-05-05 06:10:24,670 [INFO] Found chromium path: /Applications/Google Chrome.app/Contents/MacOS/Google Chrome
2026-05-05 06:10:24,670 [INFO] Temp directory created: /var/folders/2l/_mqykd2n143bpj9ts872cs5m0000gn/T/tmpfyf7ykwx.
2026-05-05 06:10:24,671 [INFO] Opening browser.
2026-05-05 06:10:24,672 [INFO] Temp directory created: /var/folders/2l/_mqykd2n143bpj9ts872cs5m0000gn/T/tmp87o3jlfe.
2026-05-05 06:10:24,672 [INFO] Temporary directory at: /var/folders/2l/_mqykd2n143bpj9ts872cs5m0000gn/T/tmp87o3jlfe
2026-05-05 06:10:24,682 [INFO] TemporaryDirectory.cleanup() worked.
2026-05-05 06:10:24,682 [INFO] shutil.rmtree worked.
2026-05-05 06:10:26,133 [INFO] Conforming 1 to file:///var/folders/2l/_mqykd2n143bpj9ts872cs5m0000gn/T/tmpfyf7ykwx/index.html
2026-05-05 06:10:26,148 [INFO] Waiting on all navigates
2026-05-05 06:10:28,454 [INFO] All navigates done, putting them all in queue.
2026-05-05 06:10:28,467 [INFO] Getting tab from queue (has 1)
2026-05-05 06:10:28,468 [INFO] Got 4DE7
2026-05-05 06:10:28,473 [INFO] Processing bYear_over_Year__Employees_Affected__Notice_Count_2014Presentb.png
2026-05-05 06:10:28,474 [INFO] Sending big command for bYear_over_Year__Employees_Affected__Notice_Count_2014Presentb.png.
2026-05-05 06:10:28,984 [INFO] Sent big command for bYear_over_Year__Employees_Affected__Notice_Count_2014Presentb.png.
2026-05-05 06:10:28,987 [INFO] Reloading tab 4DE7 before return.
2026-05-05 06:10:29,147 [INFO] Putting tab 4DE7 back (queue size: 0).
2026-05-05 06:10:29,147 [INFO] Waiting for all cleanups to finish.
2026-05-05 06:10:29,147 [INFO] Exiting Kaleido
2026-05-05 06:10:29,147 [INFO] Closing browser.
2026-05-05 06:10:29,154 [INFO] Closing browser.
2026-05-05 06:10:29,155 [INFO] TemporaryDirectory.cleanup() worked.
2026-05-05 06:10:29,155 [INFO] shutil.rmtree worked.
2026-05-05 06:10:29,155 [INFO] Cancelling tasks.
2026-05-05 06:10:29,155 [INFO] Exiting Kaleido/Choreo
2026-05-05 06:10:29,585 [INFO] TemporaryDirectory.cleanup() worked.
2026-05-05 06:10:29,585 [INFO] shutil.rmtree worked.
2026-05-05 06:10:29,585 [INFO] TemporaryDirectory.cleanup() worked.
2026-05-05 06:10:29,586 [INFO] shutil.rmtree worked.
2026-05-05 06:10:29,586 [INFO] Cancelling tasks.
2026-05-05 06:10:29,586 [INFO] Exiting Kaleido/Choreo
2026-05-05 06:10:29,615 [INFO]   → PNG: /Users/bilalmac2/git_repo/warn/docs/charts/7_yoy_bar.png
2026-05-05 06:10:29,615 [INFO]   → HTML div: /Users/bilalmac2/git_repo/warn/docs/charts/7_yoy_bar.html
2026-05-05 06:10:29,616 [INFO] Chart 8: Multi-year trend …
/Users/bilalmac2/git_repo/warn/warn_charts.py:593: UserWarning: Could not infer format, so each element will be parsed individually, falling back to `dateutil`. To ensure parsing is consistent and as-expected, please specify a format.
  df_all["effective_date"] = pd.to_datetime(df_all["effective_date"], errors="coerce")
2026-05-05 06:10:29,996 [INFO] Chromium init'ed with kwargs {}
2026-05-05 06:10:29,998 [INFO] Found chromium path: /Applications/Google Chrome.app/Contents/MacOS/Google Chrome
2026-05-05 06:10:30,000 [INFO] Temp directory created: /var/folders/2l/_mqykd2n143bpj9ts872cs5m0000gn/T/tmp5pcf2vht.
2026-05-05 06:10:30,003 [INFO] Opening browser.
2026-05-05 06:10:30,004 [INFO] Temp directory created: /var/folders/2l/_mqykd2n143bpj9ts872cs5m0000gn/T/tmpkkzss13x.
2026-05-05 06:10:30,004 [INFO] Temporary directory at: /var/folders/2l/_mqykd2n143bpj9ts872cs5m0000gn/T/tmpkkzss13x
2026-05-05 06:10:32,551 [INFO] Conforming 1 to file:///var/folders/2l/_mqykd2n143bpj9ts872cs5m0000gn/T/tmp5pcf2vht/index.html
2026-05-05 06:10:32,557 [INFO] Waiting on all navigates
2026-05-05 06:10:34,047 [INFO] All navigates done, putting them all in queue.
2026-05-05 06:10:34,049 [INFO] Getting tab from queue (has 1)
2026-05-05 06:10:34,049 [INFO] Got BE66
2026-05-05 06:10:34,049 [INFO] Processing bMulti_Year_Monthly_Comparison__Employees_Affected_by_Monthb.png
2026-05-05 06:10:34,049 [INFO] Sending big command for bMulti_Year_Monthly_Comparison__Employees_Affected_by_Monthb.png.
2026-05-05 06:10:34,255 [INFO] Sent big command for bMulti_Year_Monthly_Comparison__Employees_Affected_by_Monthb.png.
2026-05-05 06:10:34,258 [INFO] Reloading tab BE66 before return.
2026-05-05 06:10:34,369 [INFO] Putting tab BE66 back (queue size: 0).
2026-05-05 06:10:34,369 [INFO] Waiting for all cleanups to finish.
2026-05-05 06:10:34,369 [INFO] Exiting Kaleido
2026-05-05 06:10:34,369 [INFO] Closing browser.
2026-05-05 06:10:34,371 [INFO] Closing browser.
2026-05-05 06:10:34,372 [INFO] TemporaryDirectory.cleanup() worked.
2026-05-05 06:10:34,373 [INFO] shutil.rmtree worked.
2026-05-05 06:10:34,373 [INFO] Cancelling tasks.
2026-05-05 06:10:34,373 [INFO] Exiting Kaleido/Choreo
2026-05-05 06:10:34,859 [INFO] TemporaryDirectory.cleanup() worked.
2026-05-05 06:10:34,859 [INFO] shutil.rmtree worked.
2026-05-05 06:10:34,859 [INFO] TemporaryDirectory.cleanup() worked.
2026-05-05 06:10:34,859 [INFO] shutil.rmtree worked.
2026-05-05 06:10:34,860 [INFO] Cancelling tasks.
2026-05-05 06:10:34,860 [INFO] Exiting Kaleido/Choreo
2026-05-05 06:10:34,875 [INFO]   → PNG: /Users/bilalmac2/git_repo/warn/docs/charts/8_multiyear_trend.png
2026-05-05 06:10:34,875 [INFO]   → HTML div: /Users/bilalmac2/git_repo/warn/docs/charts/8_multiyear_trend.html
2026-05-05 06:10:34,876 [INFO] Chart 9: Industry breakdown …
2026-05-05 06:10:34,990 [INFO] Chromium init'ed with kwargs {}
2026-05-05 06:10:34,991 [INFO] Found chromium path: /Applications/Google Chrome.app/Contents/MacOS/Google Chrome
2026-05-05 06:10:34,991 [INFO] Temp directory created: /var/folders/2l/_mqykd2n143bpj9ts872cs5m0000gn/T/tmpbirs8jf7.
2026-05-05 06:10:34,991 [INFO] Opening browser.
2026-05-05 06:10:34,992 [INFO] Temp directory created: /var/folders/2l/_mqykd2n143bpj9ts872cs5m0000gn/T/tmpvjeqvusw.
2026-05-05 06:10:34,992 [INFO] Temporary directory at: /var/folders/2l/_mqykd2n143bpj9ts872cs5m0000gn/T/tmpvjeqvusw
2026-05-05 06:10:36,437 [INFO] Conforming 1 to file:///var/folders/2l/_mqykd2n143bpj9ts872cs5m0000gn/T/tmpbirs8jf7/index.html
2026-05-05 06:10:36,452 [INFO] Waiting on all navigates
2026-05-05 06:10:37,983 [INFO] All navigates done, putting them all in queue.
2026-05-05 06:10:37,984 [INFO] Getting tab from queue (has 1)
2026-05-05 06:10:37,985 [INFO] Got 4BEC
2026-05-05 06:10:37,985 [INFO] Processing bEmployees_Affected_by_Industry_Sectorb.png
2026-05-05 06:10:37,985 [INFO] Sending big command for bEmployees_Affected_by_Industry_Sectorb.png.
2026-05-05 06:10:38,148 [INFO] Sent big command for bEmployees_Affected_by_Industry_Sectorb.png.
2026-05-05 06:10:38,151 [INFO] Reloading tab 4BEC before return.
2026-05-05 06:10:38,254 [INFO] Putting tab 4BEC back (queue size: 0).
2026-05-05 06:10:38,254 [INFO] Waiting for all cleanups to finish.
2026-05-05 06:10:38,254 [INFO] Exiting Kaleido
2026-05-05 06:10:38,254 [INFO] Closing browser.
2026-05-05 06:10:38,259 [INFO] Closing browser.
2026-05-05 06:10:38,260 [INFO] TemporaryDirectory.cleanup() worked.
2026-05-05 06:10:38,260 [INFO] shutil.rmtree worked.
2026-05-05 06:10:38,260 [INFO] Cancelling tasks.
2026-05-05 06:10:38,260 [INFO] Exiting Kaleido/Choreo
2026-05-05 06:10:38,644 [INFO] TemporaryDirectory.cleanup() worked.
2026-05-05 06:10:38,644 [INFO] shutil.rmtree worked.
2026-05-05 06:10:38,645 [INFO] TemporaryDirectory.cleanup() worked.
2026-05-05 06:10:38,645 [INFO] shutil.rmtree worked.
2026-05-05 06:10:38,645 [INFO] Cancelling tasks.
2026-05-05 06:10:38,645 [INFO] Exiting Kaleido/Choreo
2026-05-05 06:10:38,650 [INFO]   → PNG: /Users/bilalmac2/git_repo/warn/docs/charts/9_industry_breakdown.png
2026-05-05 06:10:38,650 [INFO]   → HTML div: /Users/bilalmac2/git_repo/warn/docs/charts/9_industry_breakdown.html
2026-05-05 06:10:38,651 [INFO] Chart 10: Lead time histogram …
2026-05-05 06:10:38,702 [INFO] TemporaryDirectory.cleanup() worked.
2026-05-05 06:10:38,702 [INFO] shutil.rmtree worked.
2026-05-05 06:10:38,702 [INFO] TemporaryDirectory.cleanup() worked.
2026-05-05 06:10:38,702 [INFO] shutil.rmtree worked.
2026-05-05 06:10:38,743 [INFO] Chromium init'ed with kwargs {}
2026-05-05 06:10:38,744 [INFO] Found chromium path: /Applications/Google Chrome.app/Contents/MacOS/Google Chrome
2026-05-05 06:10:38,744 [INFO] Temp directory created: /var/folders/2l/_mqykd2n143bpj9ts872cs5m0000gn/T/tmp7oxmjpwa.
2026-05-05 06:10:38,744 [INFO] Opening browser.
2026-05-05 06:10:38,745 [INFO] Temp directory created: /var/folders/2l/_mqykd2n143bpj9ts872cs5m0000gn/T/tmp8z4nyq5f.
2026-05-05 06:10:38,745 [INFO] Temporary directory at: /var/folders/2l/_mqykd2n143bpj9ts872cs5m0000gn/T/tmp8z4nyq5f
2026-05-05 06:10:40,156 [INFO] Conforming 1 to file:///var/folders/2l/_mqykd2n143bpj9ts872cs5m0000gn/T/tmp7oxmjpwa/index.html
2026-05-05 06:10:40,170 [INFO] Waiting on all navigates
2026-05-05 06:10:41,386 [INFO] All navigates done, putting them all in queue.
2026-05-05 06:10:41,387 [INFO] Getting tab from queue (has 1)
2026-05-05 06:10:41,387 [INFO] Got F365
2026-05-05 06:10:41,388 [INFO] Processing bNotice_Lead_Time_Distribution__73_Filed_60_Days_in_Advanceb.png
2026-05-05 06:10:41,388 [INFO] Sending big command for bNotice_Lead_Time_Distribution__73_Filed_60_Days_in_Advanceb.png.
2026-05-05 06:10:41,520 [INFO] Sent big command for bNotice_Lead_Time_Distribution__73_Filed_60_Days_in_Advanceb.png.
2026-05-05 06:10:41,522 [INFO] Reloading tab F365 before return.
2026-05-05 06:10:41,627 [INFO] Putting tab F365 back (queue size: 0).
2026-05-05 06:10:41,627 [INFO] Waiting for all cleanups to finish.
2026-05-05 06:10:41,627 [INFO] Exiting Kaleido
2026-05-05 06:10:41,627 [INFO] Closing browser.
2026-05-05 06:10:41,638 [INFO] Closing browser.
2026-05-05 06:10:41,638 [INFO] TemporaryDirectory.cleanup() worked.
2026-05-05 06:10:41,638 [INFO] shutil.rmtree worked.
2026-05-05 06:10:41,638 [INFO] Cancelling tasks.
2026-05-05 06:10:41,638 [INFO] Exiting Kaleido/Choreo
2026-05-05 06:10:41,956 [INFO] TemporaryDirectory.cleanup() worked.
2026-05-05 06:10:41,956 [INFO] shutil.rmtree worked.
2026-05-05 06:10:41,956 [INFO] TemporaryDirectory.cleanup() worked.
2026-05-05 06:10:41,957 [INFO] shutil.rmtree worked.
2026-05-05 06:10:41,957 [INFO] Cancelling tasks.
2026-05-05 06:10:41,957 [INFO] Exiting Kaleido/Choreo
2026-05-05 06:10:41,961 [INFO]   → PNG: /Users/bilalmac2/git_repo/warn/docs/charts/10_lead_time.png
2026-05-05 06:10:41,961 [INFO]   → HTML div: /Users/bilalmac2/git_repo/warn/docs/charts/10_lead_time.html
2026-05-05 06:10:41,961 [INFO] Chart 11: County bar …
2026-05-05 06:10:42,052 [INFO] Chromium init'ed with kwargs {}
2026-05-05 06:10:42,053 [INFO] Found chromium path: /Applications/Google Chrome.app/Contents/MacOS/Google Chrome
2026-05-05 06:10:42,053 [INFO] Temp directory created: /var/folders/2l/_mqykd2n143bpj9ts872cs5m0000gn/T/tmp4tnxczrf.
2026-05-05 06:10:42,054 [INFO] Opening browser.
2026-05-05 06:10:42,054 [INFO] Temp directory created: /var/folders/2l/_mqykd2n143bpj9ts872cs5m0000gn/T/tmp740g6gqe.
2026-05-05 06:10:42,054 [INFO] Temporary directory at: /var/folders/2l/_mqykd2n143bpj9ts872cs5m0000gn/T/tmp740g6gqe
2026-05-05 06:10:43,623 [INFO] Conforming 1 to file:///var/folders/2l/_mqykd2n143bpj9ts872cs5m0000gn/T/tmp4tnxczrf/index.html
2026-05-05 06:10:43,654 [INFO] Waiting on all navigates
2026-05-05 06:10:45,230 [INFO] All navigates done, putting them all in queue.
2026-05-05 06:10:45,236 [INFO] Getting tab from queue (has 1)
2026-05-05 06:10:45,236 [INFO] Got 7D6C
2026-05-05 06:10:45,236 [INFO] Processing bTop_10_Counties_by_Employees_Affectedb.png
2026-05-05 06:10:45,236 [INFO] Sending big command for bTop_10_Counties_by_Employees_Affectedb.png.
2026-05-05 06:10:45,391 [INFO] Sent big command for bTop_10_Counties_by_Employees_Affectedb.png.
2026-05-05 06:10:45,393 [INFO] Reloading tab 7D6C before return.
2026-05-05 06:10:45,508 [INFO] Putting tab 7D6C back (queue size: 0).
2026-05-05 06:10:45,508 [INFO] Waiting for all cleanups to finish.
2026-05-05 06:10:45,508 [INFO] Exiting Kaleido
2026-05-05 06:10:45,508 [INFO] Closing browser.
2026-05-05 06:10:45,517 [INFO] Closing browser.
2026-05-05 06:10:45,518 [INFO] TemporaryDirectory.cleanup() worked.
2026-05-05 06:10:45,519 [INFO] shutil.rmtree worked.
2026-05-05 06:10:45,519 [INFO] Cancelling tasks.
2026-05-05 06:10:45,519 [INFO] Exiting Kaleido/Choreo
2026-05-05 06:10:45,866 [INFO] TemporaryDirectory.cleanup() worked.
2026-05-05 06:10:45,867 [INFO] shutil.rmtree worked.
2026-05-05 06:10:45,867 [INFO] TemporaryDirectory.cleanup() worked.
2026-05-05 06:10:45,868 [INFO] shutil.rmtree worked.
2026-05-05 06:10:45,868 [INFO] Cancelling tasks.
2026-05-05 06:10:45,868 [INFO] Exiting Kaleido/Choreo
2026-05-05 06:10:45,876 [INFO]   → PNG: /Users/bilalmac2/git_repo/warn/docs/charts/11_county_bar.png
2026-05-05 06:10:45,876 [INFO]   → HTML div: /Users/bilalmac2/git_repo/warn/docs/charts/11_county_bar.html
2026-05-05 06:10:45,879 [INFO] Charts complete.
2026-05-05 06:10:45,884 [INFO] Step 5/5: Building site …
2026-05-05 06:10:45,885 [INFO] Building index.html …
2026-05-05 06:10:46,028 [INFO] Site built → /Users/bilalmac2/git_repo/warn/docs/index.html
2026-05-05 06:10:46,030 [INFO] Git push …
2026-05-05 06:10:46,031 [INFO] Staging changes …
2026-05-05 06:10:46,966 [INFO] Committing: auto: WARN update 2026-05-05 13:10 UTC
2026-05-05 06:10:47,301 [INFO] Pushing to origin/main …
2026-05-05 06:10:48,202 [WARNING] git push origin main stderr: To https://github.com/bilalahamad0/warn.git
 ! [rejected]        main -> main (fetch first)
error: failed to push some refs to 'https://github.com/bilalahamad0/warn.git'
hint: Updates were rejected because the remote contains work that you do not
hint: have locally. This is usually caused by another repository pushing to
hint: the same ref. If you want to integrate the remote changes, use
hint: 'git pull' before pushing again.
hint: See the 'Note about fast-forwards' in 'git push --help' for details.
2026-05-05 06:10:48,233 [ERROR] ✗ Push failed — check GITHUB_TOKEN and repo permissions.
2026-05-05 06:10:48,233 [INFO] ✓ Publisher complete.
2026-05-05 06:10:48,322 [INFO] TemporaryDirectory.cleanup() worked.
2026-05-05 06:10:48,322 [INFO] shutil.rmtree worked.
2026-05-05 06:10:48,323 [INFO] TemporaryDirectory.cleanup() worked.
2026-05-05 06:10:48,323 [INFO] shutil.rmtree worked.
2026-05-05 06:10:48,323 [INFO] TemporaryDirectory.cleanup() worked.
2026-05-05 06:10:48,323 [INFO] shutil.rmtree worked.
2026-05-05 06:10:48,323 [INFO] TemporaryDirectory.cleanup() worked.
2026-05-05 06:10:48,323 [INFO] shutil.rmtree worked.
/Users/bilalmac2/Library/Python/3.9/lib/python/site-packages/urllib3/__init__.py:34: NotOpenSSLWarning: urllib3 v2.0 only supports OpenSSL 1.1.1+, currently the 'ssl' module is compiled with 'LibreSSL 2.8.3'. See: https://github.com/urllib3/urllib3/issues/3020
  warnings.warn(
2026-05-05 18:12:21,709 [INFO] ======================================================================
2026-05-05 18:12:21,709 [INFO] WARN Publisher — 2026-05-06T01:12:21.709543+00:00Z
2026-05-05 18:12:21,709 [INFO] ======================================================================
2026-05-05 18:12:21,710 [INFO] Step 1/5: Running monitor …
2026-05-05 18:12:21,710 [INFO] ============================================================
2026-05-05 18:12:21,710 [INFO] WARN Monitor — 2026-05-06T01:12:21.710194+00:00Z
2026-05-05 18:12:21,710 [INFO] ============================================================
2026-05-05 18:12:21,711 [INFO] Requesting WARN XLSX from EDD …
2026-05-05 18:12:21,942 [INFO] File changed (hash: d1a07562 → 9a3090b2)
2026-05-05 18:12:21,943 [INFO] Parsing /Users/bilalmac2/git_repo/warn/file.xlsx …
2026-05-05 18:12:22,314 [INFO] Available sheets: ['Index', 'WARN Report Summary', 'Detailed WARN Report ', 'Call Center Relocations Summary', 'Call Center Relocations Report', 'Industry List']
2026-05-05 18:12:22,314 [INFO] Using sheet: 'Detailed WARN Report '
/Users/bilalmac2/Library/Python/3.9/lib/python/site-packages/openpyxl/worksheet/_reader.py:329: UserWarning: Data Validation extension is not supported and will be removed
  warn(msg)
2026-05-05 18:12:22,486 [INFO] Detailed sheet columns: ['County/Parish', 'Notice\nDate', 'Processed\nDate', 'Effective \nDate', 'Company', 'Layoff/\nClosure', 'No. Of\nEmployees', 'Address', 'Related Industry']
2026-05-05 18:12:22,698 [INFO] Parsed 1263 WARN records spanning 2025-01-05 → 2026-12-30
2026-05-05 18:12:22,710 [INFO] Changes: +43 new, -4 removed records
2026-05-05 18:12:22,744 [INFO] Saved 1263 records to /Users/bilalmac2/git_repo/warn/data/warn_latest.json
2026-05-05 18:12:22,744 [INFO] Monitor run complete.
2026-05-05 18:12:22,745 [INFO] Step 2/5: Generating diff report …
2026-05-05 18:12:22,893 [INFO] Step 3/5: Updating historical data …
2026-05-05 18:12:22,894 [INFO] Year 2014: already parsed — skipping (use --force to re-parse)
2026-05-05 18:12:22,894 [INFO] Year 2015: already parsed — skipping (use --force to re-parse)
2026-05-05 18:12:22,894 [INFO] Year 2016: already parsed — skipping (use --force to re-parse)
2026-05-05 18:12:22,894 [INFO] Year 2017: already parsed — skipping (use --force to re-parse)
2026-05-05 18:12:22,894 [INFO] Year 2018: already parsed — skipping (use --force to re-parse)
2026-05-05 18:12:22,894 [INFO] Year 2019: already parsed — skipping (use --force to re-parse)
2026-05-05 18:12:22,894 [INFO] Year 2020: already parsed — skipping (use --force to re-parse)
2026-05-05 18:12:22,894 [INFO] Year 2021: already parsed — skipping (use --force to re-parse)
2026-05-05 18:12:22,894 [INFO] Year 2022: already parsed — skipping (use --force to re-parse)
2026-05-05 18:12:22,894 [INFO] Year 2023: already parsed — skipping (use --force to re-parse)
2026-05-05 18:12:22,894 [INFO] Year 2024: already parsed — skipping (use --force to re-parse)
2026-05-05 18:12:22,927 [INFO] Combined dataset: 1,564 records across 12 years
2026-05-05 18:12:22,927 [INFO] Step 4/5: Generating charts …
2026-05-05 18:12:22,947 [INFO] Loaded 1263 records for charting.
2026-05-05 18:12:22,952 [INFO] Historical data: 1,564 records across 12 years
2026-05-05 18:12:22,952 [INFO] Chart 1: Timeline scatter …
2026-05-05 18:12:23,983 [INFO] Chromium init'ed with kwargs {}
2026-05-05 18:12:23,994 [INFO] Found chromium path: /Applications/Google Chrome.app/Contents/MacOS/Google Chrome
2026-05-05 18:12:23,996 [INFO] Temp directory created: /var/folders/2l/_mqykd2n143bpj9ts872cs5m0000gn/T/tmpsowynsgv.
2026-05-05 18:12:23,996 [INFO] Opening browser.
2026-05-05 18:12:23,997 [INFO] Temp directory created: /var/folders/2l/_mqykd2n143bpj9ts872cs5m0000gn/T/tmpbpm2m0y7.
2026-05-05 18:12:23,997 [INFO] Temporary directory at: /var/folders/2l/_mqykd2n143bpj9ts872cs5m0000gn/T/tmpbpm2m0y7
2026-05-05 18:42:33,946 [INFO] Conforming 1 to file:///var/folders/2l/_mqykd2n143bpj9ts872cs5m0000gn/T/tmpsowynsgv/index.html
2026-05-05 18:42:33,970 [INFO] Waiting on all navigates
2026-05-05 18:42:36,790 [INFO] All navigates done, putting them all in queue.
2026-05-05 18:42:36,792 [INFO] Getting tab from queue (has 1)
2026-05-05 18:42:36,792 [INFO] Got 4A3C
2026-05-05 18:42:36,793 [INFO] Processing bWARN_Notices__Employees_by_Effective_Dateb.png
2026-05-05 18:42:36,793 [INFO] Sending big command for bWARN_Notices__Employees_by_Effective_Dateb.png.
2026-05-05 18:42:39,693 [INFO] Sent big command for bWARN_Notices__Employees_by_Effective_Dateb.png.
2026-05-05 18:42:39,804 [INFO] Reloading tab 4A3C before return.
2026-05-05 18:42:40,043 [INFO] Putting tab 4A3C back (queue size: 0).
2026-05-05 18:42:40,043 [INFO] Waiting for all cleanups to finish.
2026-05-05 18:42:40,043 [INFO] Exiting Kaleido
2026-05-05 18:42:40,043 [INFO] Closing browser.
2026-05-05 18:42:40,079 [INFO] Closing browser.
2026-05-05 18:42:40,091 [INFO] TemporaryDirectory.cleanup() worked.
2026-05-05 18:42:40,092 [INFO] shutil.rmtree worked.
2026-05-05 18:42:40,092 [INFO] Cancelling tasks.
2026-05-05 18:42:40,092 [INFO] Exiting Kaleido/Choreo
2026-05-05 18:42:41,165 [INFO] TemporaryDirectory.cleanup() worked.
2026-05-05 18:42:41,165 [INFO] shutil.rmtree worked.
2026-05-05 18:42:41,166 [INFO] TemporaryDirectory.cleanup() worked.
2026-05-05 18:42:41,167 [INFO] shutil.rmtree worked.
2026-05-05 18:42:41,167 [INFO] Cancelling tasks.
2026-05-05 18:42:41,168 [INFO] Exiting Kaleido/Choreo
2026-05-05 18:42:41,189 [INFO]   → PNG: /Users/bilalmac2/git_repo/warn/docs/charts/1_timeline_scatter.png
2026-05-05 18:42:41,190 [INFO]   → HTML div: /Users/bilalmac2/git_repo/warn/docs/charts/1_timeline_scatter.html
2026-05-05 18:42:41,205 [INFO] Chart 2: Monthly bar chart …
2026-05-05 18:42:41,589 [INFO] Chromium init'ed with kwargs {}
2026-05-05 18:42:41,593 [INFO] Found chromium path: /Applications/Google Chrome.app/Contents/MacOS/Google Chrome
2026-05-05 18:42:41,596 [INFO] Temp directory created: /var/folders/2l/_mqykd2n143bpj9ts872cs5m0000gn/T/tmpwj42q3ek.
2026-05-05 18:42:41,600 [INFO] Opening browser.
2026-05-05 18:42:41,604 [INFO] Temp directory created: /var/folders/2l/_mqykd2n143bpj9ts872cs5m0000gn/T/tmpmbe0qyq0.
2026-05-05 18:42:41,604 [INFO] Temporary directory at: /var/folders/2l/_mqykd2n143bpj9ts872cs5m0000gn/T/tmpmbe0qyq0
2026-05-05 19:12:46,690 [INFO] Conforming 1 to file:///var/folders/2l/_mqykd2n143bpj9ts872cs5m0000gn/T/tmpwj42q3ek/index.html
2026-05-05 19:12:46,814 [INFO] Waiting on all navigates
2026-05-05 19:12:48,246 [INFO] All navigates done, putting them all in queue.
2026-05-05 19:12:48,247 [INFO] Getting tab from queue (has 1)
2026-05-05 19:12:48,247 [INFO] Got 6261
2026-05-05 19:12:48,247 [INFO] Processing bMonthly_Layoffs__Total_Employees_Affectedb.png
2026-05-05 19:12:48,248 [INFO] Sending big command for bMonthly_Layoffs__Total_Employees_Affectedb.png.
2026-05-05 19:12:48,488 [INFO] Sent big command for bMonthly_Layoffs__Total_Employees_Affectedb.png.
2026-05-05 19:12:48,491 [INFO] Reloading tab 6261 before return.
2026-05-05 19:12:48,604 [INFO] Putting tab 6261 back (queue size: 0).
2026-05-05 19:12:48,622 [INFO] Waiting for all cleanups to finish.
2026-05-05 19:12:48,622 [INFO] Exiting Kaleido
2026-05-05 19:12:48,622 [INFO] Closing browser.
2026-05-05 19:12:48,630 [INFO] Closing browser.
2026-05-05 19:12:48,641 [INFO] TemporaryDirectory.cleanup() worked.
2026-05-05 19:12:48,642 [INFO] shutil.rmtree worked.
2026-05-05 19:12:48,642 [INFO] Cancelling tasks.
2026-05-05 19:12:48,642 [INFO] Exiting Kaleido/Choreo
2026-05-05 19:12:49,010 [INFO] TemporaryDirectory.cleanup() worked.
2026-05-05 19:12:49,010 [INFO] shutil.rmtree worked.
2026-05-05 19:12:49,010 [INFO] TemporaryDirectory.cleanup() worked.
2026-05-05 19:12:49,011 [INFO] shutil.rmtree worked.
2026-05-05 19:12:49,011 [INFO] Cancelling tasks.
2026-05-05 19:12:49,011 [INFO] Exiting Kaleido/Choreo
2026-05-05 19:12:49,012 [INFO]   → PNG: /Users/bilalmac2/git_repo/warn/docs/charts/2_monthly_bar.png
2026-05-05 19:12:49,012 [INFO]   → HTML div: /Users/bilalmac2/git_repo/warn/docs/charts/2_monthly_bar.html
2026-05-05 19:12:49,013 [INFO] Chart 3: Rolling trend …
2026-05-05 19:12:49,198 [INFO] Chromium init'ed with kwargs {}
2026-05-05 19:12:49,199 [INFO] Found chromium path: /Applications/Google Chrome.app/Contents/MacOS/Google Chrome
2026-05-05 19:12:49,200 [INFO] Temp directory created: /var/folders/2l/_mqykd2n143bpj9ts872cs5m0000gn/T/tmpy0396tdp.
2026-05-05 19:12:49,202 [INFO] Opening browser.
2026-05-05 19:12:49,203 [INFO] Temp directory created: /var/folders/2l/_mqykd2n143bpj9ts872cs5m0000gn/T/tmph8vwtj8v.
2026-05-05 19:12:49,203 [INFO] Temporary directory at: /var/folders/2l/_mqykd2n143bpj9ts872cs5m0000gn/T/tmph8vwtj8v
2026-05-05 19:12:50,875 [INFO] Conforming 1 to file:///var/folders/2l/_mqykd2n143bpj9ts872cs5m0000gn/T/tmpy0396tdp/index.html
2026-05-05 19:12:50,893 [INFO] Waiting on all navigates
2026-05-05 19:12:52,091 [INFO] All navigates done, putting them all in queue.
2026-05-05 19:12:52,093 [INFO] Getting tab from queue (has 1)
2026-05-05 19:12:52,093 [INFO] Got 6910
2026-05-05 19:12:52,093 [INFO] Processing bLayoff_Trend__Daily_30_Day_Average__Cumulativeb.png
2026-05-05 19:12:52,094 [INFO] Sending big command for bLayoff_Trend__Daily_30_Day_Average__Cumulativeb.png.
2026-05-05 19:12:52,318 [INFO] Sent big command for bLayoff_Trend__Daily_30_Day_Average__Cumulativeb.png.
2026-05-05 19:12:52,321 [INFO] Reloading tab 6910 before return.
2026-05-05 19:12:52,415 [INFO] Putting tab 6910 back (queue size: 0).
2026-05-05 19:12:52,415 [INFO] Waiting for all cleanups to finish.
2026-05-05 19:12:52,415 [INFO] Exiting Kaleido
2026-05-05 19:12:52,415 [INFO] Closing browser.
2026-05-05 19:12:52,418 [INFO] Closing browser.
2026-05-05 19:12:52,419 [INFO] TemporaryDirectory.cleanup() worked.
2026-05-05 19:12:52,419 [INFO] shutil.rmtree worked.
2026-05-05 19:12:52,419 [INFO] Cancelling tasks.
2026-05-05 19:12:52,419 [INFO] Exiting Kaleido/Choreo
2026-05-05 19:12:52,918 [INFO] TemporaryDirectory.cleanup() worked.
2026-05-05 19:12:52,918 [INFO] shutil.rmtree worked.
2026-05-05 19:12:52,919 [INFO] TemporaryDirectory.cleanup() worked.
2026-05-05 19:12:52,919 [INFO] shutil.rmtree worked.
2026-05-05 19:12:52,919 [INFO] Cancelling tasks.
2026-05-05 19:12:52,919 [INFO] Exiting Kaleido/Choreo
2026-05-05 19:12:52,920 [INFO]   → PNG: /Users/bilalmac2/git_repo/warn/docs/charts/3_rolling_trend.png
2026-05-05 19:12:52,920 [INFO]   → HTML div: /Users/bilalmac2/git_repo/warn/docs/charts/3_rolling_trend.html
2026-05-05 19:12:52,921 [INFO] Chart 4: Top-25 companies …
2026-05-05 19:12:52,944 [INFO] TemporaryDirectory.cleanup() worked.
2026-05-05 19:12:52,944 [INFO] shutil.rmtree worked.
2026-05-05 19:12:52,944 [INFO] TemporaryDirectory.cleanup() worked.
2026-05-05 19:12:52,944 [INFO] shutil.rmtree worked.
2026-05-05 19:12:52,944 [INFO] TemporaryDirectory.cleanup() worked.
2026-05-05 19:12:52,944 [INFO] shutil.rmtree worked.
2026-05-05 19:12:52,973 [INFO] Chromium init'ed with kwargs {}
2026-05-05 19:12:52,974 [INFO] Found chromium path: /Applications/Google Chrome.app/Contents/MacOS/Google Chrome
2026-05-05 19:12:52,974 [INFO] Temp directory created: /var/folders/2l/_mqykd2n143bpj9ts872cs5m0000gn/T/tmpiv50n8r0.
2026-05-05 19:12:52,975 [INFO] Opening browser.
2026-05-05 19:12:52,975 [INFO] Temp directory created: /var/folders/2l/_mqykd2n143bpj9ts872cs5m0000gn/T/tmpilbsmf1q.
2026-05-05 19:12:52,976 [INFO] Temporary directory at: /var/folders/2l/_mqykd2n143bpj9ts872cs5m0000gn/T/tmpilbsmf1q
2026-05-05 19:12:55,480 [INFO] Conforming 1 to file:///var/folders/2l/_mqykd2n143bpj9ts872cs5m0000gn/T/tmpiv50n8r0/index.html
2026-05-05 19:12:55,487 [INFO] Waiting on all navigates
2026-05-05 19:24:09,425 [INFO] All navigates done, putting them all in queue.
2026-05-05 19:24:09,427 [INFO] Getting tab from queue (has 1)
2026-05-05 19:24:09,427 [INFO] Got 83E5
2026-05-05 19:24:09,427 [INFO] Processing bTop_25_Filtered_Companies_by_Total_Employees_Affectedb.png
2026-05-05 19:24:09,427 [INFO] Sending big command for bTop_25_Filtered_Companies_by_Total_Employees_Affectedb.png.
2026-05-05 19:24:09,596 [INFO] Sent big command for bTop_25_Filtered_Companies_by_Total_Employees_Affectedb.png.
2026-05-05 19:24:09,599 [INFO] Reloading tab 83E5 before return.
2026-05-05 19:24:09,695 [INFO] Putting tab 83E5 back (queue size: 0).
2026-05-05 19:24:09,695 [INFO] Waiting for all cleanups to finish.
2026-05-05 19:24:09,695 [INFO] Exiting Kaleido
2026-05-05 19:24:09,695 [INFO] Closing browser.
2026-05-05 19:24:09,707 [INFO] Closing browser.
2026-05-05 19:24:09,708 [INFO] TemporaryDirectory.cleanup() worked.
2026-05-05 19:24:09,708 [INFO] shutil.rmtree worked.
2026-05-05 19:24:09,708 [INFO] Cancelling tasks.
2026-05-05 19:24:09,708 [INFO] Exiting Kaleido/Choreo
2026-05-05 19:24:10,420 [INFO] TemporaryDirectory.cleanup() worked.
2026-05-05 19:24:10,420 [INFO] shutil.rmtree worked.
2026-05-05 19:24:10,421 [INFO] TemporaryDirectory.cleanup() worked.
2026-05-05 19:24:10,421 [INFO] shutil.rmtree worked.
2026-05-05 19:24:10,421 [INFO] Cancelling tasks.
2026-05-05 19:24:10,421 [INFO] Exiting Kaleido/Choreo
2026-05-05 19:24:10,422 [INFO]   → PNG: /Users/bilalmac2/git_repo/warn/docs/charts/4_top_companies.png
2026-05-05 19:24:10,422 [INFO]   → HTML div: /Users/bilalmac2/git_repo/warn/docs/charts/4_top_companies.html
2026-05-05 19:24:10,422 [INFO] Chart 5: County heatmap …
2026-05-05 19:24:10,709 [INFO] Chromium init'ed with kwargs {}
2026-05-05 19:24:10,709 [INFO] Found chromium path: /Applications/Google Chrome.app/Contents/MacOS/Google Chrome
2026-05-05 19:24:10,710 [INFO] Temp directory created: /var/folders/2l/_mqykd2n143bpj9ts872cs5m0000gn/T/tmpd9a4zv5m.
2026-05-05 19:24:10,710 [INFO] Opening browser.
2026-05-05 19:24:10,710 [INFO] Temp directory created: /var/folders/2l/_mqykd2n143bpj9ts872cs5m0000gn/T/tmphw65no9q.
2026-05-05 19:24:10,710 [INFO] Temporary directory at: /var/folders/2l/_mqykd2n143bpj9ts872cs5m0000gn/T/tmphw65no9q
2026-05-05 19:24:16,015 [INFO] Conforming 1 to file:///var/folders/2l/_mqykd2n143bpj9ts872cs5m0000gn/T/tmpd9a4zv5m/index.html
2026-05-05 19:24:16,015 [INFO] Waiting on all navigates
2026-05-05 19:24:17,198 [INFO] All navigates done, putting them all in queue.
2026-05-05 19:24:17,199 [INFO] Getting tab from queue (has 1)
2026-05-05 19:24:17,199 [INFO] Got C3CF
2026-05-05 19:24:17,199 [INFO] Processing bCounty__Month_Heatmap__Employees_Affectedb.png
2026-05-05 19:24:17,199 [INFO] Sending big command for bCounty__Month_Heatmap__Employees_Affectedb.png.
2026-05-05 19:24:17,371 [INFO] Sent big command for bCounty__Month_Heatmap__Employees_Affectedb.png.
2026-05-05 19:24:17,374 [INFO] Reloading tab C3CF before return.
2026-05-05 19:24:17,464 [INFO] Putting tab C3CF back (queue size: 0).
2026-05-05 19:24:17,464 [INFO] Waiting for all cleanups to finish.
2026-05-05 19:24:17,464 [INFO] Exiting Kaleido
2026-05-05 19:24:17,464 [INFO] Closing browser.
2026-05-05 19:24:17,470 [INFO] Closing browser.
2026-05-05 19:24:17,471 [INFO] TemporaryDirectory.cleanup() worked.
2026-05-05 19:24:17,471 [INFO] shutil.rmtree worked.
2026-05-05 19:24:17,471 [INFO] Cancelling tasks.
2026-05-05 19:24:17,471 [INFO] Exiting Kaleido/Choreo
2026-05-05 19:24:18,007 [INFO] TemporaryDirectory.cleanup() worked.
2026-05-05 19:24:18,007 [INFO] shutil.rmtree worked.
2026-05-05 19:24:18,008 [INFO] TemporaryDirectory.cleanup() worked.
2026-05-05 19:24:18,009 [INFO] shutil.rmtree worked.
2026-05-05 19:24:18,010 [INFO] Cancelling tasks.
2026-05-05 19:24:18,010 [INFO] Exiting Kaleido/Choreo
2026-05-05 19:24:18,015 [INFO]   → PNG: /Users/bilalmac2/git_repo/warn/docs/charts/5_county_heatmap.png
2026-05-05 19:24:18,016 [INFO]   → HTML div: /Users/bilalmac2/git_repo/warn/docs/charts/5_county_heatmap.html
2026-05-05 19:24:18,019 [INFO] Chart 6: Treemap …
2026-05-05 19:24:18,176 [INFO] TemporaryDirectory.cleanup() worked.
2026-05-05 19:24:18,176 [INFO] shutil.rmtree worked.
2026-05-05 19:24:18,514 [INFO] TemporaryDirectory.cleanup() worked.
2026-05-05 19:24:18,515 [INFO] shutil.rmtree worked.
2026-05-05 19:24:18,953 [INFO] Chromium init'ed with kwargs {}
2026-05-05 19:24:18,955 [INFO] Found chromium path: /Applications/Google Chrome.app/Contents/MacOS/Google Chrome
2026-05-05 19:24:18,956 [INFO] Temp directory created: /var/folders/2l/_mqykd2n143bpj9ts872cs5m0000gn/T/tmp1ohh3j0g.
2026-05-05 19:24:18,959 [INFO] Opening browser.
2026-05-05 19:24:18,961 [INFO] Temp directory created: /var/folders/2l/_mqykd2n143bpj9ts872cs5m0000gn/T/tmpkzzv2w89.
2026-05-05 19:24:18,962 [INFO] Temporary directory at: /var/folders/2l/_mqykd2n143bpj9ts872cs5m0000gn/T/tmpkzzv2w89
2026-05-05 19:54:22,501 [INFO] Conforming 1 to file:///var/folders/2l/_mqykd2n143bpj9ts872cs5m0000gn/T/tmp1ohh3j0g/index.html
2026-05-05 19:54:22,504 [INFO] Waiting on all navigates
2026-05-05 19:54:24,039 [INFO] All navigates done, putting them all in queue.
2026-05-05 19:54:24,045 [INFO] Getting tab from queue (has 1)
2026-05-05 19:54:24,045 [INFO] Got CEF3
2026-05-05 19:54:24,045 [INFO] Processing bLayoff_Treemap__Company_Size_by_Employees_Affectedb.png
2026-05-05 19:54:24,045 [INFO] Sending big command for bLayoff_Treemap__Company_Size_by_Employees_Affectedb.png.
2026-05-05 19:54:24,383 [INFO] Sent big command for bLayoff_Treemap__Company_Size_by_Employees_Affectedb.png.
2026-05-05 19:54:24,390 [INFO] Reloading tab CEF3 before return.
2026-05-05 19:54:24,512 [INFO] Putting tab CEF3 back (queue size: 0).
2026-05-05 19:54:24,512 [INFO] Waiting for all cleanups to finish.
2026-05-05 19:54:24,512 [INFO] Exiting Kaleido
2026-05-05 19:54:24,513 [INFO] Closing browser.
2026-05-05 19:54:24,514 [INFO] Closing browser.
2026-05-05 19:54:24,515 [INFO] TemporaryDirectory.cleanup() worked.
2026-05-05 19:54:24,515 [INFO] shutil.rmtree worked.
2026-05-05 19:54:24,516 [INFO] Cancelling tasks.
2026-05-05 19:54:24,516 [INFO] Exiting Kaleido/Choreo
2026-05-05 19:54:24,911 [INFO] TemporaryDirectory.cleanup() worked.
2026-05-05 19:54:24,911 [INFO] shutil.rmtree worked.
2026-05-05 19:54:24,911 [INFO] TemporaryDirectory.cleanup() worked.
2026-05-05 19:54:24,912 [INFO] shutil.rmtree worked.
2026-05-05 19:54:24,912 [INFO] Cancelling tasks.
2026-05-05 19:54:24,912 [INFO] Exiting Kaleido/Choreo
2026-05-05 19:54:24,913 [INFO]   → PNG: /Users/bilalmac2/git_repo/warn/docs/charts/6_treemap.png
2026-05-05 19:54:24,913 [INFO]   → HTML div: /Users/bilalmac2/git_repo/warn/docs/charts/6_treemap.html
2026-05-05 19:54:24,914 [INFO] Chart 7: Year-over-year bar …
2026-05-05 19:54:24,964 [INFO] TemporaryDirectory.cleanup() worked.
2026-05-05 19:54:24,965 [INFO] shutil.rmtree worked.
2026-05-05 19:54:24,973 [INFO] Chromium init'ed with kwargs {}
2026-05-05 19:54:24,974 [INFO] Found chromium path: /Applications/Google Chrome.app/Contents/MacOS/Google Chrome
2026-05-05 19:54:24,974 [INFO] Temp directory created: /var/folders/2l/_mqykd2n143bpj9ts872cs5m0000gn/T/tmphugorkru.
2026-05-05 19:54:24,975 [INFO] Opening browser.
2026-05-05 19:54:24,975 [INFO] Temp directory created: /var/folders/2l/_mqykd2n143bpj9ts872cs5m0000gn/T/tmpk9985wfe.
2026-05-05 19:54:24,975 [INFO] Temporary directory at: /var/folders/2l/_mqykd2n143bpj9ts872cs5m0000gn/T/tmpk9985wfe
2026-05-05 19:54:26,525 [INFO] Conforming 1 to file:///var/folders/2l/_mqykd2n143bpj9ts872cs5m0000gn/T/tmphugorkru/index.html
2026-05-05 19:54:26,540 [INFO] Waiting on all navigates
2026-05-05 19:54:27,700 [INFO] All navigates done, putting them all in queue.
2026-05-05 19:54:27,701 [INFO] Getting tab from queue (has 1)
2026-05-05 19:54:27,702 [INFO] Got 0A25
2026-05-05 19:54:27,702 [INFO] Processing bYear_over_Year__Employees_Affected__Notice_Count_2014Presentb.png
2026-05-05 19:54:27,702 [INFO] Sending big command for bYear_over_Year__Employees_Affected__Notice_Count_2014Presentb.png.
2026-05-05 19:54:27,870 [INFO] Sent big command for bYear_over_Year__Employees_Affected__Notice_Count_2014Presentb.png.
2026-05-05 19:54:27,872 [INFO] Reloading tab 0A25 before return.
2026-05-05 19:54:27,961 [INFO] Putting tab 0A25 back (queue size: 0).
2026-05-05 19:54:27,961 [INFO] Waiting for all cleanups to finish.
2026-05-05 19:54:27,961 [INFO] Exiting Kaleido
2026-05-05 19:54:27,961 [INFO] Closing browser.
2026-05-05 19:54:27,963 [INFO] Closing browser.
2026-05-05 19:54:27,964 [INFO] TemporaryDirectory.cleanup() worked.
2026-05-05 19:54:27,965 [INFO] shutil.rmtree worked.
2026-05-05 19:54:27,965 [INFO] Cancelling tasks.
2026-05-05 19:54:27,965 [INFO] Exiting Kaleido/Choreo
2026-05-05 19:54:28,303 [INFO] TemporaryDirectory.cleanup() worked.
2026-05-05 19:54:28,303 [INFO] shutil.rmtree worked.
2026-05-05 19:54:28,304 [INFO] TemporaryDirectory.cleanup() worked.
2026-05-05 19:54:28,304 [INFO] shutil.rmtree worked.
2026-05-05 19:54:28,304 [INFO] Cancelling tasks.
2026-05-05 19:54:28,304 [INFO] Exiting Kaleido/Choreo
2026-05-05 19:54:28,305 [INFO]   → PNG: /Users/bilalmac2/git_repo/warn/docs/charts/7_yoy_bar.png
2026-05-05 19:54:28,305 [INFO]   → HTML div: /Users/bilalmac2/git_repo/warn/docs/charts/7_yoy_bar.html
2026-05-05 19:54:28,306 [INFO] Chart 8: Multi-year trend …
/Users/bilalmac2/git_repo/warn/warn_charts.py:593: UserWarning: Could not infer format, so each element will be parsed individually, falling back to `dateutil`. To ensure parsing is consistent and as-expected, please specify a format.
  df_all["effective_date"] = pd.to_datetime(df_all["effective_date"], errors="coerce")
2026-05-05 19:54:28,650 [INFO] Chromium init'ed with kwargs {}
2026-05-05 19:54:28,651 [INFO] Found chromium path: /Applications/Google Chrome.app/Contents/MacOS/Google Chrome
2026-05-05 19:54:28,651 [INFO] Temp directory created: /var/folders/2l/_mqykd2n143bpj9ts872cs5m0000gn/T/tmpbtnz5xkp.
2026-05-05 19:54:28,651 [INFO] Opening browser.
2026-05-05 19:54:28,652 [INFO] Temp directory created: /var/folders/2l/_mqykd2n143bpj9ts872cs5m0000gn/T/tmps9m3u2k0.
2026-05-05 19:54:28,652 [INFO] Temporary directory at: /var/folders/2l/_mqykd2n143bpj9ts872cs5m0000gn/T/tmps9m3u2k0
2026-05-05 19:54:30,336 [INFO] Conforming 1 to file:///var/folders/2l/_mqykd2n143bpj9ts872cs5m0000gn/T/tmpbtnz5xkp/index.html
2026-05-05 19:54:30,343 [INFO] Waiting on all navigates
2026-05-05 20:24:33,401 [INFO] All navigates done, putting them all in queue.
2026-05-05 20:24:33,403 [INFO] Getting tab from queue (has 1)
2026-05-05 20:24:33,403 [INFO] Got F8E1
2026-05-05 20:24:33,403 [INFO] Processing bMulti_Year_Monthly_Comparison__Employees_Affected_by_Monthb.png
2026-05-05 20:24:33,403 [INFO] Sending big command for bMulti_Year_Monthly_Comparison__Employees_Affected_by_Monthb.png.
2026-05-05 20:24:35,292 [INFO] Sent big command for bMulti_Year_Monthly_Comparison__Employees_Affected_by_Monthb.png.
2026-05-05 20:24:35,299 [INFO] Reloading tab F8E1 before return.
2026-05-05 20:24:35,896 [INFO] Putting tab F8E1 back (queue size: 0).
2026-05-05 20:24:35,896 [INFO] Waiting for all cleanups to finish.
2026-05-05 20:24:35,897 [INFO] Exiting Kaleido
2026-05-05 20:24:35,897 [INFO] Closing browser.
2026-05-05 20:24:35,900 [INFO] Closing browser.
2026-05-05 20:24:35,902 [INFO] TemporaryDirectory.cleanup() worked.
2026-05-05 20:24:35,903 [INFO] shutil.rmtree worked.
2026-05-05 20:24:35,903 [INFO] Cancelling tasks.
2026-05-05 20:24:35,903 [INFO] Exiting Kaleido/Choreo
2026-05-05 20:24:36,201 [INFO] TemporaryDirectory.cleanup() worked.
2026-05-05 20:24:36,201 [INFO] shutil.rmtree worked.
2026-05-05 20:24:36,201 [INFO] TemporaryDirectory.cleanup() worked.
2026-05-05 20:24:36,202 [INFO] shutil.rmtree worked.
2026-05-05 20:24:36,202 [INFO] Cancelling tasks.
2026-05-05 20:24:36,202 [INFO] Exiting Kaleido/Choreo
2026-05-05 20:24:36,204 [INFO]   → PNG: /Users/bilalmac2/git_repo/warn/docs/charts/8_multiyear_trend.png
2026-05-05 20:24:36,204 [INFO]   → HTML div: /Users/bilalmac2/git_repo/warn/docs/charts/8_multiyear_trend.html
2026-05-05 20:24:36,205 [INFO] Chart 9: Industry breakdown …
2026-05-05 20:24:36,265 [INFO] Chromium init'ed with kwargs {}
2026-05-05 20:24:36,265 [INFO] Found chromium path: /Applications/Google Chrome.app/Contents/MacOS/Google Chrome
2026-05-05 20:24:36,266 [INFO] Temp directory created: /var/folders/2l/_mqykd2n143bpj9ts872cs5m0000gn/T/tmpq77o3hlg.
2026-05-05 20:24:36,266 [INFO] Opening browser.
2026-05-05 20:24:36,267 [INFO] Temp directory created: /var/folders/2l/_mqykd2n143bpj9ts872cs5m0000gn/T/tmpvnfmuh8n.
2026-05-05 20:24:36,267 [INFO] Temporary directory at: /var/folders/2l/_mqykd2n143bpj9ts872cs5m0000gn/T/tmpvnfmuh8n
2026-05-05 20:24:37,588 [INFO] Conforming 1 to file:///var/folders/2l/_mqykd2n143bpj9ts872cs5m0000gn/T/tmpq77o3hlg/index.html
2026-05-05 20:24:37,606 [INFO] Waiting on all navigates
2026-05-05 20:24:38,608 [INFO] All navigates done, putting them all in queue.
2026-05-05 20:24:38,609 [INFO] Getting tab from queue (has 1)
2026-05-05 20:24:38,609 [INFO] Got 4A87
2026-05-05 20:24:38,609 [INFO] Processing bEmployees_Affected_by_Industry_Sectorb.png
2026-05-05 20:24:38,609 [INFO] Sending big command for bEmployees_Affected_by_Industry_Sectorb.png.
2026-05-05 20:24:38,610 [INFO] TemporaryDirectory.cleanup() worked.
2026-05-05 20:24:38,610 [INFO] shutil.rmtree worked.
2026-05-05 20:24:38,610 [INFO] TemporaryDirectory.cleanup() worked.
2026-05-05 20:24:38,611 [INFO] shutil.rmtree worked.
2026-05-05 20:24:38,734 [INFO] Sent big command for bEmployees_Affected_by_Industry_Sectorb.png.
2026-05-05 20:24:38,737 [INFO] Reloading tab 4A87 before return.
2026-05-05 20:24:38,822 [INFO] Putting tab 4A87 back (queue size: 0).
2026-05-05 20:24:38,822 [INFO] Waiting for all cleanups to finish.
2026-05-05 20:24:38,822 [INFO] Exiting Kaleido
2026-05-05 20:24:38,822 [INFO] Closing browser.
2026-05-05 20:24:38,824 [INFO] Closing browser.
2026-05-05 20:24:38,825 [INFO] TemporaryDirectory.cleanup() worked.
2026-05-05 20:24:38,825 [INFO] shutil.rmtree worked.
2026-05-05 20:24:38,825 [INFO] Cancelling tasks.
2026-05-05 20:24:38,825 [INFO] Exiting Kaleido/Choreo
2026-05-05 20:24:39,096 [INFO] TemporaryDirectory.cleanup() worked.
2026-05-05 20:24:39,096 [INFO] shutil.rmtree worked.
2026-05-05 20:24:39,096 [INFO] TemporaryDirectory.cleanup() worked.
2026-05-05 20:24:39,097 [INFO] shutil.rmtree worked.
2026-05-05 20:24:39,097 [INFO] Cancelling tasks.
2026-05-05 20:24:39,097 [INFO] Exiting Kaleido/Choreo
2026-05-05 20:24:39,098 [INFO]   → PNG: /Users/bilalmac2/git_repo/warn/docs/charts/9_industry_breakdown.png
2026-05-05 20:24:39,098 [INFO]   → HTML div: /Users/bilalmac2/git_repo/warn/docs/charts/9_industry_breakdown.html
2026-05-05 20:24:39,099 [INFO] Chart 10: Lead time histogram …
2026-05-05 20:24:39,144 [INFO] Chromium init'ed with kwargs {}
2026-05-05 20:24:39,145 [INFO] Found chromium path: /Applications/Google Chrome.app/Contents/MacOS/Google Chrome
2026-05-05 20:24:39,145 [INFO] Temp directory created: /var/folders/2l/_mqykd2n143bpj9ts872cs5m0000gn/T/tmpkqy9j1ml.
2026-05-05 20:24:39,146 [INFO] Opening browser.
2026-05-05 20:24:39,147 [INFO] Temp directory created: /var/folders/2l/_mqykd2n143bpj9ts872cs5m0000gn/T/tmpax09mx1l.
2026-05-05 20:24:39,147 [INFO] Temporary directory at: /var/folders/2l/_mqykd2n143bpj9ts872cs5m0000gn/T/tmpax09mx1l
2026-05-05 20:24:40,364 [INFO] Conforming 1 to file:///var/folders/2l/_mqykd2n143bpj9ts872cs5m0000gn/T/tmpkqy9j1ml/index.html
2026-05-05 20:24:40,384 [INFO] Waiting on all navigates
2026-05-05 20:24:41,374 [INFO] All navigates done, putting them all in queue.
2026-05-05 20:24:41,375 [INFO] Getting tab from queue (has 1)
2026-05-05 20:24:41,375 [INFO] Got D2BD
2026-05-05 20:24:41,375 [INFO] Processing bNotice_Lead_Time_Distribution__74_Filed_60_Days_in_Advanceb.png
2026-05-05 20:24:41,375 [INFO] Sending big command for bNotice_Lead_Time_Distribution__74_Filed_60_Days_in_Advanceb.png.
2026-05-05 20:24:41,581 [INFO] Sent big command for bNotice_Lead_Time_Distribution__74_Filed_60_Days_in_Advanceb.png.
2026-05-05 20:24:41,589 [INFO] Reloading tab D2BD before return.
2026-05-05 20:24:42,012 [INFO] Putting tab D2BD back (queue size: 0).
2026-05-05 20:24:42,012 [INFO] Waiting for all cleanups to finish.
2026-05-05 20:24:42,013 [INFO] Exiting Kaleido
2026-05-05 20:24:42,013 [INFO] Closing browser.
2026-05-05 20:24:42,039 [INFO] Closing browser.
2026-05-05 20:24:42,043 [INFO] TemporaryDirectory.cleanup() worked.
2026-05-05 20:24:42,044 [INFO] shutil.rmtree worked.
2026-05-05 20:24:42,045 [INFO] Cancelling tasks.
2026-05-05 20:24:42,045 [INFO] Exiting Kaleido/Choreo
2026-05-05 20:24:42,671 [INFO] TemporaryDirectory.cleanup() worked.
2026-05-05 20:24:42,672 [INFO] shutil.rmtree worked.
2026-05-05 20:24:42,673 [INFO] TemporaryDirectory.cleanup() worked.
2026-05-05 20:24:42,675 [INFO] shutil.rmtree worked.
2026-05-05 20:24:42,675 [INFO] Cancelling tasks.
2026-05-05 20:24:42,676 [INFO] Exiting Kaleido/Choreo
2026-05-05 20:24:42,681 [INFO]   → PNG: /Users/bilalmac2/git_repo/warn/docs/charts/10_lead_time.png
2026-05-05 20:24:42,682 [INFO]   → HTML div: /Users/bilalmac2/git_repo/warn/docs/charts/10_lead_time.html
2026-05-05 20:24:42,684 [INFO] Chart 11: County bar …
2026-05-05 20:24:42,911 [INFO] Chromium init'ed with kwargs {}
2026-05-05 20:24:42,915 [INFO] Found chromium path: /Applications/Google Chrome.app/Contents/MacOS/Google Chrome
2026-05-05 20:24:42,917 [INFO] Temp directory created: /var/folders/2l/_mqykd2n143bpj9ts872cs5m0000gn/T/tmpt5oh6av_.
2026-05-05 20:24:42,920 [INFO] Opening browser.
2026-05-05 20:24:42,923 [INFO] Temp directory created: /var/folders/2l/_mqykd2n143bpj9ts872cs5m0000gn/T/tmpnx9o_k5s.
2026-05-05 20:24:42,924 [INFO] Temporary directory at: /var/folders/2l/_mqykd2n143bpj9ts872cs5m0000gn/T/tmpnx9o_k5s
2026-05-05 20:54:46,355 [INFO] Conforming 1 to file:///var/folders/2l/_mqykd2n143bpj9ts872cs5m0000gn/T/tmpt5oh6av_/index.html
2026-05-05 20:54:46,376 [INFO] Waiting on all navigates
2026-05-05 20:54:47,492 [INFO] All navigates done, putting them all in queue.
2026-05-05 20:54:47,493 [INFO] Getting tab from queue (has 1)
2026-05-05 20:54:47,493 [INFO] Got 0816
2026-05-05 20:54:47,493 [INFO] Processing bTop_10_Counties_by_Employees_Affectedb.png
2026-05-05 20:54:47,493 [INFO] Sending big command for bTop_10_Counties_by_Employees_Affectedb.png.
2026-05-05 20:54:47,614 [INFO] Sent big command for bTop_10_Counties_by_Employees_Affectedb.png.
2026-05-05 20:54:47,615 [INFO] Reloading tab 0816 before return.
2026-05-05 20:54:47,703 [INFO] Putting tab 0816 back (queue size: 0).
2026-05-05 20:54:47,703 [INFO] Waiting for all cleanups to finish.
2026-05-05 20:54:47,703 [INFO] Exiting Kaleido
2026-05-05 20:54:47,703 [INFO] Closing browser.
2026-05-05 20:54:47,705 [INFO] Closing browser.
2026-05-05 20:54:47,706 [INFO] TemporaryDirectory.cleanup() worked.
2026-05-05 20:54:47,706 [INFO] shutil.rmtree worked.
2026-05-05 20:54:47,706 [INFO] Cancelling tasks.
2026-05-05 20:54:47,706 [INFO] Exiting Kaleido/Choreo
2026-05-05 20:54:47,911 [INFO] TemporaryDirectory.cleanup() worked.
2026-05-05 20:54:47,911 [INFO] shutil.rmtree worked.
2026-05-05 20:54:47,911 [INFO] TemporaryDirectory.cleanup() worked.
2026-05-05 20:54:47,912 [INFO] shutil.rmtree worked.
2026-05-05 20:54:47,912 [INFO] Cancelling tasks.
2026-05-05 20:54:47,912 [INFO] Exiting Kaleido/Choreo
2026-05-05 20:54:47,913 [INFO]   → PNG: /Users/bilalmac2/git_repo/warn/docs/charts/11_county_bar.png
2026-05-05 20:54:47,913 [INFO]   → HTML div: /Users/bilalmac2/git_repo/warn/docs/charts/11_county_bar.html
2026-05-05 20:54:47,914 [INFO] Charts complete.
2026-05-05 20:54:47,917 [INFO] Step 5/5: Building site …
2026-05-05 20:54:47,918 [INFO] Building index.html …
2026-05-05 20:54:47,966 [INFO] Site built → /Users/bilalmac2/git_repo/warn/docs/index.html
2026-05-05 20:54:47,968 [INFO] Sending alert email to bilalahamad0@gmail.com …
2026-05-05 20:54:53,643 [ERROR] Gmail authentication failed. Make sure you're using an App Password, not your regular Gmail password. See: https://myaccount.google.com/apppasswords
2026-05-05 20:54:53,644 [INFO] Git push …
2026-05-05 20:54:53,645 [INFO] Staging changes …
2026-05-05 20:54:55,326 [INFO] Committing: auto: WARN update 2026-05-06 03:54 UTC
2026-05-05 20:54:56,979 [INFO] Pushing to origin/main …
2026-05-05 21:24:58,463 [WARNING] git push origin main stderr: To https://github.com/bilalahamad0/warn.git
 ! [rejected]        main -> main (fetch first)
error: failed to push some refs to 'https://github.com/bilalahamad0/warn.git'
hint: Updates were rejected because the remote contains work that you do not
hint: have locally. This is usually caused by another repository pushing to
hint: the same ref. If you want to integrate the remote changes, use
hint: 'git pull' before pushing again.
hint: See the 'Note about fast-forwards' in 'git push --help' for details.
2026-05-05 21:24:58,506 [ERROR] ✗ Push failed — check GITHUB_TOKEN and repo permissions.
2026-05-05 21:24:58,506 [INFO] ✓ Publisher complete.
2026-05-05 21:24:58,644 [INFO] TemporaryDirectory.cleanup() worked.
2026-05-05 21:24:58,644 [INFO] shutil.rmtree worked.
2026-05-05 21:24:58,644 [INFO] TemporaryDirectory.cleanup() worked.
2026-05-05 21:24:58,644 [INFO] shutil.rmtree worked.
2026-05-05 21:24:58,644 [INFO] TemporaryDirectory.cleanup() worked.
2026-05-05 21:24:58,644 [INFO] shutil.rmtree worked.
/Users/bilalmac2/Library/Python/3.9/lib/python/site-packages/urllib3/__init__.py:34: NotOpenSSLWarning: urllib3 v2.0 only supports OpenSSL 1.1.1+, currently the 'ssl' module is compiled with 'LibreSSL 2.8.3'. See: https://github.com/urllib3/urllib3/issues/3020
  warnings.warn(
2026-05-06 06:00:05,248 [INFO] ======================================================================
2026-05-06 06:00:05,249 [INFO] WARN Publisher — 2026-05-06T13:00:05.248764+00:00Z
2026-05-06 06:00:05,249 [INFO] ======================================================================
2026-05-06 06:00:05,249 [INFO] Step 1/5: Running monitor …
2026-05-06 06:00:05,249 [INFO] ============================================================
2026-05-06 06:00:05,249 [INFO] WARN Monitor — 2026-05-06T13:00:05.249262+00:00Z
2026-05-06 06:00:05,249 [INFO] ============================================================
2026-05-06 06:00:05,254 [INFO] Requesting WARN XLSX from EDD …
2026-05-06 06:00:05,512 [INFO] EDD server: 304 Not Modified — data unchanged.
2026-05-06 06:00:05,513 [INFO] Parsing /Users/bilalmac2/git_repo/warn/file.xlsx …
2026-05-06 06:00:05,820 [INFO] Available sheets: ['Index', 'WARN Report Summary', 'Detailed WARN Report ', 'Call Center Relocations Summary', 'Call Center Relocations Report', 'Industry List']
2026-05-06 06:00:05,820 [INFO] Using sheet: 'Detailed WARN Report '
/Users/bilalmac2/Library/Python/3.9/lib/python/site-packages/openpyxl/worksheet/_reader.py:329: UserWarning: Data Validation extension is not supported and will be removed
  warn(msg)
2026-05-06 06:00:05,979 [INFO] Detailed sheet columns: ['County/Parish', 'Notice\nDate', 'Processed\nDate', 'Effective \nDate', 'Company', 'Layoff/\nClosure', 'No. Of\nEmployees', 'Address', 'Related Industry']
2026-05-06 06:00:06,135 [INFO] Parsed 1263 WARN records spanning 2025-01-05 → 2026-12-30
2026-05-06 06:00:06,148 [INFO] Changes: +43 new, -4 removed records
2026-05-06 06:00:06,173 [INFO] Saved 1263 records to /Users/bilalmac2/git_repo/warn/data/warn_latest.json
2026-05-06 06:00:06,173 [INFO] Monitor run complete.
2026-05-06 06:00:06,173 [INFO] Step 2/5: Generating diff report …
2026-05-06 06:00:06,287 [INFO] Step 3/5: Updating historical data …
2026-05-06 06:00:06,288 [INFO] Year 2014: already parsed — skipping (use --force to re-parse)
2026-05-06 06:00:06,288 [INFO] Year 2015: already parsed — skipping (use --force to re-parse)
2026-05-06 06:00:06,288 [INFO] Year 2016: already parsed — skipping (use --force to re-parse)
2026-05-06 06:00:06,288 [INFO] Year 2017: already parsed — skipping (use --force to re-parse)
2026-05-06 06:00:06,288 [INFO] Year 2018: already parsed — skipping (use --force to re-parse)
2026-05-06 06:00:06,288 [INFO] Year 2019: already parsed — skipping (use --force to re-parse)
2026-05-06 06:00:06,288 [INFO] Year 2020: already parsed — skipping (use --force to re-parse)
2026-05-06 06:00:06,288 [INFO] Year 2021: already parsed — skipping (use --force to re-parse)
2026-05-06 06:00:06,288 [INFO] Year 2022: already parsed — skipping (use --force to re-parse)
2026-05-06 06:00:06,288 [INFO] Year 2023: already parsed — skipping (use --force to re-parse)
2026-05-06 06:00:06,288 [INFO] Year 2024: already parsed — skipping (use --force to re-parse)
2026-05-06 06:00:06,326 [INFO] Combined dataset: 1,564 records across 12 years
2026-05-06 06:00:06,327 [INFO] Step 4/5: Generating charts …
2026-05-06 06:00:06,349 [INFO] Loaded 1263 records for charting.
2026-05-06 06:00:06,354 [INFO] Historical data: 1,564 records across 12 years
2026-05-06 06:00:06,354 [INFO] Chart 1: Timeline scatter …
2026-05-06 06:00:07,320 [INFO] Chromium init'ed with kwargs {}
2026-05-06 06:00:07,333 [INFO] Found chromium path: /Applications/Google Chrome.app/Contents/MacOS/Google Chrome
2026-05-06 06:00:07,337 [INFO] Temp directory created: /var/folders/2l/_mqykd2n143bpj9ts872cs5m0000gn/T/tmpy60grfga.
2026-05-06 06:00:07,338 [INFO] Opening browser.
2026-05-06 06:00:07,339 [INFO] Temp directory created: /var/folders/2l/_mqykd2n143bpj9ts872cs5m0000gn/T/tmpk6ajbk2_.
2026-05-06 06:00:07,339 [INFO] Temporary directory at: /var/folders/2l/_mqykd2n143bpj9ts872cs5m0000gn/T/tmpk6ajbk2_
2026-05-06 06:00:15,932 [INFO] Conforming 1 to file:///var/folders/2l/_mqykd2n143bpj9ts872cs5m0000gn/T/tmpy60grfga/index.html
2026-05-06 06:00:15,940 [INFO] Waiting on all navigates
2026-05-06 06:00:17,048 [INFO] All navigates done, putting them all in queue.
2026-05-06 06:00:17,049 [INFO] Getting tab from queue (has 1)
2026-05-06 06:00:17,049 [INFO] Got 4FEA
2026-05-06 06:00:17,049 [INFO] Processing bWARN_Notices__Employees_by_Effective_Dateb.png
2026-05-06 06:00:17,049 [INFO] Sending big command for bWARN_Notices__Employees_by_Effective_Dateb.png.
2026-05-06 06:00:19,276 [INFO] Sent big command for bWARN_Notices__Employees_by_Effective_Dateb.png.
2026-05-06 06:00:19,282 [INFO] Reloading tab 4FEA before return.
2026-05-06 06:00:19,481 [INFO] Putting tab 4FEA back (queue size: 0).
2026-05-06 06:00:19,481 [INFO] Waiting for all cleanups to finish.
2026-05-06 06:00:19,481 [INFO] Exiting Kaleido
2026-05-06 06:00:19,481 [INFO] Closing browser.
2026-05-06 06:00:19,494 [INFO] Closing browser.
2026-05-06 06:00:19,495 [INFO] TemporaryDirectory.cleanup() worked.
2026-05-06 06:00:19,495 [INFO] shutil.rmtree worked.
2026-05-06 06:00:19,495 [INFO] Cancelling tasks.
2026-05-06 06:00:19,495 [INFO] Exiting Kaleido/Choreo
2026-05-06 06:00:19,824 [INFO] TemporaryDirectory.cleanup() worked.
2026-05-06 06:00:19,825 [INFO] shutil.rmtree worked.
2026-05-06 06:00:19,825 [INFO] TemporaryDirectory.cleanup() worked.
2026-05-06 06:00:19,825 [INFO] shutil.rmtree worked.
2026-05-06 06:00:19,825 [INFO] Cancelling tasks.
2026-05-06 06:00:19,825 [INFO] Exiting Kaleido/Choreo
2026-05-06 06:00:19,849 [INFO]   → PNG: /Users/bilalmac2/git_repo/warn/docs/charts/1_timeline_scatter.png
2026-05-06 06:00:19,849 [INFO]   → HTML div: /Users/bilalmac2/git_repo/warn/docs/charts/1_timeline_scatter.html
2026-05-06 06:00:19,850 [INFO] Chart 2: Monthly bar chart …
2026-05-06 06:00:19,879 [INFO] Chromium init'ed with kwargs {}
2026-05-06 06:00:19,880 [INFO] Found chromium path: /Applications/Google Chrome.app/Contents/MacOS/Google Chrome
2026-05-06 06:00:19,880 [INFO] Temp directory created: /var/folders/2l/_mqykd2n143bpj9ts872cs5m0000gn/T/tmpzy8927w1.
2026-05-06 06:00:19,881 [INFO] Opening browser.
2026-05-06 06:00:19,881 [INFO] Temp directory created: /var/folders/2l/_mqykd2n143bpj9ts872cs5m0000gn/T/tmpfr1uh4_r.
2026-05-06 06:00:19,881 [INFO] Temporary directory at: /var/folders/2l/_mqykd2n143bpj9ts872cs5m0000gn/T/tmpfr1uh4_r
2026-05-06 06:00:21,264 [INFO] Conforming 1 to file:///var/folders/2l/_mqykd2n143bpj9ts872cs5m0000gn/T/tmpzy8927w1/index.html
2026-05-06 06:00:21,282 [INFO] Waiting on all navigates
2026-05-06 06:00:23,405 [INFO] All navigates done, putting them all in queue.
2026-05-06 06:00:23,406 [INFO] Getting tab from queue (has 1)
2026-05-06 06:00:23,407 [INFO] Got 7F38
2026-05-06 06:00:23,407 [INFO] Processing bMonthly_Layoffs__Total_Employees_Affectedb.png
2026-05-06 06:00:23,407 [INFO] Sending big command for bMonthly_Layoffs__Total_Employees_Affectedb.png.
2026-05-06 06:00:23,538 [INFO] Sent big command for bMonthly_Layoffs__Total_Employees_Affectedb.png.
2026-05-06 06:00:23,539 [INFO] Reloading tab 7F38 before return.
2026-05-06 06:00:23,624 [INFO] Putting tab 7F38 back (queue size: 0).
2026-05-06 06:00:23,624 [INFO] Waiting for all cleanups to finish.
2026-05-06 06:00:23,624 [INFO] Exiting Kaleido
2026-05-06 06:00:23,624 [INFO] Closing browser.
2026-05-06 06:00:23,626 [INFO] Closing browser.
2026-05-06 06:00:23,628 [INFO] TemporaryDirectory.cleanup() worked.
2026-05-06 06:00:23,628 [INFO] shutil.rmtree worked.
2026-05-06 06:00:23,628 [INFO] Cancelling tasks.
2026-05-06 06:00:23,628 [INFO] Exiting Kaleido/Choreo
2026-05-06 06:00:23,943 [INFO] TemporaryDirectory.cleanup() worked.
2026-05-06 06:00:23,943 [INFO] shutil.rmtree worked.
2026-05-06 06:00:23,943 [INFO] TemporaryDirectory.cleanup() worked.
2026-05-06 06:00:23,944 [INFO] shutil.rmtree worked.
2026-05-06 06:00:23,944 [INFO] Cancelling tasks.
2026-05-06 06:00:23,944 [INFO] Exiting Kaleido/Choreo
2026-05-06 06:00:23,946 [INFO]   → PNG: /Users/bilalmac2/git_repo/warn/docs/charts/2_monthly_bar.png
2026-05-06 06:00:23,946 [INFO]   → HTML div: /Users/bilalmac2/git_repo/warn/docs/charts/2_monthly_bar.html
2026-05-06 06:00:23,946 [INFO] Chart 3: Rolling trend …
2026-05-06 06:00:24,007 [INFO] Chromium init'ed with kwargs {}
2026-05-06 06:00:24,008 [INFO] Found chromium path: /Applications/Google Chrome.app/Contents/MacOS/Google Chrome
2026-05-06 06:00:24,009 [INFO] Temp directory created: /var/folders/2l/_mqykd2n143bpj9ts872cs5m0000gn/T/tmp04zgt0nk.
2026-05-06 06:00:24,009 [INFO] Opening browser.
2026-05-06 06:00:24,010 [INFO] Temp directory created: /var/folders/2l/_mqykd2n143bpj9ts872cs5m0000gn/T/tmpm98ys7ay.
2026-05-06 06:00:24,010 [INFO] Temporary directory at: /var/folders/2l/_mqykd2n143bpj9ts872cs5m0000gn/T/tmpm98ys7ay
2026-05-06 06:00:25,728 [INFO] TemporaryDirectory.cleanup() worked.
2026-05-06 06:00:25,729 [INFO] shutil.rmtree worked.
2026-05-06 06:00:25,729 [INFO] TemporaryDirectory.cleanup() worked.
2026-05-06 06:00:25,730 [INFO] shutil.rmtree worked.
2026-05-06 06:00:25,741 [INFO] Conforming 1 to file:///var/folders/2l/_mqykd2n143bpj9ts872cs5m0000gn/T/tmp04zgt0nk/index.html
2026-05-06 06:00:25,758 [INFO] Waiting on all navigates
2026-05-06 06:00:26,880 [INFO] All navigates done, putting them all in queue.
2026-05-06 06:00:26,881 [INFO] Getting tab from queue (has 1)
2026-05-06 06:00:26,881 [INFO] Got C789
2026-05-06 06:00:26,881 [INFO] Processing bLayoff_Trend__Daily_30_Day_Average__Cumulativeb.png
2026-05-06 06:00:26,881 [INFO] Sending big command for bLayoff_Trend__Daily_30_Day_Average__Cumulativeb.png.
2026-05-06 06:00:27,085 [INFO] Sent big command for bLayoff_Trend__Daily_30_Day_Average__Cumulativeb.png.
2026-05-06 06:00:27,088 [INFO] Reloading tab C789 before return.
2026-05-06 06:00:27,174 [INFO] Putting tab C789 back (queue size: 0).
2026-05-06 06:00:27,174 [INFO] Waiting for all cleanups to finish.
2026-05-06 06:00:27,175 [INFO] Exiting Kaleido
2026-05-06 06:00:27,175 [INFO] Closing browser.
2026-05-06 06:00:27,177 [INFO] Closing browser.
2026-05-06 06:00:27,178 [INFO] TemporaryDirectory.cleanup() worked.
2026-05-06 06:00:27,178 [INFO] shutil.rmtree worked.
2026-05-06 06:00:27,179 [INFO] Cancelling tasks.
2026-05-06 06:00:27,180 [INFO] Exiting Kaleido/Choreo
2026-05-06 06:00:27,416 [INFO] TemporaryDirectory.cleanup() worked.
2026-05-06 06:00:27,416 [INFO] shutil.rmtree worked.
2026-05-06 06:00:27,416 [INFO] TemporaryDirectory.cleanup() worked.
2026-05-06 06:00:27,416 [INFO] shutil.rmtree worked.
2026-05-06 06:00:27,416 [INFO] Cancelling tasks.
2026-05-06 06:00:27,416 [INFO] Exiting Kaleido/Choreo
2026-05-06 06:00:27,418 [INFO]   → PNG: /Users/bilalmac2/git_repo/warn/docs/charts/3_rolling_trend.png
2026-05-06 06:00:27,418 [INFO]   → HTML div: /Users/bilalmac2/git_repo/warn/docs/charts/3_rolling_trend.html
2026-05-06 06:00:27,419 [INFO] Chart 4: Top-25 companies …
2026-05-06 06:00:27,453 [INFO] Chromium init'ed with kwargs {}
2026-05-06 06:00:27,453 [INFO] Found chromium path: /Applications/Google Chrome.app/Contents/MacOS/Google Chrome
2026-05-06 06:00:27,454 [INFO] Temp directory created: /var/folders/2l/_mqykd2n143bpj9ts872cs5m0000gn/T/tmpcxgsxqem.
2026-05-06 06:00:27,454 [INFO] Opening browser.
2026-05-06 06:00:27,454 [INFO] Temp directory created: /var/folders/2l/_mqykd2n143bpj9ts872cs5m0000gn/T/tmpg7gnvw6d.
2026-05-06 06:00:27,455 [INFO] Temporary directory at: /var/folders/2l/_mqykd2n143bpj9ts872cs5m0000gn/T/tmpg7gnvw6d
2026-05-06 06:00:28,775 [INFO] Conforming 1 to file:///var/folders/2l/_mqykd2n143bpj9ts872cs5m0000gn/T/tmpcxgsxqem/index.html
2026-05-06 06:00:28,790 [INFO] Waiting on all navigates
2026-05-06 06:00:29,849 [INFO] All navigates done, putting them all in queue.
2026-05-06 06:00:29,850 [INFO] Getting tab from queue (has 1)
2026-05-06 06:00:29,851 [INFO] Got 74B8
2026-05-06 06:00:29,851 [INFO] Processing bTop_25_Filtered_Companies_by_Total_Employees_Affectedb.png
2026-05-06 06:00:29,851 [INFO] Sending big command for bTop_25_Filtered_Companies_by_Total_Employees_Affectedb.png.
2026-05-06 06:00:30,018 [INFO] Sent big command for bTop_25_Filtered_Companies_by_Total_Employees_Affectedb.png.
2026-05-06 06:00:30,021 [INFO] Reloading tab 74B8 before return.
2026-05-06 06:00:30,113 [INFO] Putting tab 74B8 back (queue size: 0).
2026-05-06 06:00:30,113 [INFO] Waiting for all cleanups to finish.
2026-05-06 06:00:30,113 [INFO] Exiting Kaleido
2026-05-06 06:00:30,114 [INFO] Closing browser.
2026-05-06 06:00:30,116 [INFO] Closing browser.
2026-05-06 06:00:30,117 [INFO] TemporaryDirectory.cleanup() worked.
2026-05-06 06:00:30,117 [INFO] shutil.rmtree worked.
2026-05-06 06:00:30,117 [INFO] Cancelling tasks.
2026-05-06 06:00:30,117 [INFO] Exiting Kaleido/Choreo
2026-05-06 06:00:30,397 [INFO] TemporaryDirectory.cleanup() worked.
2026-05-06 06:00:30,397 [INFO] shutil.rmtree worked.
2026-05-06 06:00:30,397 [INFO] TemporaryDirectory.cleanup() worked.
2026-05-06 06:00:30,397 [INFO] shutil.rmtree worked.
2026-05-06 06:00:30,398 [INFO] Cancelling tasks.
2026-05-06 06:00:30,398 [INFO] Exiting Kaleido/Choreo
2026-05-06 06:00:30,400 [INFO]   → PNG: /Users/bilalmac2/git_repo/warn/docs/charts/4_top_companies.png
2026-05-06 06:00:30,400 [INFO]   → HTML div: /Users/bilalmac2/git_repo/warn/docs/charts/4_top_companies.html
2026-05-06 06:00:30,400 [INFO] Chart 5: County heatmap …
2026-05-06 06:00:30,445 [INFO] Chromium init'ed with kwargs {}
2026-05-06 06:00:30,446 [INFO] Found chromium path: /Applications/Google Chrome.app/Contents/MacOS/Google Chrome
2026-05-06 06:00:30,446 [INFO] Temp directory created: /var/folders/2l/_mqykd2n143bpj9ts872cs5m0000gn/T/tmpjse0r9kh.
2026-05-06 06:00:30,447 [INFO] Opening browser.
2026-05-06 06:00:30,447 [INFO] Temp directory created: /var/folders/2l/_mqykd2n143bpj9ts872cs5m0000gn/T/tmpwledf4zn.
2026-05-06 06:00:30,447 [INFO] Temporary directory at: /var/folders/2l/_mqykd2n143bpj9ts872cs5m0000gn/T/tmpwledf4zn
2026-05-06 06:00:31,770 [INFO] Conforming 1 to file:///var/folders/2l/_mqykd2n143bpj9ts872cs5m0000gn/T/tmpjse0r9kh/index.html
2026-05-06 06:00:31,802 [INFO] Waiting on all navigates
2026-05-06 06:00:32,883 [INFO] All navigates done, putting them all in queue.
2026-05-06 06:00:32,884 [INFO] Getting tab from queue (has 1)
2026-05-06 06:00:32,884 [INFO] Got B690
2026-05-06 06:00:32,884 [INFO] Processing bCounty__Month_Heatmap__Employees_Affectedb.png
2026-05-06 06:00:32,884 [INFO] Sending big command for bCounty__Month_Heatmap__Employees_Affectedb.png.
2026-05-06 06:00:33,062 [INFO] Sent big command for bCounty__Month_Heatmap__Employees_Affectedb.png.
2026-05-06 06:00:33,064 [INFO] Reloading tab B690 before return.
2026-05-06 06:00:33,150 [INFO] Putting tab B690 back (queue size: 0).
2026-05-06 06:00:33,150 [INFO] Waiting for all cleanups to finish.
2026-05-06 06:00:33,150 [INFO] Exiting Kaleido
2026-05-06 06:00:33,150 [INFO] Closing browser.
2026-05-06 06:00:33,153 [INFO] Closing browser.
2026-05-06 06:00:33,154 [INFO] TemporaryDirectory.cleanup() worked.
2026-05-06 06:00:33,154 [INFO] shutil.rmtree worked.
2026-05-06 06:00:33,154 [INFO] Cancelling tasks.
2026-05-06 06:00:33,154 [INFO] Exiting Kaleido/Choreo
2026-05-06 06:00:33,451 [INFO] TemporaryDirectory.cleanup() worked.
2026-05-06 06:00:33,452 [INFO] shutil.rmtree worked.
2026-05-06 06:00:33,452 [INFO] TemporaryDirectory.cleanup() worked.
2026-05-06 06:00:33,452 [INFO] shutil.rmtree worked.
2026-05-06 06:00:33,452 [INFO] Cancelling tasks.
2026-05-06 06:00:33,452 [INFO] Exiting Kaleido/Choreo
2026-05-06 06:00:33,454 [INFO]   → PNG: /Users/bilalmac2/git_repo/warn/docs/charts/5_county_heatmap.png
2026-05-06 06:00:33,454 [INFO]   → HTML div: /Users/bilalmac2/git_repo/warn/docs/charts/5_county_heatmap.html
2026-05-06 06:00:33,454 [INFO] Chart 6: Treemap …
2026-05-06 06:00:33,472 [INFO] TemporaryDirectory.cleanup() worked.
2026-05-06 06:00:33,472 [INFO] shutil.rmtree worked.
2026-05-06 06:00:33,520 [INFO] TemporaryDirectory.cleanup() worked.
2026-05-06 06:00:33,521 [INFO] shutil.rmtree worked.
2026-05-06 06:00:33,605 [INFO] Chromium init'ed with kwargs {}
2026-05-06 06:00:33,606 [INFO] Found chromium path: /Applications/Google Chrome.app/Contents/MacOS/Google Chrome
2026-05-06 06:00:33,606 [INFO] Temp directory created: /var/folders/2l/_mqykd2n143bpj9ts872cs5m0000gn/T/tmp4qmpdv90.
2026-05-06 06:00:33,606 [INFO] Opening browser.
2026-05-06 06:00:33,607 [INFO] Temp directory created: /var/folders/2l/_mqykd2n143bpj9ts872cs5m0000gn/T/tmp4m6mkh0r.
2026-05-06 06:00:33,607 [INFO] Temporary directory at: /var/folders/2l/_mqykd2n143bpj9ts872cs5m0000gn/T/tmp4m6mkh0r
2026-05-06 06:00:34,949 [INFO] Conforming 1 to file:///var/folders/2l/_mqykd2n143bpj9ts872cs5m0000gn/T/tmp4qmpdv90/index.html
2026-05-06 06:00:34,968 [INFO] Waiting on all navigates
2026-05-06 06:00:36,055 [INFO] All navigates done, putting them all in queue.
2026-05-06 06:00:36,056 [INFO] Getting tab from queue (has 1)
2026-05-06 06:00:36,056 [INFO] Got 7756
2026-05-06 06:00:36,057 [INFO] Processing bLayoff_Treemap__Company_Size_by_Employees_Affectedb.png
2026-05-06 06:00:36,057 [INFO] Sending big command for bLayoff_Treemap__Company_Size_by_Employees_Affectedb.png.
2026-05-06 06:00:36,407 [INFO] Sent big command for bLayoff_Treemap__Company_Size_by_Employees_Affectedb.png.
2026-05-06 06:00:36,413 [INFO] Reloading tab 7756 before return.
2026-05-06 06:00:36,547 [INFO] Putting tab 7756 back (queue size: 0).
2026-05-06 06:00:36,547 [INFO] Waiting for all cleanups to finish.
2026-05-06 06:00:36,547 [INFO] Exiting Kaleido
2026-05-06 06:00:36,547 [INFO] Closing browser.
2026-05-06 06:00:36,550 [INFO] Closing browser.
2026-05-06 06:00:36,551 [INFO] TemporaryDirectory.cleanup() worked.
2026-05-06 06:00:36,551 [INFO] shutil.rmtree worked.
2026-05-06 06:00:36,552 [INFO] Cancelling tasks.
2026-05-06 06:00:36,552 [INFO] Exiting Kaleido/Choreo
2026-05-06 06:00:36,825 [INFO] TemporaryDirectory.cleanup() worked.
2026-05-06 06:00:36,826 [INFO] shutil.rmtree worked.
2026-05-06 06:00:36,826 [INFO] TemporaryDirectory.cleanup() worked.
2026-05-06 06:00:36,826 [INFO] shutil.rmtree worked.
2026-05-06 06:00:36,826 [INFO] Cancelling tasks.
2026-05-06 06:00:36,826 [INFO] Exiting Kaleido/Choreo
2026-05-06 06:00:36,830 [INFO]   → PNG: /Users/bilalmac2/git_repo/warn/docs/charts/6_treemap.png
2026-05-06 06:00:36,830 [INFO]   → HTML div: /Users/bilalmac2/git_repo/warn/docs/charts/6_treemap.html
2026-05-06 06:00:36,831 [INFO] Chart 7: Year-over-year bar …
2026-05-06 06:00:36,877 [INFO] TemporaryDirectory.cleanup() worked.
2026-05-06 06:00:36,877 [INFO] shutil.rmtree worked.
2026-05-06 06:00:36,899 [INFO] Chromium init'ed with kwargs {}
2026-05-06 06:00:36,900 [INFO] Found chromium path: /Applications/Google Chrome.app/Contents/MacOS/Google Chrome
2026-05-06 06:00:36,901 [INFO] Temp directory created: /var/folders/2l/_mqykd2n143bpj9ts872cs5m0000gn/T/tmpy4v82n6a.
2026-05-06 06:00:36,901 [INFO] Opening browser.
2026-05-06 06:00:36,902 [INFO] Temp directory created: /var/folders/2l/_mqykd2n143bpj9ts872cs5m0000gn/T/tmp_cfpe7vr.
2026-05-06 06:00:36,902 [INFO] Temporary directory at: /var/folders/2l/_mqykd2n143bpj9ts872cs5m0000gn/T/tmp_cfpe7vr
2026-05-06 06:00:38,190 [INFO] Conforming 1 to file:///var/folders/2l/_mqykd2n143bpj9ts872cs5m0000gn/T/tmpy4v82n6a/index.html
2026-05-06 06:00:38,218 [INFO] Waiting on all navigates
2026-05-06 06:00:39,265 [INFO] All navigates done, putting them all in queue.
2026-05-06 06:00:39,266 [INFO] Getting tab from queue (has 1)
2026-05-06 06:00:39,266 [INFO] Got 74A7
2026-05-06 06:00:39,266 [INFO] Processing bYear_over_Year__Employees_Affected__Notice_Count_2014Presentb.png
2026-05-06 06:00:39,266 [INFO] Sending big command for bYear_over_Year__Employees_Affected__Notice_Count_2014Presentb.png.
2026-05-06 06:00:39,513 [INFO] Sent big command for bYear_over_Year__Employees_Affected__Notice_Count_2014Presentb.png.
2026-05-06 06:00:39,515 [INFO] Reloading tab 74A7 before return.
2026-05-06 06:00:39,608 [INFO] Putting tab 74A7 back (queue size: 0).
2026-05-06 06:00:39,608 [INFO] Waiting for all cleanups to finish.
2026-05-06 06:00:39,608 [INFO] Exiting Kaleido
2026-05-06 06:00:39,608 [INFO] Closing browser.
2026-05-06 06:00:39,610 [INFO] Closing browser.
2026-05-06 06:00:39,611 [INFO] TemporaryDirectory.cleanup() worked.
2026-05-06 06:00:39,611 [INFO] shutil.rmtree worked.
2026-05-06 06:00:39,611 [INFO] Cancelling tasks.
2026-05-06 06:00:39,612 [INFO] Exiting Kaleido/Choreo
2026-05-06 06:00:39,865 [INFO] TemporaryDirectory.cleanup() worked.
2026-05-06 06:00:39,865 [INFO] shutil.rmtree worked.
2026-05-06 06:00:39,865 [INFO] TemporaryDirectory.cleanup() worked.
2026-05-06 06:00:39,865 [INFO] shutil.rmtree worked.
2026-05-06 06:00:39,865 [INFO] Cancelling tasks.
2026-05-06 06:00:39,865 [INFO] Exiting Kaleido/Choreo
2026-05-06 06:00:39,867 [INFO]   → PNG: /Users/bilalmac2/git_repo/warn/docs/charts/7_yoy_bar.png
2026-05-06 06:00:39,867 [INFO]   → HTML div: /Users/bilalmac2/git_repo/warn/docs/charts/7_yoy_bar.html
2026-05-06 06:00:39,867 [INFO] Chart 8: Multi-year trend …
/Users/bilalmac2/git_repo/warn/warn_charts.py:593: UserWarning: Could not infer format, so each element will be parsed individually, falling back to `dateutil`. To ensure parsing is consistent and as-expected, please specify a format.
  df_all["effective_date"] = pd.to_datetime(df_all["effective_date"], errors="coerce")
2026-05-06 06:00:39,947 [INFO] Chromium init'ed with kwargs {}
2026-05-06 06:00:39,947 [INFO] Found chromium path: /Applications/Google Chrome.app/Contents/MacOS/Google Chrome
2026-05-06 06:00:39,948 [INFO] Temp directory created: /var/folders/2l/_mqykd2n143bpj9ts872cs5m0000gn/T/tmpdipl6qb7.
2026-05-06 06:00:39,948 [INFO] Opening browser.
2026-05-06 06:00:39,949 [INFO] Temp directory created: /var/folders/2l/_mqykd2n143bpj9ts872cs5m0000gn/T/tmp5jkiqif3.
2026-05-06 06:00:39,949 [INFO] Temporary directory at: /var/folders/2l/_mqykd2n143bpj9ts872cs5m0000gn/T/tmp5jkiqif3
2026-05-06 06:00:41,288 [INFO] Conforming 1 to file:///var/folders/2l/_mqykd2n143bpj9ts872cs5m0000gn/T/tmpdipl6qb7/index.html
2026-05-06 06:00:41,314 [INFO] Waiting on all navigates
2026-05-06 06:00:42,344 [INFO] All navigates done, putting them all in queue.
2026-05-06 06:00:42,345 [INFO] Getting tab from queue (has 1)
2026-05-06 06:00:42,345 [INFO] Got BF31
2026-05-06 06:00:42,345 [INFO] Processing bMulti_Year_Monthly_Comparison__Employees_Affected_by_Monthb.png
2026-05-06 06:00:42,346 [INFO] Sending big command for bMulti_Year_Monthly_Comparison__Employees_Affected_by_Monthb.png.
2026-05-06 06:00:42,502 [INFO] Sent big command for bMulti_Year_Monthly_Comparison__Employees_Affected_by_Monthb.png.
2026-05-06 06:00:42,505 [INFO] Reloading tab BF31 before return.
2026-05-06 06:00:42,600 [INFO] Putting tab BF31 back (queue size: 0).
2026-05-06 06:00:42,600 [INFO] Waiting for all cleanups to finish.
2026-05-06 06:00:42,600 [INFO] Exiting Kaleido
2026-05-06 06:00:42,600 [INFO] Closing browser.
2026-05-06 06:00:42,603 [INFO] Closing browser.
2026-05-06 06:00:42,604 [INFO] TemporaryDirectory.cleanup() worked.
2026-05-06 06:00:42,604 [INFO] shutil.rmtree worked.
2026-05-06 06:00:42,604 [INFO] Cancelling tasks.
2026-05-06 06:00:42,604 [INFO] Exiting Kaleido/Choreo
2026-05-06 06:00:42,857 [INFO] TemporaryDirectory.cleanup() worked.
2026-05-06 06:00:42,858 [INFO] shutil.rmtree worked.
2026-05-06 06:00:42,858 [INFO] TemporaryDirectory.cleanup() worked.
2026-05-06 06:00:42,858 [INFO] shutil.rmtree worked.
2026-05-06 06:00:42,858 [INFO] Cancelling tasks.
2026-05-06 06:00:42,858 [INFO] Exiting Kaleido/Choreo
2026-05-06 06:00:42,860 [INFO]   → PNG: /Users/bilalmac2/git_repo/warn/docs/charts/8_multiyear_trend.png
2026-05-06 06:00:42,860 [INFO]   → HTML div: /Users/bilalmac2/git_repo/warn/docs/charts/8_multiyear_trend.html
2026-05-06 06:00:42,861 [INFO] Chart 9: Industry breakdown …
2026-05-06 06:00:42,898 [INFO] TemporaryDirectory.cleanup() worked.
2026-05-06 06:00:42,899 [INFO] shutil.rmtree worked.
2026-05-06 06:00:42,899 [INFO] TemporaryDirectory.cleanup() worked.
2026-05-06 06:00:42,899 [INFO] shutil.rmtree worked.
2026-05-06 06:00:42,904 [INFO] Chromium init'ed with kwargs {}
2026-05-06 06:00:42,904 [INFO] Found chromium path: /Applications/Google Chrome.app/Contents/MacOS/Google Chrome
2026-05-06 06:00:42,905 [INFO] Temp directory created: /var/folders/2l/_mqykd2n143bpj9ts872cs5m0000gn/T/tmpffuabwae.
2026-05-06 06:00:42,905 [INFO] Opening browser.
2026-05-06 06:00:42,906 [INFO] Temp directory created: /var/folders/2l/_mqykd2n143bpj9ts872cs5m0000gn/T/tmpvplidlsi.
2026-05-06 06:00:42,906 [INFO] Temporary directory at: /var/folders/2l/_mqykd2n143bpj9ts872cs5m0000gn/T/tmpvplidlsi
2026-05-06 06:00:44,264 [INFO] Conforming 1 to file:///var/folders/2l/_mqykd2n143bpj9ts872cs5m0000gn/T/tmpffuabwae/index.html
2026-05-06 06:00:44,275 [INFO] Waiting on all navigates
2026-05-06 06:00:45,334 [INFO] All navigates done, putting them all in queue.
2026-05-06 06:00:45,335 [INFO] Getting tab from queue (has 1)
2026-05-06 06:00:45,335 [INFO] Got 91F0
2026-05-06 06:00:45,335 [INFO] Processing bEmployees_Affected_by_Industry_Sectorb.png
2026-05-06 06:00:45,335 [INFO] Sending big command for bEmployees_Affected_by_Industry_Sectorb.png.
2026-05-06 06:00:45,475 [INFO] Sent big command for bEmployees_Affected_by_Industry_Sectorb.png.
2026-05-06 06:00:45,477 [INFO] Reloading tab 91F0 before return.
2026-05-06 06:00:45,564 [INFO] Putting tab 91F0 back (queue size: 0).
2026-05-06 06:00:45,564 [INFO] Waiting for all cleanups to finish.
2026-05-06 06:00:45,564 [INFO] Exiting Kaleido
2026-05-06 06:00:45,564 [INFO] Closing browser.
2026-05-06 06:00:45,566 [INFO] Closing browser.
2026-05-06 06:00:45,567 [INFO] TemporaryDirectory.cleanup() worked.
2026-05-06 06:00:45,568 [INFO] shutil.rmtree worked.
2026-05-06 06:00:45,568 [INFO] Cancelling tasks.
2026-05-06 06:00:45,568 [INFO] Exiting Kaleido/Choreo
2026-05-06 06:00:45,777 [INFO] TemporaryDirectory.cleanup() worked.
2026-05-06 06:00:45,777 [INFO] shutil.rmtree worked.
2026-05-06 06:00:45,777 [INFO] TemporaryDirectory.cleanup() worked.
2026-05-06 06:00:45,778 [INFO] shutil.rmtree worked.
2026-05-06 06:00:45,778 [INFO] Cancelling tasks.
2026-05-06 06:00:45,778 [INFO] Exiting Kaleido/Choreo
2026-05-06 06:00:45,780 [INFO]   → PNG: /Users/bilalmac2/git_repo/warn/docs/charts/9_industry_breakdown.png
2026-05-06 06:00:45,780 [INFO]   → HTML div: /Users/bilalmac2/git_repo/warn/docs/charts/9_industry_breakdown.html
2026-05-06 06:00:45,780 [INFO] Chart 10: Lead time histogram …
2026-05-06 06:00:45,825 [INFO] Chromium init'ed with kwargs {}
2026-05-06 06:00:45,826 [INFO] Found chromium path: /Applications/Google Chrome.app/Contents/MacOS/Google Chrome
2026-05-06 06:00:45,826 [INFO] Temp directory created: /var/folders/2l/_mqykd2n143bpj9ts872cs5m0000gn/T/tmp90yt1j2r.
2026-05-06 06:00:45,826 [INFO] Opening browser.
2026-05-06 06:00:45,827 [INFO] Temp directory created: /var/folders/2l/_mqykd2n143bpj9ts872cs5m0000gn/T/tmp0vnoa8c7.
2026-05-06 06:00:45,827 [INFO] Temporary directory at: /var/folders/2l/_mqykd2n143bpj9ts872cs5m0000gn/T/tmp0vnoa8c7
2026-05-06 06:00:47,169 [INFO] Conforming 1 to file:///var/folders/2l/_mqykd2n143bpj9ts872cs5m0000gn/T/tmp90yt1j2r/index.html
2026-05-06 06:00:47,170 [INFO] Waiting on all navigates
2026-05-06 06:00:48,320 [INFO] All navigates done, putting them all in queue.
2026-05-06 06:00:48,321 [INFO] Getting tab from queue (has 1)
2026-05-06 06:00:48,321 [INFO] Got F82D
2026-05-06 06:00:48,321 [INFO] Processing bNotice_Lead_Time_Distribution__74_Filed_60_Days_in_Advanceb.png
2026-05-06 06:00:48,321 [INFO] Sending big command for bNotice_Lead_Time_Distribution__74_Filed_60_Days_in_Advanceb.png.
2026-05-06 06:00:48,436 [INFO] Sent big command for bNotice_Lead_Time_Distribution__74_Filed_60_Days_in_Advanceb.png.
2026-05-06 06:00:48,437 [INFO] Reloading tab F82D before return.
2026-05-06 06:00:48,529 [INFO] Putting tab F82D back (queue size: 0).
2026-05-06 06:00:48,529 [INFO] Waiting for all cleanups to finish.
2026-05-06 06:00:48,530 [INFO] Exiting Kaleido
2026-05-06 06:00:48,530 [INFO] Closing browser.
2026-05-06 06:00:48,534 [INFO] Closing browser.
2026-05-06 06:00:48,535 [INFO] TemporaryDirectory.cleanup() worked.
2026-05-06 06:00:48,535 [INFO] shutil.rmtree worked.
2026-05-06 06:00:48,535 [INFO] Cancelling tasks.
2026-05-06 06:00:48,535 [INFO] Exiting Kaleido/Choreo
2026-05-06 06:00:48,778 [INFO] TemporaryDirectory.cleanup() worked.
2026-05-06 06:00:48,778 [INFO] shutil.rmtree worked.
2026-05-06 06:00:48,779 [INFO] TemporaryDirectory.cleanup() worked.
2026-05-06 06:00:48,779 [INFO] shutil.rmtree worked.
2026-05-06 06:00:48,779 [INFO] Cancelling tasks.
2026-05-06 06:00:48,779 [INFO] Exiting Kaleido/Choreo
2026-05-06 06:00:48,782 [INFO]   → PNG: /Users/bilalmac2/git_repo/warn/docs/charts/10_lead_time.png
2026-05-06 06:00:48,782 [INFO]   → HTML div: /Users/bilalmac2/git_repo/warn/docs/charts/10_lead_time.html
2026-05-06 06:00:48,783 [INFO] Chart 11: County bar …
2026-05-06 06:00:48,834 [INFO] Chromium init'ed with kwargs {}
2026-05-06 06:00:48,835 [INFO] Found chromium path: /Applications/Google Chrome.app/Contents/MacOS/Google Chrome
2026-05-06 06:00:48,836 [INFO] Temp directory created: /var/folders/2l/_mqykd2n143bpj9ts872cs5m0000gn/T/tmpqv2qkwyl.
2026-05-06 06:00:48,836 [INFO] Opening browser.
2026-05-06 06:00:48,837 [INFO] Temp directory created: /var/folders/2l/_mqykd2n143bpj9ts872cs5m0000gn/T/tmpthabsjza.
2026-05-06 06:00:48,837 [INFO] Temporary directory at: /var/folders/2l/_mqykd2n143bpj9ts872cs5m0000gn/T/tmpthabsjza
2026-05-06 06:00:50,173 [INFO] Conforming 1 to file:///var/folders/2l/_mqykd2n143bpj9ts872cs5m0000gn/T/tmpqv2qkwyl/index.html
2026-05-06 06:00:50,185 [INFO] Waiting on all navigates
2026-05-06 06:00:51,236 [INFO] All navigates done, putting them all in queue.
2026-05-06 06:00:51,238 [INFO] Getting tab from queue (has 1)
2026-05-06 06:00:51,238 [INFO] Got DCDD
2026-05-06 06:00:51,238 [INFO] Processing bTop_10_Counties_by_Employees_Affectedb.png
2026-05-06 06:00:51,238 [INFO] Sending big command for bTop_10_Counties_by_Employees_Affectedb.png.
2026-05-06 06:00:51,354 [INFO] Sent big command for bTop_10_Counties_by_Employees_Affectedb.png.
2026-05-06 06:00:51,356 [INFO] Reloading tab DCDD before return.
2026-05-06 06:00:51,442 [INFO] Putting tab DCDD back (queue size: 0).
2026-05-06 06:00:51,442 [INFO] Waiting for all cleanups to finish.
2026-05-06 06:00:51,443 [INFO] Exiting Kaleido
2026-05-06 06:00:51,443 [INFO] Closing browser.
2026-05-06 06:00:51,445 [INFO] Closing browser.
2026-05-06 06:00:51,446 [INFO] TemporaryDirectory.cleanup() worked.
2026-05-06 06:00:51,446 [INFO] shutil.rmtree worked.
2026-05-06 06:00:51,446 [INFO] Cancelling tasks.
2026-05-06 06:00:51,446 [INFO] Exiting Kaleido/Choreo
2026-05-06 06:00:51,713 [INFO] TemporaryDirectory.cleanup() worked.
2026-05-06 06:00:51,714 [INFO] shutil.rmtree worked.
2026-05-06 06:00:51,714 [INFO] TemporaryDirectory.cleanup() worked.
2026-05-06 06:00:51,714 [INFO] shutil.rmtree worked.
2026-05-06 06:00:51,714 [INFO] Cancelling tasks.
2026-05-06 06:00:51,714 [INFO] Exiting Kaleido/Choreo
2026-05-06 06:00:51,716 [INFO]   → PNG: /Users/bilalmac2/git_repo/warn/docs/charts/11_county_bar.png
2026-05-06 06:00:51,716 [INFO]   → HTML div: /Users/bilalmac2/git_repo/warn/docs/charts/11_county_bar.html
2026-05-06 06:00:51,717 [INFO] Charts complete.
2026-05-06 06:00:51,720 [INFO] Step 5/5: Building site …
2026-05-06 06:00:51,720 [INFO] Building index.html …
2026-05-06 06:00:51,757 [INFO] TemporaryDirectory.cleanup() worked.
2026-05-06 06:00:51,757 [INFO] shutil.rmtree worked.
2026-05-06 06:00:51,757 [INFO] TemporaryDirectory.cleanup() worked.
2026-05-06 06:00:51,757 [INFO] shutil.rmtree worked.
2026-05-06 06:00:51,757 [INFO] TemporaryDirectory.cleanup() worked.
2026-05-06 06:00:51,757 [INFO] shutil.rmtree worked.
2026-05-06 06:00:51,780 [INFO] Site built → /Users/bilalmac2/git_repo/warn/docs/index.html
2026-05-06 06:00:51,782 [INFO] Sending alert email to bilalahamad0@gmail.com …
2026-05-06 06:00:52,525 [ERROR] Gmail authentication failed. Make sure you're using an App Password, not your regular Gmail password. See: https://myaccount.google.com/apppasswords
2026-05-06 06:00:52,525 [INFO] Git push …
2026-05-06 06:00:52,525 [INFO] Staging changes …
2026-05-06 06:00:52,682 [INFO] Committing: auto: WARN update 2026-05-06 13:00 UTC
2026-05-06 06:00:52,786 [INFO] Pushing to origin/main …
2026-05-06 06:00:53,421 [WARNING] git push origin main stderr: To https://github.com/bilalahamad0/warn.git
 ! [rejected]        main -> main (fetch first)
error: failed to push some refs to 'https://github.com/bilalahamad0/warn.git'
hint: Updates were rejected because the remote contains work that you do not
hint: have locally. This is usually caused by another repository pushing to
hint: the same ref. If you want to integrate the remote changes, use
hint: 'git pull' before pushing again.
hint: See the 'Note about fast-forwards' in 'git push --help' for details.
2026-05-06 06:00:53,446 [ERROR] ✗ Push failed — check GITHUB_TOKEN and repo permissions.
2026-05-06 06:00:53,446 [INFO] ✓ Publisher complete.
2026-05-06 06:00:53,509 [INFO] TemporaryDirectory.cleanup() worked.
2026-05-06 06:00:53,509 [INFO] shutil.rmtree worked.
/Users/bilalmac2/Library/Python/3.9/lib/python/site-packages/urllib3/__init__.py:34: NotOpenSSLWarning: urllib3 v2.0 only supports OpenSSL 1.1.1+, currently the 'ssl' module is compiled with 'LibreSSL 2.8.3'. See: https://github.com/urllib3/urllib3/issues/3020
  warnings.warn(
2026-05-06 18:05:52,249 [INFO] ======================================================================
2026-05-06 18:05:52,250 [INFO] WARN Publisher — 2026-05-07T01:05:52.249823+00:00Z
2026-05-06 18:05:52,250 [INFO] ======================================================================
2026-05-06 18:05:52,250 [INFO] Step 1/5: Running monitor …
2026-05-06 18:05:52,250 [INFO] ============================================================
2026-05-06 18:05:52,250 [INFO] WARN Monitor — 2026-05-07T01:05:52.250497+00:00Z
2026-05-06 18:05:52,250 [INFO] ============================================================
2026-05-06 18:05:52,251 [INFO] Requesting WARN XLSX from EDD …
2026-05-06 18:05:52,465 [INFO] EDD server: 304 Not Modified — data unchanged.
2026-05-06 18:05:52,466 [INFO] Parsing /Users/bilalmac2/git_repo/warn/file.xlsx …
2026-05-06 18:05:52,835 [INFO] Available sheets: ['Index', 'WARN Report Summary', 'Detailed WARN Report ', 'Call Center Relocations Summary', 'Call Center Relocations Report', 'Industry List']
2026-05-06 18:05:52,836 [INFO] Using sheet: 'Detailed WARN Report '
/Users/bilalmac2/Library/Python/3.9/lib/python/site-packages/openpyxl/worksheet/_reader.py:329: UserWarning: Data Validation extension is not supported and will be removed
  warn(msg)
2026-05-06 18:05:53,032 [INFO] Detailed sheet columns: ['County/Parish', 'Notice\nDate', 'Processed\nDate', 'Effective \nDate', 'Company', 'Layoff/\nClosure', 'No. Of\nEmployees', 'Address', 'Related Industry']
2026-05-06 18:05:53,212 [INFO] Parsed 1263 WARN records spanning 2025-01-05 → 2026-12-30
2026-05-06 18:05:53,225 [INFO] No data changes detected.
2026-05-06 18:05:53,247 [INFO] Saved 1263 records to /Users/bilalmac2/git_repo/warn/data/warn_latest.json
2026-05-06 18:05:53,247 [INFO] Monitor run complete.
2026-05-06 18:05:53,248 [INFO] Step 2/5: Generating diff report …
2026-05-06 18:05:53,400 [INFO] Step 3/5: Updating historical data …
2026-05-06 18:05:53,400 [INFO] Year 2014: already parsed — skipping (use --force to re-parse)
2026-05-06 18:05:53,400 [INFO] Year 2015: already parsed — skipping (use --force to re-parse)
2026-05-06 18:05:53,400 [INFO] Year 2016: already parsed — skipping (use --force to re-parse)
2026-05-06 18:05:53,400 [INFO] Year 2017: already parsed — skipping (use --force to re-parse)
2026-05-06 18:05:53,400 [INFO] Year 2018: already parsed — skipping (use --force to re-parse)
2026-05-06 18:05:53,400 [INFO] Year 2019: already parsed — skipping (use --force to re-parse)
2026-05-06 18:05:53,400 [INFO] Year 2020: already parsed — skipping (use --force to re-parse)
2026-05-06 18:05:53,400 [INFO] Year 2021: already parsed — skipping (use --force to re-parse)
2026-05-06 18:05:53,400 [INFO] Year 2022: already parsed — skipping (use --force to re-parse)
2026-05-06 18:05:53,400 [INFO] Year 2023: already parsed — skipping (use --force to re-parse)
2026-05-06 18:05:53,401 [INFO] Year 2024: already parsed — skipping (use --force to re-parse)
2026-05-06 18:05:53,431 [INFO] Combined dataset: 1,564 records across 12 years
2026-05-06 18:05:53,432 [INFO] Step 4/5: Generating charts …
2026-05-06 18:05:53,454 [INFO] Loaded 1263 records for charting.
2026-05-06 18:05:53,458 [INFO] Historical data: 1,564 records across 12 years
2026-05-06 18:05:53,458 [INFO] Chart 1: Timeline scatter …
2026-05-06 18:05:54,341 [INFO] Chromium init'ed with kwargs {}
2026-05-06 18:05:54,352 [INFO] Found chromium path: /Applications/Google Chrome.app/Contents/MacOS/Google Chrome
2026-05-06 18:05:54,353 [INFO] Temp directory created: /var/folders/2l/_mqykd2n143bpj9ts872cs5m0000gn/T/tmpzq1_kifw.
2026-05-06 18:05:54,354 [INFO] Opening browser.
2026-05-06 18:05:54,355 [INFO] Temp directory created: /var/folders/2l/_mqykd2n143bpj9ts872cs5m0000gn/T/tmp07e2znhu.
2026-05-06 18:05:54,355 [INFO] Temporary directory at: /var/folders/2l/_mqykd2n143bpj9ts872cs5m0000gn/T/tmp07e2znhu
2026-05-06 18:36:07,076 [INFO] Conforming 1 to file:///var/folders/2l/_mqykd2n143bpj9ts872cs5m0000gn/T/tmpzq1_kifw/index.html
2026-05-06 18:36:07,199 [INFO] Waiting on all navigates
2026-05-06 18:36:09,550 [INFO] All navigates done, putting them all in queue.
2026-05-06 18:36:09,552 [INFO] Getting tab from queue (has 1)
2026-05-06 18:36:09,552 [INFO] Got 8414
2026-05-06 18:36:09,552 [INFO] Processing bWARN_Notices__Employees_by_Effective_Dateb.png
2026-05-06 18:36:09,553 [INFO] Sending big command for bWARN_Notices__Employees_by_Effective_Dateb.png.
2026-05-06 18:36:11,566 [INFO] Sent big command for bWARN_Notices__Employees_by_Effective_Dateb.png.
2026-05-06 18:36:11,574 [INFO] Reloading tab 8414 before return.
2026-05-06 18:36:11,747 [INFO] Putting tab 8414 back (queue size: 0).
2026-05-06 18:36:11,747 [INFO] Waiting for all cleanups to finish.
2026-05-06 18:36:11,747 [INFO] Exiting Kaleido
2026-05-06 18:36:11,747 [INFO] Closing browser.
2026-05-06 18:36:11,752 [INFO] Closing browser.
2026-05-06 18:36:11,753 [INFO] TemporaryDirectory.cleanup() worked.
2026-05-06 18:36:11,753 [INFO] shutil.rmtree worked.
2026-05-06 18:36:11,753 [INFO] Cancelling tasks.
2026-05-06 18:36:11,753 [INFO] Exiting Kaleido/Choreo
2026-05-06 18:36:12,074 [INFO] TemporaryDirectory.cleanup() worked.
2026-05-06 18:36:12,074 [INFO] shutil.rmtree worked.
2026-05-06 18:36:12,074 [INFO] TemporaryDirectory.cleanup() worked.
2026-05-06 18:36:12,075 [INFO] shutil.rmtree worked.
2026-05-06 18:36:12,075 [INFO] Cancelling tasks.
2026-05-06 18:36:12,075 [INFO] Exiting Kaleido/Choreo
2026-05-06 18:36:12,083 [INFO]   → PNG: /Users/bilalmac2/git_repo/warn/docs/charts/1_timeline_scatter.png
2026-05-06 18:36:12,083 [INFO]   → HTML div: /Users/bilalmac2/git_repo/warn/docs/charts/1_timeline_scatter.html
2026-05-06 18:36:12,083 [INFO] Chart 2: Monthly bar chart …
2026-05-06 18:36:12,144 [INFO] Chromium init'ed with kwargs {}
2026-05-06 18:36:12,145 [INFO] Found chromium path: /Applications/Google Chrome.app/Contents/MacOS/Google Chrome
2026-05-06 18:36:12,145 [INFO] Temp directory created: /var/folders/2l/_mqykd2n143bpj9ts872cs5m0000gn/T/tmpe0x7cp_w.
2026-05-06 18:36:12,146 [INFO] Opening browser.
2026-05-06 18:36:12,147 [INFO] Temp directory created: /var/folders/2l/_mqykd2n143bpj9ts872cs5m0000gn/T/tmpoafpagal.
2026-05-06 18:36:12,147 [INFO] Temporary directory at: /var/folders/2l/_mqykd2n143bpj9ts872cs5m0000gn/T/tmpoafpagal
2026-05-06 19:05:17,762 [INFO] Conforming 1 to file:///var/folders/2l/_mqykd2n143bpj9ts872cs5m0000gn/T/tmpe0x7cp_w/index.html
2026-05-06 19:05:17,773 [INFO] Waiting on all navigates
2026-05-06 19:05:19,469 [INFO] All navigates done, putting them all in queue.
2026-05-06 19:05:19,471 [INFO] Getting tab from queue (has 1)
2026-05-06 19:05:19,471 [INFO] Got 4701
2026-05-06 19:05:19,471 [INFO] Processing bMonthly_Layoffs__Total_Employees_Affectedb.png
2026-05-06 19:05:19,471 [INFO] Sending big command for bMonthly_Layoffs__Total_Employees_Affectedb.png.
2026-05-06 19:05:19,650 [INFO] Sent big command for bMonthly_Layoffs__Total_Employees_Affectedb.png.
2026-05-06 19:05:19,653 [INFO] Reloading tab 4701 before return.
2026-05-06 19:05:19,759 [INFO] Putting tab 4701 back (queue size: 0).
2026-05-06 19:05:19,759 [INFO] Waiting for all cleanups to finish.
2026-05-06 19:05:19,759 [INFO] Exiting Kaleido
2026-05-06 19:05:19,759 [INFO] Closing browser.
2026-05-06 19:05:19,761 [INFO] Closing browser.
2026-05-06 19:05:19,762 [INFO] TemporaryDirectory.cleanup() worked.
2026-05-06 19:05:19,762 [INFO] shutil.rmtree worked.
2026-05-06 19:05:19,763 [INFO] Cancelling tasks.
2026-05-06 19:05:19,763 [INFO] Exiting Kaleido/Choreo
2026-05-06 19:05:20,053 [INFO] TemporaryDirectory.cleanup() worked.
2026-05-06 19:05:20,053 [INFO] shutil.rmtree worked.
2026-05-06 19:05:20,053 [INFO] TemporaryDirectory.cleanup() worked.
2026-05-06 19:05:20,054 [INFO] shutil.rmtree worked.
2026-05-06 19:05:20,054 [INFO] Cancelling tasks.
2026-05-06 19:05:20,054 [INFO] Exiting Kaleido/Choreo
2026-05-06 19:05:20,055 [INFO]   → PNG: /Users/bilalmac2/git_repo/warn/docs/charts/2_monthly_bar.png
2026-05-06 19:05:20,055 [INFO]   → HTML div: /Users/bilalmac2/git_repo/warn/docs/charts/2_monthly_bar.html
2026-05-06 19:05:20,056 [INFO] Chart 3: Rolling trend …
2026-05-06 19:05:20,157 [INFO] Chromium init'ed with kwargs {}
2026-05-06 19:05:20,158 [INFO] Found chromium path: /Applications/Google Chrome.app/Contents/MacOS/Google Chrome
2026-05-06 19:05:20,158 [INFO] Temp directory created: /var/folders/2l/_mqykd2n143bpj9ts872cs5m0000gn/T/tmpgxch5fm4.
2026-05-06 19:05:20,159 [INFO] Opening browser.
2026-05-06 19:05:20,160 [INFO] Temp directory created: /var/folders/2l/_mqykd2n143bpj9ts872cs5m0000gn/T/tmpjthz8w4x.
2026-05-06 19:05:20,160 [INFO] Temporary directory at: /var/folders/2l/_mqykd2n143bpj9ts872cs5m0000gn/T/tmpjthz8w4x
2026-05-06 19:05:21,690 [INFO] TemporaryDirectory.cleanup() worked.
2026-05-06 19:05:21,722 [INFO] shutil.rmtree worked.
2026-05-06 19:05:21,758 [INFO] TemporaryDirectory.cleanup() worked.
2026-05-06 19:05:21,758 [INFO] shutil.rmtree worked.
2026-05-06 19:05:21,766 [INFO] Conforming 1 to file:///var/folders/2l/_mqykd2n143bpj9ts872cs5m0000gn/T/tmpgxch5fm4/index.html
2026-05-06 19:05:21,766 [INFO] Waiting on all navigates
2026-05-06 19:05:22,905 [INFO] All navigates done, putting them all in queue.
2026-05-06 19:05:22,906 [INFO] Getting tab from queue (has 1)
2026-05-06 19:05:22,907 [INFO] Got EA45
2026-05-06 19:05:22,907 [INFO] Processing bLayoff_Trend__Daily_30_Day_Average__Cumulativeb.png
2026-05-06 19:05:22,907 [INFO] Sending big command for bLayoff_Trend__Daily_30_Day_Average__Cumulativeb.png.
2026-05-06 19:05:23,158 [INFO] Sent big command for bLayoff_Trend__Daily_30_Day_Average__Cumulativeb.png.
2026-05-06 19:05:23,161 [INFO] Reloading tab EA45 before return.
2026-05-06 19:05:23,266 [INFO] Putting tab EA45 back (queue size: 0).
2026-05-06 19:05:23,266 [INFO] Waiting for all cleanups to finish.
2026-05-06 19:05:23,266 [INFO] Exiting Kaleido
2026-05-06 19:05:23,266 [INFO] Closing browser.
2026-05-06 19:05:23,276 [INFO] Closing browser.
2026-05-06 19:05:23,277 [INFO] TemporaryDirectory.cleanup() worked.
2026-05-06 19:05:23,277 [INFO] shutil.rmtree worked.
2026-05-06 19:05:23,278 [INFO] Cancelling tasks.
2026-05-06 19:05:23,278 [INFO] Exiting Kaleido/Choreo
2026-05-06 19:05:23,671 [INFO] TemporaryDirectory.cleanup() worked.
2026-05-06 19:05:23,671 [INFO] shutil.rmtree worked.
2026-05-06 19:05:23,671 [INFO] TemporaryDirectory.cleanup() worked.
2026-05-06 19:05:23,671 [INFO] shutil.rmtree worked.
2026-05-06 19:05:23,671 [INFO] Cancelling tasks.
2026-05-06 19:05:23,671 [INFO] Exiting Kaleido/Choreo
2026-05-06 19:05:23,674 [INFO]   → PNG: /Users/bilalmac2/git_repo/warn/docs/charts/3_rolling_trend.png
2026-05-06 19:05:23,674 [INFO]   → HTML div: /Users/bilalmac2/git_repo/warn/docs/charts/3_rolling_trend.html
2026-05-06 19:05:23,675 [INFO] Chart 4: Top-25 companies …
2026-05-06 19:05:23,723 [INFO] Chromium init'ed with kwargs {}
2026-05-06 19:05:23,724 [INFO] Found chromium path: /Applications/Google Chrome.app/Contents/MacOS/Google Chrome
2026-05-06 19:05:23,724 [INFO] Temp directory created: /var/folders/2l/_mqykd2n143bpj9ts872cs5m0000gn/T/tmpj2wbcctf.
2026-05-06 19:05:23,724 [INFO] Opening browser.
2026-05-06 19:05:23,725 [INFO] Temp directory created: /var/folders/2l/_mqykd2n143bpj9ts872cs5m0000gn/T/tmp14k3bfuc.
2026-05-06 19:05:23,725 [INFO] Temporary directory at: /var/folders/2l/_mqykd2n143bpj9ts872cs5m0000gn/T/tmp14k3bfuc
2026-05-06 19:05:25,147 [INFO] Conforming 1 to file:///var/folders/2l/_mqykd2n143bpj9ts872cs5m0000gn/T/tmpj2wbcctf/index.html
2026-05-06 19:05:25,181 [INFO] Waiting on all navigates
2026-05-06 19:05:27,391 [INFO] All navigates done, putting them all in queue.
2026-05-06 19:05:27,398 [INFO] Getting tab from queue (has 1)
2026-05-06 19:05:27,398 [INFO] Got 161E
2026-05-06 19:05:27,399 [INFO] Processing bTop_25_Filtered_Companies_by_Total_Employees_Affectedb.png
2026-05-06 19:05:27,399 [INFO] Sending big command for bTop_25_Filtered_Companies_by_Total_Employees_Affectedb.png.
2026-05-06 19:05:28,294 [INFO] Sent big command for bTop_25_Filtered_Companies_by_Total_Employees_Affectedb.png.
2026-05-06 19:05:28,313 [INFO] Reloading tab 161E before return.
2026-05-06 19:05:28,736 [INFO] Putting tab 161E back (queue size: 0).
2026-05-06 19:05:28,939 [INFO] Waiting for all cleanups to finish.
2026-05-06 19:05:29,003 [INFO] Exiting Kaleido
2026-05-06 19:05:29,004 [INFO] Closing browser.
2026-05-06 19:05:29,026 [INFO] Closing browser.
2026-05-06 19:05:29,033 [INFO] TemporaryDirectory.cleanup() worked.
2026-05-06 19:05:29,034 [INFO] shutil.rmtree worked.
2026-05-06 19:05:29,034 [INFO] Cancelling tasks.
2026-05-06 19:05:29,035 [INFO] Exiting Kaleido/Choreo
2026-05-06 19:35:29,192 [INFO] TemporaryDirectory.cleanup() worked.
2026-05-06 19:35:29,192 [INFO] shutil.rmtree worked.
2026-05-06 19:35:29,192 [INFO] TemporaryDirectory.cleanup() worked.
2026-05-06 19:35:29,193 [INFO] shutil.rmtree worked.
2026-05-06 19:35:29,193 [INFO] Cancelling tasks.
2026-05-06 19:35:29,193 [INFO] Exiting Kaleido/Choreo
2026-05-06 19:35:29,195 [INFO]   → PNG: /Users/bilalmac2/git_repo/warn/docs/charts/4_top_companies.png
2026-05-06 19:35:29,196 [INFO]   → HTML div: /Users/bilalmac2/git_repo/warn/docs/charts/4_top_companies.html
2026-05-06 19:35:29,196 [INFO] Chart 5: County heatmap …
2026-05-06 19:35:29,291 [INFO] Chromium init'ed with kwargs {}
2026-05-06 19:35:29,291 [INFO] Found chromium path: /Applications/Google Chrome.app/Contents/MacOS/Google Chrome
2026-05-06 19:35:29,292 [INFO] Temp directory created: /var/folders/2l/_mqykd2n143bpj9ts872cs5m0000gn/T/tmp1rgmvy_t.
2026-05-06 19:35:29,292 [INFO] Opening browser.
2026-05-06 19:35:29,293 [INFO] Temp directory created: /var/folders/2l/_mqykd2n143bpj9ts872cs5m0000gn/T/tmpyw6nmzdl.
2026-05-06 19:35:29,293 [INFO] Temporary directory at: /var/folders/2l/_mqykd2n143bpj9ts872cs5m0000gn/T/tmpyw6nmzdl
2026-05-06 19:35:31,154 [INFO] Conforming 1 to file:///var/folders/2l/_mqykd2n143bpj9ts872cs5m0000gn/T/tmp1rgmvy_t/index.html
2026-05-06 19:35:31,173 [INFO] Waiting on all navigates
2026-05-06 19:35:32,825 [INFO] All navigates done, putting them all in queue.
2026-05-06 19:35:32,826 [INFO] Getting tab from queue (has 1)
2026-05-06 19:35:32,826 [INFO] Got 3D4D
2026-05-06 19:35:32,826 [INFO] Processing bCounty__Month_Heatmap__Employees_Affectedb.png
2026-05-06 19:35:32,826 [INFO] Sending big command for bCounty__Month_Heatmap__Employees_Affectedb.png.
2026-05-06 19:35:33,057 [INFO] Sent big command for bCounty__Month_Heatmap__Employees_Affectedb.png.
2026-05-06 19:35:33,062 [INFO] Reloading tab 3D4D before return.
2026-05-06 19:35:33,209 [INFO] Putting tab 3D4D back (queue size: 0).
2026-05-06 19:35:33,209 [INFO] Waiting for all cleanups to finish.
2026-05-06 19:35:33,210 [INFO] Exiting Kaleido
2026-05-06 19:35:33,210 [INFO] Closing browser.
2026-05-06 19:35:33,213 [INFO] Closing browser.
2026-05-06 19:35:33,214 [INFO] TemporaryDirectory.cleanup() worked.
2026-05-06 19:35:33,215 [INFO] shutil.rmtree worked.
2026-05-06 19:35:33,215 [INFO] Cancelling tasks.
2026-05-06 19:35:33,215 [INFO] Exiting Kaleido/Choreo
2026-05-06 19:35:34,083 [INFO] TemporaryDirectory.cleanup() worked.
2026-05-06 19:35:34,083 [INFO] shutil.rmtree worked.
2026-05-06 19:35:34,083 [INFO] TemporaryDirectory.cleanup() worked.
2026-05-06 19:35:34,084 [INFO] shutil.rmtree worked.
2026-05-06 19:35:34,084 [INFO] Cancelling tasks.
2026-05-06 19:35:34,084 [INFO] Exiting Kaleido/Choreo
2026-05-06 19:35:34,086 [INFO]   → PNG: /Users/bilalmac2/git_repo/warn/docs/charts/5_county_heatmap.png
2026-05-06 19:35:34,086 [INFO]   → HTML div: /Users/bilalmac2/git_repo/warn/docs/charts/5_county_heatmap.html
2026-05-06 19:35:34,087 [INFO] Chart 6: Treemap …
2026-05-06 19:35:34,202 [INFO] TemporaryDirectory.cleanup() worked.
2026-05-06 19:35:34,203 [INFO] shutil.rmtree worked.
2026-05-06 19:35:34,319 [INFO] TemporaryDirectory.cleanup() worked.
2026-05-06 19:35:34,320 [INFO] shutil.rmtree worked.
2026-05-06 19:35:34,494 [INFO] Chromium init'ed with kwargs {}
2026-05-06 19:35:34,495 [INFO] Found chromium path: /Applications/Google Chrome.app/Contents/MacOS/Google Chrome
2026-05-06 19:35:34,495 [INFO] Temp directory created: /var/folders/2l/_mqykd2n143bpj9ts872cs5m0000gn/T/tmp_rglq6iy.
2026-05-06 19:35:34,495 [INFO] Opening browser.
2026-05-06 19:35:34,496 [INFO] Temp directory created: /var/folders/2l/_mqykd2n143bpj9ts872cs5m0000gn/T/tmpqj54ae2w.
2026-05-06 19:35:34,496 [INFO] Temporary directory at: /var/folders/2l/_mqykd2n143bpj9ts872cs5m0000gn/T/tmpqj54ae2w
2026-05-06 19:35:36,057 [INFO] Conforming 1 to file:///var/folders/2l/_mqykd2n143bpj9ts872cs5m0000gn/T/tmp_rglq6iy/index.html
2026-05-06 19:35:36,069 [INFO] Waiting on all navigates
2026-05-06 19:35:37,498 [INFO] All navigates done, putting them all in queue.
2026-05-06 19:35:37,499 [INFO] Getting tab from queue (has 1)
2026-05-06 19:35:37,499 [INFO] Got 47B6
2026-05-06 19:35:37,500 [INFO] Processing bLayoff_Treemap__Company_Size_by_Employees_Affectedb.png
2026-05-06 19:35:37,500 [INFO] Sending big command for bLayoff_Treemap__Company_Size_by_Employees_Affectedb.png.
2026-05-06 19:35:37,805 [INFO] Sent big command for bLayoff_Treemap__Company_Size_by_Employees_Affectedb.png.
2026-05-06 19:35:37,810 [INFO] Reloading tab 47B6 before return.
2026-05-06 19:35:37,897 [INFO] Putting tab 47B6 back (queue size: 0).
2026-05-06 19:35:37,897 [INFO] Waiting for all cleanups to finish.
2026-05-06 19:35:37,897 [INFO] Exiting Kaleido
2026-05-06 19:35:37,897 [INFO] Closing browser.
2026-05-06 19:35:37,898 [INFO] Closing browser.
2026-05-06 19:35:37,899 [INFO] TemporaryDirectory.cleanup() worked.
2026-05-06 19:35:37,899 [INFO] shutil.rmtree worked.
2026-05-06 19:35:37,900 [INFO] Cancelling tasks.
2026-05-06 19:35:37,900 [INFO] Exiting Kaleido/Choreo
2026-05-06 19:35:38,145 [INFO] TemporaryDirectory.cleanup() worked.
2026-05-06 19:35:38,146 [INFO] shutil.rmtree worked.
2026-05-06 19:35:38,146 [INFO] TemporaryDirectory.cleanup() worked.
2026-05-06 19:35:38,146 [INFO] shutil.rmtree worked.
2026-05-06 19:35:38,146 [INFO] Cancelling tasks.
2026-05-06 19:35:38,146 [INFO] Exiting Kaleido/Choreo
2026-05-06 19:35:38,155 [INFO]   → PNG: /Users/bilalmac2/git_repo/warn/docs/charts/6_treemap.png
2026-05-06 19:35:38,155 [INFO]   → HTML div: /Users/bilalmac2/git_repo/warn/docs/charts/6_treemap.html
2026-05-06 19:35:38,156 [INFO] Chart 7: Year-over-year bar …
2026-05-06 19:35:38,191 [INFO] TemporaryDirectory.cleanup() worked.
2026-05-06 19:35:38,191 [INFO] shutil.rmtree worked.
2026-05-06 19:35:38,209 [INFO] Chromium init'ed with kwargs {}
2026-05-06 19:35:38,221 [INFO] Found chromium path: /Applications/Google Chrome.app/Contents/MacOS/Google Chrome
2026-05-06 19:35:38,223 [INFO] Temp directory created: /var/folders/2l/_mqykd2n143bpj9ts872cs5m0000gn/T/tmpmiaqhz3x.
2026-05-06 19:35:38,224 [INFO] Opening browser.
2026-05-06 19:35:38,229 [INFO] Temp directory created: /var/folders/2l/_mqykd2n143bpj9ts872cs5m0000gn/T/tmphr_luz_o.
2026-05-06 19:35:38,230 [INFO] Temporary directory at: /var/folders/2l/_mqykd2n143bpj9ts872cs5m0000gn/T/tmphr_luz_o
2026-05-06 20:01:57,492 [INFO] Conforming 1 to file:///var/folders/2l/_mqykd2n143bpj9ts872cs5m0000gn/T/tmpmiaqhz3x/index.html
2026-05-06 20:01:57,499 [INFO] Waiting on all navigates
2026-05-06 20:02:02,353 [INFO] All navigates done, putting them all in queue.
2026-05-06 20:02:02,358 [INFO] Getting tab from queue (has 1)
2026-05-06 20:02:02,359 [INFO] Got E3C5
2026-05-06 20:02:02,359 [INFO] Processing bYear_over_Year__Employees_Affected__Notice_Count_2014Presentb.png
2026-05-06 20:02:02,359 [INFO] Sending big command for bYear_over_Year__Employees_Affected__Notice_Count_2014Presentb.png.
2026-05-06 20:02:02,743 [INFO] Sent big command for bYear_over_Year__Employees_Affected__Notice_Count_2014Presentb.png.
2026-05-06 20:02:02,746 [INFO] Reloading tab E3C5 before return.
2026-05-06 20:02:05,914 [INFO] Putting tab E3C5 back (queue size: 0).
2026-05-06 20:02:05,914 [INFO] Waiting for all cleanups to finish.
2026-05-06 20:02:05,914 [INFO] Exiting Kaleido
2026-05-06 20:02:05,915 [INFO] Closing browser.
2026-05-06 20:02:06,106 [INFO] Closing browser.
2026-05-06 20:02:06,121 [INFO] TemporaryDirectory.cleanup() worked.
2026-05-06 20:02:06,122 [INFO] shutil.rmtree worked.
2026-05-06 20:02:06,122 [INFO] Cancelling tasks.
2026-05-06 20:02:06,122 [INFO] Exiting Kaleido/Choreo
2026-05-06 20:02:06,667 [INFO] TemporaryDirectory.cleanup() worked.
2026-05-06 20:02:06,668 [INFO] shutil.rmtree worked.
2026-05-06 20:02:06,668 [INFO] TemporaryDirectory.cleanup() worked.
2026-05-06 20:02:06,668 [INFO] shutil.rmtree worked.
2026-05-06 20:02:06,668 [INFO] Cancelling tasks.
2026-05-06 20:02:06,668 [INFO] Exiting Kaleido/Choreo
2026-05-06 20:02:06,673 [INFO]   → PNG: /Users/bilalmac2/git_repo/warn/docs/charts/7_yoy_bar.png
2026-05-06 20:02:06,675 [INFO]   → HTML div: /Users/bilalmac2/git_repo/warn/docs/charts/7_yoy_bar.html
2026-05-06 20:02:06,675 [INFO] Chart 8: Multi-year trend …
/Users/bilalmac2/git_repo/warn/warn_charts.py:593: UserWarning: Could not infer format, so each element will be parsed individually, falling back to `dateutil`. To ensure parsing is consistent and as-expected, please specify a format.
  df_all["effective_date"] = pd.to_datetime(df_all["effective_date"], errors="coerce")
2026-05-06 20:02:07,876 [INFO] Chromium init'ed with kwargs {}
2026-05-06 20:02:07,918 [INFO] Found chromium path: /Applications/Google Chrome.app/Contents/MacOS/Google Chrome
2026-05-06 20:02:07,920 [INFO] Temp directory created: /var/folders/2l/_mqykd2n143bpj9ts872cs5m0000gn/T/tmpyzvtuchy.
2026-05-06 20:02:07,923 [INFO] Opening browser.
2026-05-06 20:02:07,945 [INFO] Temp directory created: /var/folders/2l/_mqykd2n143bpj9ts872cs5m0000gn/T/tmp51nprcqd.
2026-05-06 20:02:07,946 [INFO] Temporary directory at: /var/folders/2l/_mqykd2n143bpj9ts872cs5m0000gn/T/tmp51nprcqd
2026-05-06 20:02:12,129 [INFO] Conforming 1 to file:///var/folders/2l/_mqykd2n143bpj9ts872cs5m0000gn/T/tmpyzvtuchy/index.html
2026-05-06 20:02:12,166 [INFO] Waiting on all navigates
2026-05-06 20:02:17,209 [INFO] All navigates done, putting them all in queue.
2026-05-06 20:02:17,216 [INFO] Getting tab from queue (has 1)
2026-05-06 20:02:17,217 [INFO] Got DF87
2026-05-06 20:02:17,219 [INFO] Processing bMulti_Year_Monthly_Comparison__Employees_Affected_by_Monthb.png
2026-05-06 20:02:17,219 [INFO] Sending big command for bMulti_Year_Monthly_Comparison__Employees_Affected_by_Monthb.png.
2026-05-06 20:02:17,742 [INFO] Sent big command for bMulti_Year_Monthly_Comparison__Employees_Affected_by_Monthb.png.
2026-05-06 20:02:17,754 [INFO] Reloading tab DF87 before return.
2026-05-06 20:02:18,103 [INFO] Putting tab DF87 back (queue size: 0).
2026-05-06 20:02:18,107 [INFO] Waiting for all cleanups to finish.
2026-05-06 20:02:18,109 [INFO] Exiting Kaleido
2026-05-06 20:02:18,109 [INFO] Closing browser.
2026-05-06 20:02:18,137 [INFO] Closing browser.
2026-05-06 20:02:18,138 [INFO] TemporaryDirectory.cleanup() worked.
2026-05-06 20:02:18,138 [INFO] shutil.rmtree worked.
2026-05-06 20:02:18,138 [INFO] Cancelling tasks.
2026-05-06 20:02:18,138 [INFO] Exiting Kaleido/Choreo
2026-05-06 20:02:18,606 [INFO] TemporaryDirectory.cleanup() worked.
2026-05-06 20:02:18,607 [INFO] shutil.rmtree worked.
2026-05-06 20:02:18,607 [INFO] TemporaryDirectory.cleanup() worked.
2026-05-06 20:02:18,607 [INFO] shutil.rmtree worked.
2026-05-06 20:02:18,607 [INFO] Cancelling tasks.
2026-05-06 20:02:18,607 [INFO] Exiting Kaleido/Choreo
2026-05-06 20:02:18,628 [INFO]   → PNG: /Users/bilalmac2/git_repo/warn/docs/charts/8_multiyear_trend.png
2026-05-06 20:02:18,628 [INFO]   → HTML div: /Users/bilalmac2/git_repo/warn/docs/charts/8_multiyear_trend.html
2026-05-06 20:02:18,629 [INFO] Chart 9: Industry breakdown …
2026-05-06 20:02:18,718 [INFO] TemporaryDirectory.cleanup() worked.
2026-05-06 20:02:18,719 [INFO] shutil.rmtree worked.
2026-05-06 20:02:18,719 [INFO] TemporaryDirectory.cleanup() worked.
2026-05-06 20:02:18,719 [INFO] shutil.rmtree worked.
2026-05-06 20:02:18,733 [INFO] Chromium init'ed with kwargs {}
2026-05-06 20:02:18,733 [INFO] Found chromium path: /Applications/Google Chrome.app/Contents/MacOS/Google Chrome
2026-05-06 20:02:18,734 [INFO] Temp directory created: /var/folders/2l/_mqykd2n143bpj9ts872cs5m0000gn/T/tmpylbvpg_g.
2026-05-06 20:02:18,734 [INFO] Opening browser.
2026-05-06 20:02:18,735 [INFO] Temp directory created: /var/folders/2l/_mqykd2n143bpj9ts872cs5m0000gn/T/tmpvmdwcp41.
2026-05-06 20:02:18,735 [INFO] Temporary directory at: /var/folders/2l/_mqykd2n143bpj9ts872cs5m0000gn/T/tmpvmdwcp41
2026-05-06 20:02:20,512 [INFO] Conforming 1 to file:///var/folders/2l/_mqykd2n143bpj9ts872cs5m0000gn/T/tmpylbvpg_g/index.html
2026-05-06 20:02:20,512 [INFO] Waiting on all navigates
2026-05-06 20:02:22,010 [INFO] All navigates done, putting them all in queue.
2026-05-06 20:02:22,011 [INFO] Getting tab from queue (has 1)
2026-05-06 20:02:22,011 [INFO] Got 148B
2026-05-06 20:02:22,011 [INFO] Processing bEmployees_Affected_by_Industry_Sectorb.png
2026-05-06 20:02:22,011 [INFO] Sending big command for bEmployees_Affected_by_Industry_Sectorb.png.
2026-05-06 20:02:22,156 [INFO] Sent big command for bEmployees_Affected_by_Industry_Sectorb.png.
2026-05-06 20:02:22,158 [INFO] Reloading tab 148B before return.
2026-05-06 20:02:22,249 [INFO] Putting tab 148B back (queue size: 0).
2026-05-06 20:02:22,249 [INFO] Waiting for all cleanups to finish.
2026-05-06 20:02:22,249 [INFO] Exiting Kaleido
2026-05-06 20:02:22,249 [INFO] Closing browser.
2026-05-06 20:02:22,252 [INFO] Closing browser.
2026-05-06 20:02:22,252 [INFO] TemporaryDirectory.cleanup() worked.
2026-05-06 20:02:22,253 [INFO] shutil.rmtree worked.
2026-05-06 20:02:22,253 [INFO] Cancelling tasks.
2026-05-06 20:02:22,253 [INFO] Exiting Kaleido/Choreo
2026-05-06 20:02:22,568 [INFO] TemporaryDirectory.cleanup() worked.
2026-05-06 20:02:22,568 [INFO] shutil.rmtree worked.
2026-05-06 20:02:22,568 [INFO] TemporaryDirectory.cleanup() worked.
2026-05-06 20:02:22,568 [INFO] shutil.rmtree worked.
2026-05-06 20:02:22,569 [INFO] Cancelling tasks.
2026-05-06 20:02:22,569 [INFO] Exiting Kaleido/Choreo
2026-05-06 20:02:22,570 [INFO]   → PNG: /Users/bilalmac2/git_repo/warn/docs/charts/9_industry_breakdown.png
2026-05-06 20:02:22,571 [INFO]   → HTML div: /Users/bilalmac2/git_repo/warn/docs/charts/9_industry_breakdown.html
2026-05-06 20:02:22,571 [INFO] Chart 10: Lead time histogram …
2026-05-06 20:02:22,656 [INFO] Chromium init'ed with kwargs {}
2026-05-06 20:02:22,657 [INFO] Found chromium path: /Applications/Google Chrome.app/Contents/MacOS/Google Chrome
2026-05-06 20:02:22,658 [INFO] Temp directory created: /var/folders/2l/_mqykd2n143bpj9ts872cs5m0000gn/T/tmp1s3qvcdg.
2026-05-06 20:02:22,658 [INFO] Opening browser.
2026-05-06 20:02:22,659 [INFO] Temp directory created: /var/folders/2l/_mqykd2n143bpj9ts872cs5m0000gn/T/tmpp_2mfsaf.
2026-05-06 20:02:22,659 [INFO] Temporary directory at: /var/folders/2l/_mqykd2n143bpj9ts872cs5m0000gn/T/tmpp_2mfsaf
2026-05-06 20:02:24,052 [INFO] Conforming 1 to file:///var/folders/2l/_mqykd2n143bpj9ts872cs5m0000gn/T/tmp1s3qvcdg/index.html
2026-05-06 20:02:24,067 [INFO] Waiting on all navigates
2026-05-06 20:02:25,454 [INFO] All navigates done, putting them all in queue.
2026-05-06 20:02:25,456 [INFO] Getting tab from queue (has 1)
2026-05-06 20:02:25,456 [INFO] Got 5DBD
2026-05-06 20:02:25,456 [INFO] Processing bNotice_Lead_Time_Distribution__74_Filed_60_Days_in_Advanceb.png
2026-05-06 20:02:25,456 [INFO] Sending big command for bNotice_Lead_Time_Distribution__74_Filed_60_Days_in_Advanceb.png.
2026-05-06 20:02:25,569 [INFO] Sent big command for bNotice_Lead_Time_Distribution__74_Filed_60_Days_in_Advanceb.png.
2026-05-06 20:02:25,570 [INFO] Reloading tab 5DBD before return.
2026-05-06 20:02:25,667 [INFO] Putting tab 5DBD back (queue size: 0).
2026-05-06 20:02:25,667 [INFO] Waiting for all cleanups to finish.
2026-05-06 20:02:25,667 [INFO] Exiting Kaleido
2026-05-06 20:02:25,667 [INFO] Closing browser.
2026-05-06 20:02:25,676 [INFO] Closing browser.
2026-05-06 20:02:25,677 [INFO] TemporaryDirectory.cleanup() worked.
2026-05-06 20:02:25,677 [INFO] shutil.rmtree worked.
2026-05-06 20:02:25,677 [INFO] Cancelling tasks.
2026-05-06 20:02:25,677 [INFO] Exiting Kaleido/Choreo
2026-05-06 20:02:25,955 [INFO] TemporaryDirectory.cleanup() worked.
2026-05-06 20:02:25,956 [INFO] shutil.rmtree worked.
2026-05-06 20:02:25,956 [INFO] TemporaryDirectory.cleanup() worked.
2026-05-06 20:02:25,956 [INFO] shutil.rmtree worked.
2026-05-06 20:02:25,956 [INFO] Cancelling tasks.
2026-05-06 20:02:25,956 [INFO] Exiting Kaleido/Choreo
2026-05-06 20:02:25,958 [INFO]   → PNG: /Users/bilalmac2/git_repo/warn/docs/charts/10_lead_time.png
2026-05-06 20:02:25,958 [INFO]   → HTML div: /Users/bilalmac2/git_repo/warn/docs/charts/10_lead_time.html
2026-05-06 20:02:25,959 [INFO] Chart 11: County bar …
2026-05-06 20:02:26,010 [INFO] Chromium init'ed with kwargs {}
2026-05-06 20:02:26,010 [INFO] Found chromium path: /Applications/Google Chrome.app/Contents/MacOS/Google Chrome
2026-05-06 20:02:26,011 [INFO] Temp directory created: /var/folders/2l/_mqykd2n143bpj9ts872cs5m0000gn/T/tmpn8405rvg.
2026-05-06 20:02:26,011 [INFO] Opening browser.
2026-05-06 20:02:26,012 [INFO] Temp directory created: /var/folders/2l/_mqykd2n143bpj9ts872cs5m0000gn/T/tmpsx7rsfdg.
2026-05-06 20:02:26,012 [INFO] Temporary directory at: /var/folders/2l/_mqykd2n143bpj9ts872cs5m0000gn/T/tmpsx7rsfdg
2026-05-06 20:02:27,443 [INFO] Conforming 1 to file:///var/folders/2l/_mqykd2n143bpj9ts872cs5m0000gn/T/tmpn8405rvg/index.html
2026-05-06 20:02:27,447 [INFO] Waiting on all navigates
2026-05-06 20:02:28,571 [INFO] All navigates done, putting them all in queue.
2026-05-06 20:02:28,572 [INFO] Getting tab from queue (has 1)
2026-05-06 20:02:28,572 [INFO] Got 6A33
2026-05-06 20:02:28,573 [INFO] Processing bTop_10_Counties_by_Employees_Affectedb.png
2026-05-06 20:02:28,573 [INFO] Sending big command for bTop_10_Counties_by_Employees_Affectedb.png.
2026-05-06 20:02:28,691 [INFO] Sent big command for bTop_10_Counties_by_Employees_Affectedb.png.
2026-05-06 20:02:28,692 [INFO] Reloading tab 6A33 before return.
2026-05-06 20:02:28,889 [INFO] Putting tab 6A33 back (queue size: 0).
2026-05-06 20:02:28,889 [INFO] Waiting for all cleanups to finish.
2026-05-06 20:02:28,889 [INFO] Exiting Kaleido
2026-05-06 20:02:28,889 [INFO] Closing browser.
2026-05-06 20:02:28,893 [INFO] Closing browser.
2026-05-06 20:02:28,893 [INFO] TemporaryDirectory.cleanup() worked.
2026-05-06 20:02:28,894 [INFO] shutil.rmtree worked.
2026-05-06 20:02:28,894 [INFO] Cancelling tasks.
2026-05-06 20:02:28,894 [INFO] Exiting Kaleido/Choreo
2026-05-06 20:02:29,242 [INFO] TemporaryDirectory.cleanup() worked.
2026-05-06 20:02:29,242 [INFO] shutil.rmtree worked.
2026-05-06 20:02:29,243 [INFO] TemporaryDirectory.cleanup() worked.
2026-05-06 20:02:29,243 [INFO] shutil.rmtree worked.
2026-05-06 20:02:29,243 [INFO] Cancelling tasks.
2026-05-06 20:02:29,243 [INFO] Exiting Kaleido/Choreo
2026-05-06 20:02:29,244 [INFO]   → PNG: /Users/bilalmac2/git_repo/warn/docs/charts/11_county_bar.png
2026-05-06 20:02:29,244 [INFO]   → HTML div: /Users/bilalmac2/git_repo/warn/docs/charts/11_county_bar.html
2026-05-06 20:02:29,246 [INFO] Charts complete.
2026-05-06 20:02:29,248 [INFO] Step 5/5: Building site …
2026-05-06 20:02:29,248 [INFO] Building index.html …
2026-05-06 20:02:29,300 [INFO] TemporaryDirectory.cleanup() worked.
2026-05-06 20:02:29,301 [INFO] shutil.rmtree worked.
2026-05-06 20:02:29,301 [INFO] TemporaryDirectory.cleanup() worked.
2026-05-06 20:02:29,301 [INFO] shutil.rmtree worked.
2026-05-06 20:02:29,301 [INFO] TemporaryDirectory.cleanup() worked.
2026-05-06 20:02:29,301 [INFO] shutil.rmtree worked.
2026-05-06 20:02:29,324 [INFO] Site built → /Users/bilalmac2/git_repo/warn/docs/index.html
2026-05-06 20:02:29,325 [INFO] Git push …
2026-05-06 20:02:29,325 [INFO] Staging changes …
2026-05-06 20:02:29,496 [INFO] Committing: auto: WARN update 2026-05-07 03:02 UTC
2026-05-06 20:02:29,585 [INFO] Pushing to origin/main …
2026-05-06 20:02:30,189 [WARNING] git push origin main stderr: To https://github.com/bilalahamad0/warn.git
 ! [rejected]        main -> main (fetch first)
error: failed to push some refs to 'https://github.com/bilalahamad0/warn.git'
hint: Updates were rejected because the remote contains work that you do not
hint: have locally. This is usually caused by another repository pushing to
hint: the same ref. If you want to integrate the remote changes, use
hint: 'git pull' before pushing again.
hint: See the 'Note about fast-forwards' in 'git push --help' for details.
2026-05-06 20:02:30,215 [ERROR] ✗ Push failed — check GITHUB_TOKEN and repo permissions.
2026-05-06 20:02:30,215 [INFO] ✓ Publisher complete.
2026-05-06 20:02:30,282 [INFO] TemporaryDirectory.cleanup() worked.
2026-05-06 20:02:30,282 [INFO] shutil.rmtree worked.
/Users/bilalmac2/Library/Python/3.9/lib/python/site-packages/urllib3/__init__.py:34: NotOpenSSLWarning: urllib3 v2.0 only supports OpenSSL 1.1.1+, currently the 'ssl' module is compiled with 'LibreSSL 2.8.3'. See: https://github.com/urllib3/urllib3/issues/3020
  warnings.warn(
2026-05-07 06:00:02,819 [INFO] ======================================================================
2026-05-07 06:00:02,820 [INFO] WARN Publisher — 2026-05-07T13:00:02.819646+00:00Z
2026-05-07 06:00:02,820 [INFO] ======================================================================
2026-05-07 06:00:02,820 [INFO] Step 1/5: Running monitor …
2026-05-07 06:00:02,820 [INFO] ============================================================
2026-05-07 06:00:02,820 [INFO] WARN Monitor — 2026-05-07T13:00:02.820249+00:00Z
2026-05-07 06:00:02,820 [INFO] ============================================================
2026-05-07 06:00:02,820 [INFO] Requesting WARN XLSX from EDD …
2026-05-07 06:00:03,017 [INFO] EDD server: 304 Not Modified — data unchanged.
2026-05-07 06:00:03,019 [INFO] Parsing /Users/bilalmac2/git_repo/warn/file.xlsx …
2026-05-07 06:00:03,358 [INFO] Available sheets: ['Index', 'WARN Report Summary', 'Detailed WARN Report ', 'Call Center Relocations Summary', 'Call Center Relocations Report', 'Industry List']
2026-05-07 06:00:03,358 [INFO] Using sheet: 'Detailed WARN Report '
/Users/bilalmac2/Library/Python/3.9/lib/python/site-packages/openpyxl/worksheet/_reader.py:329: UserWarning: Data Validation extension is not supported and will be removed
  warn(msg)
2026-05-07 06:00:03,562 [INFO] Detailed sheet columns: ['County/Parish', 'Notice\nDate', 'Processed\nDate', 'Effective \nDate', 'Company', 'Layoff/\nClosure', 'No. Of\nEmployees', 'Address', 'Related Industry']
2026-05-07 06:00:03,777 [INFO] Parsed 1263 WARN records spanning 2025-01-05 → 2026-12-30
2026-05-07 06:00:03,794 [INFO] Changes: +68 new, -42 removed records
2026-05-07 06:00:03,830 [INFO] Saved 1263 records to /Users/bilalmac2/git_repo/warn/data/warn_latest.json
2026-05-07 06:00:03,830 [INFO] Monitor run complete.
2026-05-07 06:00:03,831 [INFO] Step 2/5: Generating diff report …
2026-05-07 06:00:03,961 [INFO] Step 3/5: Updating historical data …
2026-05-07 06:00:03,961 [INFO] Year 2014: already parsed — skipping (use --force to re-parse)
2026-05-07 06:00:03,961 [INFO] Year 2015: already parsed — skipping (use --force to re-parse)
2026-05-07 06:00:03,961 [INFO] Year 2016: already parsed — skipping (use --force to re-parse)
2026-05-07 06:00:03,961 [INFO] Year 2017: already parsed — skipping (use --force to re-parse)
2026-05-07 06:00:03,962 [INFO] Year 2018: already parsed — skipping (use --force to re-parse)
2026-05-07 06:00:03,962 [INFO] Year 2019: already parsed — skipping (use --force to re-parse)
2026-05-07 06:00:03,962 [INFO] Year 2020: already parsed — skipping (use --force to re-parse)
2026-05-07 06:00:03,962 [INFO] Year 2021: already parsed — skipping (use --force to re-parse)
2026-05-07 06:00:03,962 [INFO] Year 2022: already parsed — skipping (use --force to re-parse)
2026-05-07 06:00:03,962 [INFO] Year 2023: already parsed — skipping (use --force to re-parse)
2026-05-07 06:00:03,962 [INFO] Year 2024: already parsed — skipping (use --force to re-parse)
2026-05-07 06:00:03,996 [INFO] Combined dataset: 1,564 records across 12 years
2026-05-07 06:00:03,997 [INFO] Step 4/5: Generating charts …
2026-05-07 06:00:04,023 [INFO] Loaded 1263 records for charting.
2026-05-07 06:00:04,027 [INFO] Historical data: 1,564 records across 12 years
2026-05-07 06:00:04,027 [INFO] Chart 1: Timeline scatter …
2026-05-07 06:00:05,119 [INFO] Chromium init'ed with kwargs {}
2026-05-07 06:00:05,129 [INFO] Found chromium path: /Applications/Google Chrome.app/Contents/MacOS/Google Chrome
2026-05-07 06:00:05,130 [INFO] Temp directory created: /var/folders/2l/_mqykd2n143bpj9ts872cs5m0000gn/T/tmpdbxcjcis.
2026-05-07 06:00:05,130 [INFO] Opening browser.
2026-05-07 06:00:05,131 [INFO] Temp directory created: /var/folders/2l/_mqykd2n143bpj9ts872cs5m0000gn/T/tmptt8oxf93.
2026-05-07 06:00:05,131 [INFO] Temporary directory at: /var/folders/2l/_mqykd2n143bpj9ts872cs5m0000gn/T/tmptt8oxf93
2026-05-07 06:00:06,662 [INFO] Conforming 1 to file:///var/folders/2l/_mqykd2n143bpj9ts872cs5m0000gn/T/tmpdbxcjcis/index.html
2026-05-07 06:00:06,674 [INFO] Waiting on all navigates
2026-05-07 06:00:07,961 [INFO] All navigates done, putting them all in queue.
2026-05-07 06:00:07,963 [INFO] Getting tab from queue (has 1)
2026-05-07 06:00:07,963 [INFO] Got A1F2
2026-05-07 06:00:07,963 [INFO] Processing bWARN_Notices__Employees_by_Effective_Dateb.png
2026-05-07 06:00:07,963 [INFO] Sending big command for bWARN_Notices__Employees_by_Effective_Dateb.png.
2026-05-07 06:00:10,652 [INFO] Sent big command for bWARN_Notices__Employees_by_Effective_Dateb.png.
2026-05-07 06:00:10,662 [INFO] Reloading tab A1F2 before return.
2026-05-07 06:00:10,867 [INFO] Putting tab A1F2 back (queue size: 0).
2026-05-07 06:00:10,867 [INFO] Waiting for all cleanups to finish.
2026-05-07 06:00:10,867 [INFO] Exiting Kaleido
2026-05-07 06:00:10,867 [INFO] Closing browser.
2026-05-07 06:00:10,869 [INFO] Closing browser.
2026-05-07 06:00:10,870 [INFO] TemporaryDirectory.cleanup() worked.
2026-05-07 06:00:10,871 [INFO] shutil.rmtree worked.
2026-05-07 06:00:10,871 [INFO] Cancelling tasks.
2026-05-07 06:00:10,871 [INFO] Exiting Kaleido/Choreo
2026-05-07 06:00:11,251 [INFO] TemporaryDirectory.cleanup() worked.
2026-05-07 06:00:11,251 [INFO] shutil.rmtree worked.
2026-05-07 06:00:11,251 [INFO] TemporaryDirectory.cleanup() worked.
2026-05-07 06:00:11,252 [INFO] shutil.rmtree worked.
2026-05-07 06:00:11,252 [INFO] Cancelling tasks.
2026-05-07 06:00:11,252 [INFO] Exiting Kaleido/Choreo
2026-05-07 06:00:11,255 [INFO]   → PNG: /Users/bilalmac2/git_repo/warn/docs/charts/1_timeline_scatter.png
2026-05-07 06:00:11,255 [INFO]   → HTML div: /Users/bilalmac2/git_repo/warn/docs/charts/1_timeline_scatter.html
2026-05-07 06:00:11,255 [INFO] Chart 2: Monthly bar chart …
2026-05-07 06:00:11,303 [INFO] Chromium init'ed with kwargs {}
2026-05-07 06:00:11,304 [INFO] Found chromium path: /Applications/Google Chrome.app/Contents/MacOS/Google Chrome
2026-05-07 06:00:11,304 [INFO] Temp directory created: /var/folders/2l/_mqykd2n143bpj9ts872cs5m0000gn/T/tmp0zcmrhsg.
2026-05-07 06:00:11,304 [INFO] Opening browser.
2026-05-07 06:00:11,305 [INFO] Temp directory created: /var/folders/2l/_mqykd2n143bpj9ts872cs5m0000gn/T/tmpyhsnfpcy.
2026-05-07 06:00:11,305 [INFO] Temporary directory at: /var/folders/2l/_mqykd2n143bpj9ts872cs5m0000gn/T/tmpyhsnfpcy
2026-05-07 06:00:12,653 [INFO] Conforming 1 to file:///var/folders/2l/_mqykd2n143bpj9ts872cs5m0000gn/T/tmp0zcmrhsg/index.html
2026-05-07 06:00:12,667 [INFO] Waiting on all navigates
2026-05-07 06:00:14,566 [INFO] All navigates done, putting them all in queue.
2026-05-07 06:00:14,568 [INFO] Getting tab from queue (has 1)
2026-05-07 06:00:14,568 [INFO] Got 5298
2026-05-07 06:00:14,568 [INFO] Processing bMonthly_Layoffs__Total_Employees_Affectedb.png
2026-05-07 06:00:14,568 [INFO] Sending big command for bMonthly_Layoffs__Total_Employees_Affectedb.png.
2026-05-07 06:00:14,738 [INFO] Sent big command for bMonthly_Layoffs__Total_Employees_Affectedb.png.
2026-05-07 06:00:14,741 [INFO] Reloading tab 5298 before return.
2026-05-07 06:00:14,847 [INFO] Putting tab 5298 back (queue size: 0).
2026-05-07 06:00:14,848 [INFO] Waiting for all cleanups to finish.
2026-05-07 06:00:14,848 [INFO] Exiting Kaleido
2026-05-07 06:00:14,848 [INFO] Closing browser.
2026-05-07 06:00:14,851 [INFO] Closing browser.
2026-05-07 06:00:14,852 [INFO] TemporaryDirectory.cleanup() worked.
2026-05-07 06:00:14,852 [INFO] shutil.rmtree worked.
2026-05-07 06:00:14,852 [INFO] Cancelling tasks.
2026-05-07 06:00:14,852 [INFO] Exiting Kaleido/Choreo
2026-05-07 06:00:15,088 [INFO] TemporaryDirectory.cleanup() worked.
2026-05-07 06:00:15,088 [INFO] shutil.rmtree worked.
2026-05-07 06:00:15,088 [INFO] TemporaryDirectory.cleanup() worked.
2026-05-07 06:00:15,089 [INFO] shutil.rmtree worked.
2026-05-07 06:00:15,089 [INFO] Cancelling tasks.
2026-05-07 06:00:15,089 [INFO] Exiting Kaleido/Choreo
2026-05-07 06:00:15,090 [INFO]   → PNG: /Users/bilalmac2/git_repo/warn/docs/charts/2_monthly_bar.png
2026-05-07 06:00:15,090 [INFO]   → HTML div: /Users/bilalmac2/git_repo/warn/docs/charts/2_monthly_bar.html
2026-05-07 06:00:15,091 [INFO] Chart 3: Rolling trend …
2026-05-07 06:00:15,162 [INFO] Chromium init'ed with kwargs {}
2026-05-07 06:00:15,162 [INFO] Found chromium path: /Applications/Google Chrome.app/Contents/MacOS/Google Chrome
2026-05-07 06:00:15,163 [INFO] Temp directory created: /var/folders/2l/_mqykd2n143bpj9ts872cs5m0000gn/T/tmposdrwzvn.
2026-05-07 06:00:15,163 [INFO] Opening browser.
2026-05-07 06:00:15,164 [INFO] Temp directory created: /var/folders/2l/_mqykd2n143bpj9ts872cs5m0000gn/T/tmpc728mi5o.
2026-05-07 06:00:15,164 [INFO] Temporary directory at: /var/folders/2l/_mqykd2n143bpj9ts872cs5m0000gn/T/tmpc728mi5o
2026-05-07 06:00:16,425 [INFO] TemporaryDirectory.cleanup() worked.
2026-05-07 06:00:16,426 [INFO] shutil.rmtree worked.
2026-05-07 06:00:16,426 [INFO] TemporaryDirectory.cleanup() worked.
2026-05-07 06:00:16,427 [INFO] shutil.rmtree worked.
2026-05-07 06:00:16,438 [INFO] Conforming 1 to file:///var/folders/2l/_mqykd2n143bpj9ts872cs5m0000gn/T/tmposdrwzvn/index.html
2026-05-07 06:00:16,448 [INFO] Waiting on all navigates
2026-05-07 06:00:18,898 [INFO] All navigates done, putting them all in queue.
2026-05-07 06:00:18,900 [INFO] Getting tab from queue (has 1)
2026-05-07 06:00:18,900 [INFO] Got 7359
2026-05-07 06:00:18,901 [INFO] Processing bLayoff_Trend__Daily_30_Day_Average__Cumulativeb.png
2026-05-07 06:00:18,901 [INFO] Sending big command for bLayoff_Trend__Daily_30_Day_Average__Cumulativeb.png.
2026-05-07 06:00:19,166 [INFO] Sent big command for bLayoff_Trend__Daily_30_Day_Average__Cumulativeb.png.
2026-05-07 06:00:19,169 [INFO] Reloading tab 7359 before return.
2026-05-07 06:00:19,279 [INFO] Putting tab 7359 back (queue size: 0).
2026-05-07 06:00:19,279 [INFO] Waiting for all cleanups to finish.
2026-05-07 06:00:19,279 [INFO] Exiting Kaleido
2026-05-07 06:00:19,279 [INFO] Closing browser.
2026-05-07 06:00:19,282 [INFO] Closing browser.
2026-05-07 06:00:19,282 [INFO] TemporaryDirectory.cleanup() worked.
2026-05-07 06:00:19,283 [INFO] shutil.rmtree worked.
2026-05-07 06:00:19,283 [INFO] Cancelling tasks.
2026-05-07 06:00:19,283 [INFO] Exiting Kaleido/Choreo
2026-05-07 06:00:19,580 [INFO] TemporaryDirectory.cleanup() worked.
2026-05-07 06:00:19,580 [INFO] shutil.rmtree worked.
2026-05-07 06:00:19,580 [INFO] TemporaryDirectory.cleanup() worked.
2026-05-07 06:00:19,581 [INFO] shutil.rmtree worked.
2026-05-07 06:00:19,581 [INFO] Cancelling tasks.
2026-05-07 06:00:19,581 [INFO] Exiting Kaleido/Choreo
2026-05-07 06:00:19,582 [INFO]   → PNG: /Users/bilalmac2/git_repo/warn/docs/charts/3_rolling_trend.png
2026-05-07 06:00:19,582 [INFO]   → HTML div: /Users/bilalmac2/git_repo/warn/docs/charts/3_rolling_trend.html
2026-05-07 06:00:19,583 [INFO] Chart 4: Top-25 companies …
2026-05-07 06:00:19,623 [INFO] Chromium init'ed with kwargs {}
2026-05-07 06:00:19,623 [INFO] Found chromium path: /Applications/Google Chrome.app/Contents/MacOS/Google Chrome
2026-05-07 06:00:19,624 [INFO] Temp directory created: /var/folders/2l/_mqykd2n143bpj9ts872cs5m0000gn/T/tmp5u_lfv1u.
2026-05-07 06:00:19,624 [INFO] Opening browser.
2026-05-07 06:00:19,625 [INFO] Temp directory created: /var/folders/2l/_mqykd2n143bpj9ts872cs5m0000gn/T/tmpnw70k0fx.
2026-05-07 06:00:19,625 [INFO] Temporary directory at: /var/folders/2l/_mqykd2n143bpj9ts872cs5m0000gn/T/tmpnw70k0fx
2026-05-07 06:00:20,887 [INFO] Conforming 1 to file:///var/folders/2l/_mqykd2n143bpj9ts872cs5m0000gn/T/tmp5u_lfv1u/index.html
2026-05-07 06:00:20,902 [INFO] Waiting on all navigates
2026-05-07 06:00:22,350 [INFO] All navigates done, putting them all in queue.
2026-05-07 06:00:22,352 [INFO] Getting tab from queue (has 1)
2026-05-07 06:00:22,352 [INFO] Got 5825
2026-05-07 06:00:22,352 [INFO] Processing bTop_25_Filtered_Companies_by_Total_Employees_Affectedb.png
2026-05-07 06:00:22,352 [INFO] Sending big command for bTop_25_Filtered_Companies_by_Total_Employees_Affectedb.png.
2026-05-07 06:00:22,545 [INFO] Sent big command for bTop_25_Filtered_Companies_by_Total_Employees_Affectedb.png.
2026-05-07 06:00:22,550 [INFO] Reloading tab 5825 before return.
2026-05-07 06:00:22,661 [INFO] Putting tab 5825 back (queue size: 0).
2026-05-07 06:00:22,661 [INFO] Waiting for all cleanups to finish.
2026-05-07 06:00:22,661 [INFO] Exiting Kaleido
2026-05-07 06:00:22,662 [INFO] Closing browser.
2026-05-07 06:00:22,665 [INFO] Closing browser.
2026-05-07 06:00:22,666 [INFO] TemporaryDirectory.cleanup() worked.
2026-05-07 06:00:22,666 [INFO] shutil.rmtree worked.
2026-05-07 06:00:22,666 [INFO] Cancelling tasks.
2026-05-07 06:00:22,666 [INFO] Exiting Kaleido/Choreo
2026-05-07 06:00:22,943 [INFO] TemporaryDirectory.cleanup() worked.
2026-05-07 06:00:22,943 [INFO] shutil.rmtree worked.
2026-05-07 06:00:22,943 [INFO] TemporaryDirectory.cleanup() worked.
2026-05-07 06:00:22,944 [INFO] shutil.rmtree worked.
2026-05-07 06:00:22,944 [INFO] Cancelling tasks.
2026-05-07 06:00:22,944 [INFO] Exiting Kaleido/Choreo
2026-05-07 06:00:22,945 [INFO]   → PNG: /Users/bilalmac2/git_repo/warn/docs/charts/4_top_companies.png
2026-05-07 06:00:22,945 [INFO]   → HTML div: /Users/bilalmac2/git_repo/warn/docs/charts/4_top_companies.html
2026-05-07 06:00:22,946 [INFO] Chart 5: County heatmap …
2026-05-07 06:00:23,001 [INFO] Chromium init'ed with kwargs {}
2026-05-07 06:00:23,002 [INFO] Found chromium path: /Applications/Google Chrome.app/Contents/MacOS/Google Chrome
2026-05-07 06:00:23,002 [INFO] Temp directory created: /var/folders/2l/_mqykd2n143bpj9ts872cs5m0000gn/T/tmppmh54ma7.
2026-05-07 06:00:23,003 [INFO] Opening browser.
2026-05-07 06:00:23,004 [INFO] Temp directory created: /var/folders/2l/_mqykd2n143bpj9ts872cs5m0000gn/T/tmpawos0cl4.
2026-05-07 06:00:23,004 [INFO] Temporary directory at: /var/folders/2l/_mqykd2n143bpj9ts872cs5m0000gn/T/tmpawos0cl4
2026-05-07 06:00:24,423 [INFO] Conforming 1 to file:///var/folders/2l/_mqykd2n143bpj9ts872cs5m0000gn/T/tmppmh54ma7/index.html
2026-05-07 06:00:24,431 [INFO] Waiting on all navigates
2026-05-07 06:00:26,135 [INFO] All navigates done, putting them all in queue.
2026-05-07 06:00:26,137 [INFO] Getting tab from queue (has 1)
2026-05-07 06:00:26,137 [INFO] Got 89CC
2026-05-07 06:00:26,137 [INFO] Processing bCounty__Month_Heatmap__Employees_Affectedb.png
2026-05-07 06:00:26,137 [INFO] Sending big command for bCounty__Month_Heatmap__Employees_Affectedb.png.
2026-05-07 06:00:26,370 [INFO] Sent big command for bCounty__Month_Heatmap__Employees_Affectedb.png.
2026-05-07 06:00:26,373 [INFO] Reloading tab 89CC before return.
2026-05-07 06:00:26,481 [INFO] Putting tab 89CC back (queue size: 0).
2026-05-07 06:00:26,481 [INFO] Waiting for all cleanups to finish.
2026-05-07 06:00:26,481 [INFO] Exiting Kaleido
2026-05-07 06:00:26,481 [INFO] Closing browser.
2026-05-07 06:00:26,485 [INFO] Closing browser.
2026-05-07 06:00:26,486 [INFO] TemporaryDirectory.cleanup() worked.
2026-05-07 06:00:26,486 [INFO] shutil.rmtree worked.
2026-05-07 06:00:26,486 [INFO] Cancelling tasks.
2026-05-07 06:00:26,486 [INFO] Exiting Kaleido/Choreo
2026-05-07 06:00:26,770 [INFO] TemporaryDirectory.cleanup() worked.
2026-05-07 06:00:26,770 [INFO] shutil.rmtree worked.
2026-05-07 06:00:26,770 [INFO] TemporaryDirectory.cleanup() worked.
2026-05-07 06:00:26,770 [INFO] shutil.rmtree worked.
2026-05-07 06:00:26,771 [INFO] Cancelling tasks.
2026-05-07 06:00:26,771 [INFO] Exiting Kaleido/Choreo
2026-05-07 06:00:26,774 [INFO]   → PNG: /Users/bilalmac2/git_repo/warn/docs/charts/5_county_heatmap.png
2026-05-07 06:00:26,774 [INFO]   → HTML div: /Users/bilalmac2/git_repo/warn/docs/charts/5_county_heatmap.html
2026-05-07 06:00:26,775 [INFO] Chart 6: Treemap …
2026-05-07 06:00:26,795 [INFO] TemporaryDirectory.cleanup() worked.
2026-05-07 06:00:26,795 [INFO] shutil.rmtree worked.
2026-05-07 06:00:26,854 [INFO] TemporaryDirectory.cleanup() worked.
2026-05-07 06:00:26,854 [INFO] shutil.rmtree worked.
2026-05-07 06:00:26,942 [INFO] Chromium init'ed with kwargs {}
2026-05-07 06:00:26,943 [INFO] Found chromium path: /Applications/Google Chrome.app/Contents/MacOS/Google Chrome
2026-05-07 06:00:26,944 [INFO] Temp directory created: /var/folders/2l/_mqykd2n143bpj9ts872cs5m0000gn/T/tmpitdv05yn.
2026-05-07 06:00:26,944 [INFO] Opening browser.
2026-05-07 06:00:26,945 [INFO] Temp directory created: /var/folders/2l/_mqykd2n143bpj9ts872cs5m0000gn/T/tmp888nlvxl.
2026-05-07 06:00:26,945 [INFO] Temporary directory at: /var/folders/2l/_mqykd2n143bpj9ts872cs5m0000gn/T/tmp888nlvxl
2026-05-07 06:00:28,329 [INFO] Conforming 1 to file:///var/folders/2l/_mqykd2n143bpj9ts872cs5m0000gn/T/tmpitdv05yn/index.html
2026-05-07 06:00:28,357 [INFO] Waiting on all navigates
2026-05-07 06:00:29,627 [INFO] All navigates done, putting them all in queue.
2026-05-07 06:00:29,628 [INFO] Getting tab from queue (has 1)
2026-05-07 06:00:29,628 [INFO] Got 7F24
2026-05-07 06:00:29,628 [INFO] Processing bLayoff_Treemap__Company_Size_by_Employees_Affectedb.png
2026-05-07 06:00:29,628 [INFO] Sending big command for bLayoff_Treemap__Company_Size_by_Employees_Affectedb.png.
2026-05-07 06:00:30,002 [INFO] Sent big command for bLayoff_Treemap__Company_Size_by_Employees_Affectedb.png.
2026-05-07 06:00:30,008 [INFO] Reloading tab 7F24 before return.
2026-05-07 06:00:30,120 [INFO] Putting tab 7F24 back (queue size: 0).
2026-05-07 06:00:30,120 [INFO] Waiting for all cleanups to finish.
2026-05-07 06:00:30,120 [INFO] Exiting Kaleido
2026-05-07 06:00:30,120 [INFO] Closing browser.
2026-05-07 06:00:30,124 [INFO] Closing browser.
2026-05-07 06:00:30,127 [INFO] TemporaryDirectory.cleanup() worked.
2026-05-07 06:00:30,127 [INFO] shutil.rmtree worked.
2026-05-07 06:00:30,127 [INFO] Cancelling tasks.
2026-05-07 06:00:30,127 [INFO] Exiting Kaleido/Choreo
2026-05-07 06:00:30,349 [INFO] TemporaryDirectory.cleanup() worked.
2026-05-07 06:00:30,349 [INFO] shutil.rmtree worked.
2026-05-07 06:00:30,349 [INFO] TemporaryDirectory.cleanup() worked.
2026-05-07 06:00:30,350 [INFO] shutil.rmtree worked.
2026-05-07 06:00:30,350 [INFO] Cancelling tasks.
2026-05-07 06:00:30,350 [INFO] Exiting Kaleido/Choreo
2026-05-07 06:00:30,353 [INFO]   → PNG: /Users/bilalmac2/git_repo/warn/docs/charts/6_treemap.png
2026-05-07 06:00:30,353 [INFO]   → HTML div: /Users/bilalmac2/git_repo/warn/docs/charts/6_treemap.html
2026-05-07 06:00:30,354 [INFO] Chart 7: Year-over-year bar …
2026-05-07 06:00:30,389 [INFO] TemporaryDirectory.cleanup() worked.
2026-05-07 06:00:30,389 [INFO] shutil.rmtree worked.
2026-05-07 06:00:30,408 [INFO] Chromium init'ed with kwargs {}
2026-05-07 06:00:30,409 [INFO] Found chromium path: /Applications/Google Chrome.app/Contents/MacOS/Google Chrome
2026-05-07 06:00:30,409 [INFO] Temp directory created: /var/folders/2l/_mqykd2n143bpj9ts872cs5m0000gn/T/tmpwtlw_v7p.
2026-05-07 06:00:30,410 [INFO] Opening browser.
2026-05-07 06:00:30,410 [INFO] Temp directory created: /var/folders/2l/_mqykd2n143bpj9ts872cs5m0000gn/T/tmp3mc28iof.
2026-05-07 06:00:30,410 [INFO] Temporary directory at: /var/folders/2l/_mqykd2n143bpj9ts872cs5m0000gn/T/tmp3mc28iof
2026-05-07 06:00:31,802 [INFO] Conforming 1 to file:///var/folders/2l/_mqykd2n143bpj9ts872cs5m0000gn/T/tmpwtlw_v7p/index.html
2026-05-07 06:00:31,827 [INFO] Waiting on all navigates
2026-05-07 06:00:33,150 [INFO] All navigates done, putting them all in queue.
2026-05-07 06:00:33,152 [INFO] Getting tab from queue (has 1)
2026-05-07 06:00:33,152 [INFO] Got B020
2026-05-07 06:00:33,153 [INFO] Processing bYear_over_Year__Employees_Affected__Notice_Count_2014Presentb.png
2026-05-07 06:00:33,153 [INFO] Sending big command for bYear_over_Year__Employees_Affected__Notice_Count_2014Presentb.png.
2026-05-07 06:00:33,372 [INFO] Sent big command for bYear_over_Year__Employees_Affected__Notice_Count_2014Presentb.png.
2026-05-07 06:00:33,374 [INFO] Reloading tab B020 before return.
2026-05-07 06:00:33,483 [INFO] Putting tab B020 back (queue size: 0).
2026-05-07 06:00:33,483 [INFO] Waiting for all cleanups to finish.
2026-05-07 06:00:33,483 [INFO] Exiting Kaleido
2026-05-07 06:00:33,483 [INFO] Closing browser.
2026-05-07 06:00:33,486 [INFO] Closing browser.
2026-05-07 06:00:33,487 [INFO] TemporaryDirectory.cleanup() worked.
2026-05-07 06:00:33,487 [INFO] shutil.rmtree worked.
2026-05-07 06:00:33,487 [INFO] Cancelling tasks.
2026-05-07 06:00:33,487 [INFO] Exiting Kaleido/Choreo
2026-05-07 06:00:33,750 [INFO] TemporaryDirectory.cleanup() worked.
2026-05-07 06:00:33,750 [INFO] shutil.rmtree worked.
2026-05-07 06:00:33,750 [INFO] TemporaryDirectory.cleanup() worked.
2026-05-07 06:00:33,751 [INFO] shutil.rmtree worked.
2026-05-07 06:00:33,751 [INFO] Cancelling tasks.
2026-05-07 06:00:33,751 [INFO] Exiting Kaleido/Choreo
2026-05-07 06:00:33,753 [INFO]   → PNG: /Users/bilalmac2/git_repo/warn/docs/charts/7_yoy_bar.png
2026-05-07 06:00:33,753 [INFO]   → HTML div: /Users/bilalmac2/git_repo/warn/docs/charts/7_yoy_bar.html
2026-05-07 06:00:33,753 [INFO] Chart 8: Multi-year trend …
/Users/bilalmac2/git_repo/warn/warn_charts.py:593: UserWarning: Could not infer format, so each element will be parsed individually, falling back to `dateutil`. To ensure parsing is consistent and as-expected, please specify a format.
  df_all["effective_date"] = pd.to_datetime(df_all["effective_date"], errors="coerce")
2026-05-07 06:00:33,845 [INFO] Chromium init'ed with kwargs {}
2026-05-07 06:00:33,845 [INFO] Found chromium path: /Applications/Google Chrome.app/Contents/MacOS/Google Chrome
2026-05-07 06:00:33,846 [INFO] Temp directory created: /var/folders/2l/_mqykd2n143bpj9ts872cs5m0000gn/T/tmpthlmr34i.
2026-05-07 06:00:33,846 [INFO] Opening browser.
2026-05-07 06:00:33,847 [INFO] Temp directory created: /var/folders/2l/_mqykd2n143bpj9ts872cs5m0000gn/T/tmpv18u6ztu.
2026-05-07 06:00:33,847 [INFO] Temporary directory at: /var/folders/2l/_mqykd2n143bpj9ts872cs5m0000gn/T/tmpv18u6ztu
2026-05-07 06:00:35,252 [INFO] Conforming 1 to file:///var/folders/2l/_mqykd2n143bpj9ts872cs5m0000gn/T/tmpthlmr34i/index.html
2026-05-07 06:00:35,269 [INFO] Waiting on all navigates
2026-05-07 06:00:36,561 [INFO] All navigates done, putting them all in queue.
2026-05-07 06:00:36,563 [INFO] Getting tab from queue (has 1)
2026-05-07 06:00:36,563 [INFO] Got BA6B
2026-05-07 06:00:36,563 [INFO] Processing bMulti_Year_Monthly_Comparison__Employees_Affected_by_Monthb.png
2026-05-07 06:00:36,563 [INFO] Sending big command for bMulti_Year_Monthly_Comparison__Employees_Affected_by_Monthb.png.
2026-05-07 06:00:36,765 [INFO] Sent big command for bMulti_Year_Monthly_Comparison__Employees_Affected_by_Monthb.png.
2026-05-07 06:00:36,769 [INFO] Reloading tab BA6B before return.
2026-05-07 06:00:36,878 [INFO] Putting tab BA6B back (queue size: 0).
2026-05-07 06:00:36,878 [INFO] Waiting for all cleanups to finish.
2026-05-07 06:00:36,878 [INFO] Exiting Kaleido
2026-05-07 06:00:36,878 [INFO] Closing browser.
2026-05-07 06:00:36,880 [INFO] Closing browser.
2026-05-07 06:00:36,881 [INFO] TemporaryDirectory.cleanup() worked.
2026-05-07 06:00:36,882 [INFO] shutil.rmtree worked.
2026-05-07 06:00:36,882 [INFO] Cancelling tasks.
2026-05-07 06:00:36,882 [INFO] Exiting Kaleido/Choreo
2026-05-07 06:00:37,101 [INFO] TemporaryDirectory.cleanup() worked.
2026-05-07 06:00:37,102 [INFO] shutil.rmtree worked.
2026-05-07 06:00:37,102 [INFO] TemporaryDirectory.cleanup() worked.
2026-05-07 06:00:37,102 [INFO] shutil.rmtree worked.
2026-05-07 06:00:37,102 [INFO] Cancelling tasks.
2026-05-07 06:00:37,102 [INFO] Exiting Kaleido/Choreo
2026-05-07 06:00:37,104 [INFO]   → PNG: /Users/bilalmac2/git_repo/warn/docs/charts/8_multiyear_trend.png
2026-05-07 06:00:37,104 [INFO]   → HTML div: /Users/bilalmac2/git_repo/warn/docs/charts/8_multiyear_trend.html
2026-05-07 06:00:37,104 [INFO] Chart 9: Industry breakdown …
2026-05-07 06:00:37,148 [INFO] TemporaryDirectory.cleanup() worked.
2026-05-07 06:00:37,148 [INFO] shutil.rmtree worked.
2026-05-07 06:00:37,149 [INFO] TemporaryDirectory.cleanup() worked.
2026-05-07 06:00:37,149 [INFO] shutil.rmtree worked.
2026-05-07 06:00:37,155 [INFO] Chromium init'ed with kwargs {}
2026-05-07 06:00:37,156 [INFO] Found chromium path: /Applications/Google Chrome.app/Contents/MacOS/Google Chrome
2026-05-07 06:00:37,156 [INFO] Temp directory created: /var/folders/2l/_mqykd2n143bpj9ts872cs5m0000gn/T/tmppwh2ku6f.
2026-05-07 06:00:37,157 [INFO] Opening browser.
2026-05-07 06:00:37,158 [INFO] Temp directory created: /var/folders/2l/_mqykd2n143bpj9ts872cs5m0000gn/T/tmpqx6lv4ci.
2026-05-07 06:00:37,158 [INFO] Temporary directory at: /var/folders/2l/_mqykd2n143bpj9ts872cs5m0000gn/T/tmpqx6lv4ci
2026-05-07 06:00:38,550 [INFO] Conforming 1 to file:///var/folders/2l/_mqykd2n143bpj9ts872cs5m0000gn/T/tmppwh2ku6f/index.html
2026-05-07 06:00:38,565 [INFO] Waiting on all navigates
2026-05-07 06:00:39,880 [INFO] All navigates done, putting them all in queue.
2026-05-07 06:00:39,881 [INFO] Getting tab from queue (has 1)
2026-05-07 06:00:39,881 [INFO] Got 6ABA
2026-05-07 06:00:39,882 [INFO] Processing bEmployees_Affected_by_Industry_Sectorb.png
2026-05-07 06:00:39,882 [INFO] Sending big command for bEmployees_Affected_by_Industry_Sectorb.png.
2026-05-07 06:00:40,057 [INFO] Sent big command for bEmployees_Affected_by_Industry_Sectorb.png.
2026-05-07 06:00:40,062 [INFO] Reloading tab 6ABA before return.
2026-05-07 06:00:40,176 [INFO] Putting tab 6ABA back (queue size: 0).
2026-05-07 06:00:40,177 [INFO] Waiting for all cleanups to finish.
2026-05-07 06:00:40,177 [INFO] Exiting Kaleido
2026-05-07 06:00:40,177 [INFO] Closing browser.
2026-05-07 06:00:40,178 [INFO] Closing browser.
2026-05-07 06:00:40,179 [INFO] TemporaryDirectory.cleanup() worked.
2026-05-07 06:00:40,180 [INFO] shutil.rmtree worked.
2026-05-07 06:00:40,180 [INFO] Cancelling tasks.
2026-05-07 06:00:40,180 [INFO] Exiting Kaleido/Choreo
2026-05-07 06:00:40,391 [INFO] TemporaryDirectory.cleanup() worked.
2026-05-07 06:00:40,391 [INFO] shutil.rmtree worked.
2026-05-07 06:00:40,391 [INFO] TemporaryDirectory.cleanup() worked.
2026-05-07 06:00:40,391 [INFO] shutil.rmtree worked.
2026-05-07 06:00:40,392 [INFO] Cancelling tasks.
2026-05-07 06:00:40,392 [INFO] Exiting Kaleido/Choreo
2026-05-07 06:00:40,393 [INFO]   → PNG: /Users/bilalmac2/git_repo/warn/docs/charts/9_industry_breakdown.png
2026-05-07 06:00:40,393 [INFO]   → HTML div: /Users/bilalmac2/git_repo/warn/docs/charts/9_industry_breakdown.html
2026-05-07 06:00:40,393 [INFO] Chart 10: Lead time histogram …
2026-05-07 06:00:40,456 [INFO] Chromium init'ed with kwargs {}
2026-05-07 06:00:40,457 [INFO] Found chromium path: /Applications/Google Chrome.app/Contents/MacOS/Google Chrome
2026-05-07 06:00:40,458 [INFO] Temp directory created: /var/folders/2l/_mqykd2n143bpj9ts872cs5m0000gn/T/tmpqs26b7tk.
2026-05-07 06:00:40,458 [INFO] Opening browser.
2026-05-07 06:00:40,459 [INFO] Temp directory created: /var/folders/2l/_mqykd2n143bpj9ts872cs5m0000gn/T/tmplexd_oke.
2026-05-07 06:00:40,459 [INFO] Temporary directory at: /var/folders/2l/_mqykd2n143bpj9ts872cs5m0000gn/T/tmplexd_oke
2026-05-07 06:00:41,852 [INFO] Conforming 1 to file:///var/folders/2l/_mqykd2n143bpj9ts872cs5m0000gn/T/tmpqs26b7tk/index.html
2026-05-07 06:00:41,866 [INFO] Waiting on all navigates
2026-05-07 06:00:43,161 [INFO] All navigates done, putting them all in queue.
2026-05-07 06:00:43,163 [INFO] Getting tab from queue (has 1)
2026-05-07 06:00:43,163 [INFO] Got 2655
2026-05-07 06:00:43,164 [INFO] Processing bNotice_Lead_Time_Distribution__74_Filed_60_Days_in_Advanceb.png
2026-05-07 06:00:43,164 [INFO] Sending big command for bNotice_Lead_Time_Distribution__74_Filed_60_Days_in_Advanceb.png.
2026-05-07 06:00:43,303 [INFO] Sent big command for bNotice_Lead_Time_Distribution__74_Filed_60_Days_in_Advanceb.png.
2026-05-07 06:00:43,305 [INFO] Reloading tab 2655 before return.
2026-05-07 06:00:43,418 [INFO] Putting tab 2655 back (queue size: 0).
2026-05-07 06:00:43,419 [INFO] Waiting for all cleanups to finish.
2026-05-07 06:00:43,419 [INFO] Exiting Kaleido
2026-05-07 06:00:43,419 [INFO] Closing browser.
2026-05-07 06:00:43,420 [INFO] Closing browser.
2026-05-07 06:00:43,421 [INFO] TemporaryDirectory.cleanup() worked.
2026-05-07 06:00:43,422 [INFO] shutil.rmtree worked.
2026-05-07 06:00:43,422 [INFO] Cancelling tasks.
2026-05-07 06:00:43,422 [INFO] Exiting Kaleido/Choreo
2026-05-07 06:00:43,724 [INFO] TemporaryDirectory.cleanup() worked.
2026-05-07 06:00:43,724 [INFO] shutil.rmtree worked.
2026-05-07 06:00:43,724 [INFO] TemporaryDirectory.cleanup() worked.
2026-05-07 06:00:43,724 [INFO] shutil.rmtree worked.
2026-05-07 06:00:43,725 [INFO] Cancelling tasks.
2026-05-07 06:00:43,725 [INFO] Exiting Kaleido/Choreo
2026-05-07 06:00:43,726 [INFO]   → PNG: /Users/bilalmac2/git_repo/warn/docs/charts/10_lead_time.png
2026-05-07 06:00:43,726 [INFO]   → HTML div: /Users/bilalmac2/git_repo/warn/docs/charts/10_lead_time.html
2026-05-07 06:00:43,727 [INFO] Chart 11: County bar …
2026-05-07 06:00:43,777 [INFO] Chromium init'ed with kwargs {}
2026-05-07 06:00:43,777 [INFO] Found chromium path: /Applications/Google Chrome.app/Contents/MacOS/Google Chrome
2026-05-07 06:00:43,778 [INFO] Temp directory created: /var/folders/2l/_mqykd2n143bpj9ts872cs5m0000gn/T/tmp1xgatgbr.
2026-05-07 06:00:43,778 [INFO] Opening browser.
2026-05-07 06:00:43,779 [INFO] Temp directory created: /var/folders/2l/_mqykd2n143bpj9ts872cs5m0000gn/T/tmpz8jqagmx.
2026-05-07 06:00:43,779 [INFO] Temporary directory at: /var/folders/2l/_mqykd2n143bpj9ts872cs5m0000gn/T/tmpz8jqagmx
2026-05-07 06:00:45,042 [INFO] Conforming 1 to file:///var/folders/2l/_mqykd2n143bpj9ts872cs5m0000gn/T/tmp1xgatgbr/index.html
2026-05-07 06:00:45,070 [INFO] Waiting on all navigates
2026-05-07 06:00:46,350 [INFO] All navigates done, putting them all in queue.
2026-05-07 06:00:46,352 [INFO] Getting tab from queue (has 1)
2026-05-07 06:00:46,352 [INFO] Got FD1E
2026-05-07 06:00:46,352 [INFO] Processing bTop_10_Counties_by_Employees_Affectedb.png
2026-05-07 06:00:46,353 [INFO] Sending big command for bTop_10_Counties_by_Employees_Affectedb.png.
2026-05-07 06:00:46,507 [INFO] Sent big command for bTop_10_Counties_by_Employees_Affectedb.png.
2026-05-07 06:00:46,510 [INFO] Reloading tab FD1E before return.
2026-05-07 06:00:46,622 [INFO] Putting tab FD1E back (queue size: 0).
2026-05-07 06:00:46,622 [INFO] Waiting for all cleanups to finish.
2026-05-07 06:00:46,623 [INFO] Exiting Kaleido
2026-05-07 06:00:46,623 [INFO] Closing browser.
2026-05-07 06:00:46,626 [INFO] Closing browser.
2026-05-07 06:00:46,627 [INFO] TemporaryDirectory.cleanup() worked.
2026-05-07 06:00:46,627 [INFO] shutil.rmtree worked.
2026-05-07 06:00:46,627 [INFO] Cancelling tasks.
2026-05-07 06:00:46,627 [INFO] Exiting Kaleido/Choreo
2026-05-07 06:00:46,890 [INFO] TemporaryDirectory.cleanup() worked.
2026-05-07 06:00:46,890 [INFO] shutil.rmtree worked.
2026-05-07 06:00:46,891 [INFO] TemporaryDirectory.cleanup() worked.
2026-05-07 06:00:46,891 [INFO] shutil.rmtree worked.
2026-05-07 06:00:46,891 [INFO] Cancelling tasks.
2026-05-07 06:00:46,891 [INFO] Exiting Kaleido/Choreo
2026-05-07 06:00:46,892 [INFO]   → PNG: /Users/bilalmac2/git_repo/warn/docs/charts/11_county_bar.png
2026-05-07 06:00:46,892 [INFO]   → HTML div: /Users/bilalmac2/git_repo/warn/docs/charts/11_county_bar.html
2026-05-07 06:00:46,893 [INFO] Charts complete.
2026-05-07 06:00:46,896 [INFO] Step 5/5: Building site …
2026-05-07 06:00:46,896 [INFO] Building index.html …
2026-05-07 06:00:46,939 [INFO] TemporaryDirectory.cleanup() worked.
2026-05-07 06:00:46,939 [INFO] shutil.rmtree worked.
2026-05-07 06:00:46,939 [INFO] TemporaryDirectory.cleanup() worked.
2026-05-07 06:00:46,939 [INFO] shutil.rmtree worked.
2026-05-07 06:00:46,939 [INFO] TemporaryDirectory.cleanup() worked.
2026-05-07 06:00:46,939 [INFO] shutil.rmtree worked.
2026-05-07 06:00:46,964 [INFO] Site built → /Users/bilalmac2/git_repo/warn/docs/index.html
2026-05-07 06:00:46,965 [INFO] Sending alert email to bilalahamad0@gmail.com …
2026-05-07 06:00:47,714 [ERROR] Gmail authentication failed. Make sure you're using an App Password, not your regular Gmail password. See: https://myaccount.google.com/apppasswords
2026-05-07 06:00:47,714 [INFO] Git push …
2026-05-07 06:00:47,714 [INFO] Staging changes …
